ply
format ascii 1.0
comment : MagicaVoxel @ Ephtracy
element vertex 8256
property float x
property float y
property float z
property uchar red
property uchar green
property uchar blue
element face 6192
property list uchar int vertex_index
end_header
-1.895 -0.195 0.005 100 73 32
-1.805 -0.195 0.005 100 73 32
-1.895 -0.105 0.005 100 73 32
-1.805 -0.105 0.005 100 73 32
-1.895 -0.195 0.095 100 73 32
-1.805 -0.195 0.095 100 73 32
-1.895 -0.105 0.095 100 73 32
-1.805 -0.105 0.095 100 73 32
-1.795 -0.195 0.005 100 73 32
-1.705 -0.195 0.005 100 73 32
-1.795 -0.105 0.005 100 73 32
-1.705 -0.105 0.005 100 73 32
-1.795 -0.195 0.095 100 73 32
-1.705 -0.195 0.095 100 73 32
-1.795 -0.105 0.095 100 73 32
-1.705 -0.105 0.095 100 73 32
-1.695 -0.195 0.005 100 73 32
-1.605 -0.195 0.005 100 73 32
-1.695 -0.105 0.005 100 73 32
-1.605 -0.105 0.005 100 73 32
-1.695 -0.195 0.095 100 73 32
-1.605 -0.195 0.095 100 73 32
-1.695 -0.105 0.095 100 73 32
-1.605 -0.105 0.095 100 73 32
-1.595 -0.195 0.005 100 73 32
-1.505 -0.195 0.005 100 73 32
-1.595 -0.105 0.005 100 73 32
-1.505 -0.105 0.005 100 73 32
-1.595 -0.195 0.095 100 73 32
-1.505 -0.195 0.095 100 73 32
-1.595 -0.105 0.095 100 73 32
-1.505 -0.105 0.095 100 73 32
-1.895 -0.095 0.005 100 73 32
-1.805 -0.095 0.005 100 73 32
-1.895 -0.00500003 0.005 100 73 32
-1.805 -0.00500003 0.005 100 73 32
-1.895 -0.095 0.095 100 73 32
-1.805 -0.095 0.095 100 73 32
-1.895 -0.00500003 0.095 100 73 32
-1.805 -0.00500003 0.095 100 73 32
-1.795 -0.095 0.005 100 73 32
-1.705 -0.095 0.005 100 73 32
-1.795 -0.00500003 0.005 100 73 32
-1.705 -0.00500003 0.005 100 73 32
-1.795 -0.095 0.095 100 73 32
-1.705 -0.095 0.095 100 73 32
-1.795 -0.00500003 0.095 100 73 32
-1.705 -0.00500003 0.095 100 73 32
-1.695 -0.095 0.005 100 73 32
-1.605 -0.095 0.005 100 73 32
-1.695 -0.00500003 0.005 100 73 32
-1.605 -0.00500003 0.005 100 73 32
-1.695 -0.095 0.095 100 73 32
-1.605 -0.095 0.095 100 73 32
-1.695 -0.00500003 0.095 100 73 32
-1.605 -0.00500003 0.095 100 73 32
-1.595 -0.095 0.005 100 73 32
-1.505 -0.095 0.005 100 73 32
-1.595 -0.00500003 0.005 100 73 32
-1.505 -0.00500003 0.005 100 73 32
-1.595 -0.095 0.095 100 73 32
-1.505 -0.095 0.095 100 73 32
-1.595 -0.00500003 0.095 100 73 32
-1.505 -0.00500003 0.095 100 73 32
-1.895 0.00500005 0.005 100 73 32
-1.805 0.00500005 0.005 100 73 32
-1.895 0.095 0.005 100 73 32
-1.805 0.095 0.005 100 73 32
-1.895 0.00500005 0.095 100 73 32
-1.805 0.00500005 0.095 100 73 32
-1.895 0.095 0.095 100 73 32
-1.805 0.095 0.095 100 73 32
-1.795 0.00500005 0.005 100 73 32
-1.705 0.00500005 0.005 100 73 32
-1.795 0.095 0.005 100 73 32
-1.705 0.095 0.005 100 73 32
-1.795 0.00500005 0.095 100 73 32
-1.705 0.00500005 0.095 100 73 32
-1.795 0.095 0.095 100 73 32
-1.705 0.095 0.095 100 73 32
-1.695 0.00500005 0.005 100 73 32
-1.605 0.00500005 0.005 100 73 32
-1.695 0.095 0.005 100 73 32
-1.605 0.095 0.005 100 73 32
-1.695 0.00500005 0.095 100 73 32
-1.605 0.00500005 0.095 100 73 32
-1.695 0.095 0.095 100 73 32
-1.605 0.095 0.095 100 73 32
-1.595 0.00500005 0.005 100 73 32
-1.505 0.00500005 0.005 100 73 32
-1.595 0.095 0.005 100 73 32
-1.505 0.095 0.005 100 73 32
-1.595 0.00500005 0.095 100 73 32
-1.505 0.00500005 0.095 100 73 32
-1.595 0.095 0.095 100 73 32
-1.505 0.095 0.095 100 73 32
-1.895 0.105 0.005 100 73 32
-1.805 0.105 0.005 100 73 32
-1.895 0.195 0.005 100 73 32
-1.805 0.195 0.005 100 73 32
-1.895 0.105 0.095 100 73 32
-1.805 0.105 0.095 100 73 32
-1.895 0.195 0.095 100 73 32
-1.805 0.195 0.095 100 73 32
-1.795 0.105 0.005 100 73 32
-1.705 0.105 0.005 100 73 32
-1.795 0.195 0.005 100 73 32
-1.705 0.195 0.005 100 73 32
-1.795 0.105 0.095 100 73 32
-1.705 0.105 0.095 100 73 32
-1.795 0.195 0.095 100 73 32
-1.705 0.195 0.095 100 73 32
-1.695 0.105 0.005 100 73 32
-1.605 0.105 0.005 100 73 32
-1.695 0.195 0.005 100 73 32
-1.605 0.195 0.005 100 73 32
-1.695 0.105 0.095 100 73 32
-1.605 0.105 0.095 100 73 32
-1.695 0.195 0.095 100 73 32
-1.605 0.195 0.095 100 73 32
-1.595 0.105 0.005 100 73 32
-1.505 0.105 0.005 100 73 32
-1.595 0.195 0.005 100 73 32
-1.505 0.195 0.005 100 73 32
-1.595 0.105 0.095 100 73 32
-1.505 0.105 0.095 100 73 32
-1.595 0.195 0.095 100 73 32
-1.505 0.195 0.095 100 73 32
-1.895 -0.195 0.105 100 73 32
-1.805 -0.195 0.105 100 73 32
-1.895 -0.105 0.105 100 73 32
-1.805 -0.105 0.105 100 73 32
-1.895 -0.195 0.195 100 73 32
-1.805 -0.195 0.195 100 73 32
-1.895 -0.105 0.195 100 73 32
-1.805 -0.105 0.195 100 73 32
-1.795 -0.195 0.105 100 73 32
-1.705 -0.195 0.105 100 73 32
-1.795 -0.105 0.105 100 73 32
-1.705 -0.105 0.105 100 73 32
-1.795 -0.195 0.195 100 73 32
-1.705 -0.195 0.195 100 73 32
-1.795 -0.105 0.195 100 73 32
-1.705 -0.105 0.195 100 73 32
-1.695 -0.195 0.105 100 73 32
-1.605 -0.195 0.105 100 73 32
-1.695 -0.105 0.105 100 73 32
-1.605 -0.105 0.105 100 73 32
-1.695 -0.195 0.195 100 73 32
-1.605 -0.195 0.195 100 73 32
-1.695 -0.105 0.195 100 73 32
-1.605 -0.105 0.195 100 73 32
-1.595 -0.195 0.105 100 73 32
-1.505 -0.195 0.105 100 73 32
-1.595 -0.105 0.105 100 73 32
-1.505 -0.105 0.105 100 73 32
-1.595 -0.195 0.195 100 73 32
-1.505 -0.195 0.195 100 73 32
-1.595 -0.105 0.195 100 73 32
-1.505 -0.105 0.195 100 73 32
-1.895 -0.095 0.105 100 73 32
-1.805 -0.095 0.105 100 73 32
-1.895 -0.00500003 0.105 100 73 32
-1.805 -0.00500003 0.105 100 73 32
-1.895 -0.095 0.195 100 73 32
-1.805 -0.095 0.195 100 73 32
-1.895 -0.00500003 0.195 100 73 32
-1.805 -0.00500003 0.195 100 73 32
-1.795 -0.095 0.105 100 73 32
-1.705 -0.095 0.105 100 73 32
-1.795 -0.00500003 0.105 100 73 32
-1.705 -0.00500003 0.105 100 73 32
-1.795 -0.095 0.195 100 73 32
-1.705 -0.095 0.195 100 73 32
-1.795 -0.00500003 0.195 100 73 32
-1.705 -0.00500003 0.195 100 73 32
-1.695 -0.095 0.105 100 73 32
-1.605 -0.095 0.105 100 73 32
-1.695 -0.00500003 0.105 100 73 32
-1.605 -0.00500003 0.105 100 73 32
-1.695 -0.095 0.195 100 73 32
-1.605 -0.095 0.195 100 73 32
-1.695 -0.00500003 0.195 100 73 32
-1.605 -0.00500003 0.195 100 73 32
-1.595 -0.095 0.105 100 73 32
-1.505 -0.095 0.105 100 73 32
-1.595 -0.00500003 0.105 100 73 32
-1.505 -0.00500003 0.105 100 73 32
-1.595 -0.095 0.195 100 73 32
-1.505 -0.095 0.195 100 73 32
-1.595 -0.00500003 0.195 100 73 32
-1.505 -0.00500003 0.195 100 73 32
-1.895 0.00500005 0.105 100 73 32
-1.805 0.00500005 0.105 100 73 32
-1.895 0.095 0.105 100 73 32
-1.805 0.095 0.105 100 73 32
-1.895 0.00500005 0.195 100 73 32
-1.805 0.00500005 0.195 100 73 32
-1.895 0.095 0.195 100 73 32
-1.805 0.095 0.195 100 73 32
-1.795 0.00500005 0.105 100 73 32
-1.705 0.00500005 0.105 100 73 32
-1.795 0.095 0.105 100 73 32
-1.705 0.095 0.105 100 73 32
-1.795 0.00500005 0.195 100 73 32
-1.705 0.00500005 0.195 100 73 32
-1.795 0.095 0.195 100 73 32
-1.705 0.095 0.195 100 73 32
-1.695 0.00500005 0.105 100 73 32
-1.605 0.00500005 0.105 100 73 32
-1.695 0.095 0.105 100 73 32
-1.605 0.095 0.105 100 73 32
-1.695 0.00500005 0.195 100 73 32
-1.605 0.00500005 0.195 100 73 32
-1.695 0.095 0.195 100 73 32
-1.605 0.095 0.195 100 73 32
-1.595 0.00500005 0.105 100 73 32
-1.505 0.00500005 0.105 100 73 32
-1.595 0.095 0.105 100 73 32
-1.505 0.095 0.105 100 73 32
-1.595 0.00500005 0.195 100 73 32
-1.505 0.00500005 0.195 100 73 32
-1.595 0.095 0.195 100 73 32
-1.505 0.095 0.195 100 73 32
-1.895 0.105 0.105 100 73 32
-1.805 0.105 0.105 100 73 32
-1.895 0.195 0.105 100 73 32
-1.805 0.195 0.105 100 73 32
-1.895 0.105 0.195 100 73 32
-1.805 0.105 0.195 100 73 32
-1.895 0.195 0.195 100 73 32
-1.805 0.195 0.195 100 73 32
-1.795 0.105 0.105 100 73 32
-1.705 0.105 0.105 100 73 32
-1.795 0.195 0.105 100 73 32
-1.705 0.195 0.105 100 73 32
-1.795 0.105 0.195 100 73 32
-1.705 0.105 0.195 100 73 32
-1.795 0.195 0.195 100 73 32
-1.705 0.195 0.195 100 73 32
-1.695 0.105 0.105 100 73 32
-1.605 0.105 0.105 100 73 32
-1.695 0.195 0.105 100 73 32
-1.605 0.195 0.105 100 73 32
-1.695 0.105 0.195 100 73 32
-1.605 0.105 0.195 100 73 32
-1.695 0.195 0.195 100 73 32
-1.605 0.195 0.195 100 73 32
-1.595 0.105 0.105 100 73 32
-1.505 0.105 0.105 100 73 32
-1.595 0.195 0.105 100 73 32
-1.505 0.195 0.105 100 73 32
-1.595 0.105 0.195 100 73 32
-1.505 0.105 0.195 100 73 32
-1.595 0.195 0.195 100 73 32
-1.505 0.195 0.195 100 73 32
-2.195 -0.495 0.205 42 130 67
-2.105 -0.495 0.205 42 130 67
-2.195 -0.405 0.205 42 130 67
-2.105 -0.405 0.205 42 130 67
-2.195 -0.495 0.295 42 130 67
-2.105 -0.495 0.295 42 130 67
-2.195 -0.405 0.295 42 130 67
-2.105 -0.405 0.295 42 130 67
-2.095 -0.495 0.205 42 130 67
-2.005 -0.495 0.205 42 130 67
-2.095 -0.405 0.205 42 130 67
-2.005 -0.405 0.205 42 130 67
-2.095 -0.495 0.295 42 130 67
-2.005 -0.495 0.295 42 130 67
-2.095 -0.405 0.295 42 130 67
-2.005 -0.405 0.295 42 130 67
-1.995 -0.495 0.205 42 130 67
-1.905 -0.495 0.205 42 130 67
-1.995 -0.405 0.205 42 130 67
-1.905 -0.405 0.205 42 130 67
-1.995 -0.495 0.295 42 130 67
-1.905 -0.495 0.295 42 130 67
-1.995 -0.405 0.295 42 130 67
-1.905 -0.405 0.295 42 130 67
-1.895 -0.495 0.205 42 130 67
-1.805 -0.495 0.205 42 130 67
-1.895 -0.405 0.205 42 130 67
-1.805 -0.405 0.205 42 130 67
-1.895 -0.495 0.295 42 130 67
-1.805 -0.495 0.295 42 130 67
-1.895 -0.405 0.295 42 130 67
-1.805 -0.405 0.295 42 130 67
-1.795 -0.495 0.205 42 130 67
-1.705 -0.495 0.205 42 130 67
-1.795 -0.405 0.205 42 130 67
-1.705 -0.405 0.205 42 130 67
-1.795 -0.495 0.295 42 130 67
-1.705 -0.495 0.295 42 130 67
-1.795 -0.405 0.295 42 130 67
-1.705 -0.405 0.295 42 130 67
-1.695 -0.495 0.205 42 130 67
-1.605 -0.495 0.205 42 130 67
-1.695 -0.405 0.205 42 130 67
-1.605 -0.405 0.205 42 130 67
-1.695 -0.495 0.295 42 130 67
-1.605 -0.495 0.295 42 130 67
-1.695 -0.405 0.295 42 130 67
-1.605 -0.405 0.295 42 130 67
-1.595 -0.495 0.205 42 130 67
-1.505 -0.495 0.205 42 130 67
-1.595 -0.405 0.205 42 130 67
-1.505 -0.405 0.205 42 130 67
-1.595 -0.495 0.295 42 130 67
-1.505 -0.495 0.295 42 130 67
-1.595 -0.405 0.295 42 130 67
-1.505 -0.405 0.295 42 130 67
-1.495 -0.495 0.205 42 130 67
-1.405 -0.495 0.205 42 130 67
-1.495 -0.405 0.205 42 130 67
-1.405 -0.405 0.205 42 130 67
-1.495 -0.495 0.295 42 130 67
-1.405 -0.495 0.295 42 130 67
-1.495 -0.405 0.295 42 130 67
-1.405 -0.405 0.295 42 130 67
-1.395 -0.495 0.205 42 130 67
-1.305 -0.495 0.205 42 130 67
-1.395 -0.405 0.205 42 130 67
-1.305 -0.405 0.205 42 130 67
-1.395 -0.495 0.295 42 130 67
-1.305 -0.495 0.295 42 130 67
-1.395 -0.405 0.295 42 130 67
-1.305 -0.405 0.295 42 130 67
-1.295 -0.495 0.205 42 130 67
-1.205 -0.495 0.205 42 130 67
-1.295 -0.405 0.205 42 130 67
-1.205 -0.405 0.205 42 130 67
-1.295 -0.495 0.295 42 130 67
-1.205 -0.495 0.295 42 130 67
-1.295 -0.405 0.295 42 130 67
-1.205 -0.405 0.295 42 130 67
-2.195 -0.395 0.205 42 130 67
-2.105 -0.395 0.205 42 130 67
-2.195 -0.305 0.205 42 130 67
-2.105 -0.305 0.205 42 130 67
-2.195 -0.395 0.295 42 130 67
-2.105 -0.395 0.295 42 130 67
-2.195 -0.305 0.295 42 130 67
-2.105 -0.305 0.295 42 130 67
-2.095 -0.395 0.205 42 130 67
-2.005 -0.395 0.205 42 130 67
-2.095 -0.305 0.205 42 130 67
-2.005 -0.305 0.205 42 130 67
-2.095 -0.395 0.295 42 130 67
-2.005 -0.395 0.295 42 130 67
-2.095 -0.305 0.295 42 130 67
-2.005 -0.305 0.295 42 130 67
-1.995 -0.395 0.205 42 130 67
-1.905 -0.395 0.205 42 130 67
-1.995 -0.305 0.205 42 130 67
-1.905 -0.305 0.205 42 130 67
-1.995 -0.395 0.295 42 130 67
-1.905 -0.395 0.295 42 130 67
-1.995 -0.305 0.295 42 130 67
-1.905 -0.305 0.295 42 130 67
-1.895 -0.395 0.205 42 130 67
-1.805 -0.395 0.205 42 130 67
-1.895 -0.305 0.205 42 130 67
-1.805 -0.305 0.205 42 130 67
-1.895 -0.395 0.295 42 130 67
-1.805 -0.395 0.295 42 130 67
-1.895 -0.305 0.295 42 130 67
-1.805 -0.305 0.295 42 130 67
-1.795 -0.395 0.205 42 130 67
-1.705 -0.395 0.205 42 130 67
-1.795 -0.305 0.205 42 130 67
-1.705 -0.305 0.205 42 130 67
-1.795 -0.395 0.295 42 130 67
-1.705 -0.395 0.295 42 130 67
-1.795 -0.305 0.295 42 130 67
-1.705 -0.305 0.295 42 130 67
-1.695 -0.395 0.205 42 130 67
-1.605 -0.395 0.205 42 130 67
-1.695 -0.305 0.205 42 130 67
-1.605 -0.305 0.205 42 130 67
-1.695 -0.395 0.295 42 130 67
-1.605 -0.395 0.295 42 130 67
-1.695 -0.305 0.295 42 130 67
-1.605 -0.305 0.295 42 130 67
-1.595 -0.395 0.205 42 130 67
-1.505 -0.395 0.205 42 130 67
-1.595 -0.305 0.205 42 130 67
-1.505 -0.305 0.205 42 130 67
-1.595 -0.395 0.295 42 130 67
-1.505 -0.395 0.295 42 130 67
-1.595 -0.305 0.295 42 130 67
-1.505 -0.305 0.295 42 130 67
-1.495 -0.395 0.205 42 130 67
-1.405 -0.395 0.205 42 130 67
-1.495 -0.305 0.205 42 130 67
-1.405 -0.305 0.205 42 130 67
-1.495 -0.395 0.295 42 130 67
-1.405 -0.395 0.295 42 130 67
-1.495 -0.305 0.295 42 130 67
-1.405 -0.305 0.295 42 130 67
-1.395 -0.395 0.205 42 130 67
-1.305 -0.395 0.205 42 130 67
-1.395 -0.305 0.205 42 130 67
-1.305 -0.305 0.205 42 130 67
-1.395 -0.395 0.295 42 130 67
-1.305 -0.395 0.295 42 130 67
-1.395 -0.305 0.295 42 130 67
-1.305 -0.305 0.295 42 130 67
-1.295 -0.395 0.205 42 130 67
-1.205 -0.395 0.205 42 130 67
-1.295 -0.305 0.205 42 130 67
-1.205 -0.305 0.205 42 130 67
-1.295 -0.395 0.295 42 130 67
-1.205 -0.395 0.295 42 130 67
-1.295 -0.305 0.295 42 130 67
-1.205 -0.305 0.295 42 130 67
-2.195 -0.295 0.205 42 130 67
-2.105 -0.295 0.205 42 130 67
-2.195 -0.205 0.205 42 130 67
-2.105 -0.205 0.205 42 130 67
-2.195 -0.295 0.295 42 130 67
-2.105 -0.295 0.295 42 130 67
-2.195 -0.205 0.295 42 130 67
-2.105 -0.205 0.295 42 130 67
-2.095 -0.295 0.205 42 130 67
-2.005 -0.295 0.205 42 130 67
-2.095 -0.205 0.205 42 130 67
-2.005 -0.205 0.205 42 130 67
-2.095 -0.295 0.295 42 130 67
-2.005 -0.295 0.295 42 130 67
-2.095 -0.205 0.295 42 130 67
-2.005 -0.205 0.295 42 130 67
-1.995 -0.295 0.205 42 130 67
-1.905 -0.295 0.205 42 130 67
-1.995 -0.205 0.205 42 130 67
-1.905 -0.205 0.205 42 130 67
-1.995 -0.295 0.295 42 130 67
-1.905 -0.295 0.295 42 130 67
-1.995 -0.205 0.295 42 130 67
-1.905 -0.205 0.295 42 130 67
-1.895 -0.295 0.205 42 130 67
-1.805 -0.295 0.205 42 130 67
-1.895 -0.205 0.205 42 130 67
-1.805 -0.205 0.205 42 130 67
-1.895 -0.295 0.295 42 130 67
-1.805 -0.295 0.295 42 130 67
-1.895 -0.205 0.295 42 130 67
-1.805 -0.205 0.295 42 130 67
-1.795 -0.295 0.205 42 130 67
-1.705 -0.295 0.205 42 130 67
-1.795 -0.205 0.205 42 130 67
-1.705 -0.205 0.205 42 130 67
-1.795 -0.295 0.295 42 130 67
-1.705 -0.295 0.295 42 130 67
-1.795 -0.205 0.295 42 130 67
-1.705 -0.205 0.295 42 130 67
-1.695 -0.295 0.205 42 130 67
-1.605 -0.295 0.205 42 130 67
-1.695 -0.205 0.205 42 130 67
-1.605 -0.205 0.205 42 130 67
-1.695 -0.295 0.295 42 130 67
-1.605 -0.295 0.295 42 130 67
-1.695 -0.205 0.295 42 130 67
-1.605 -0.205 0.295 42 130 67
-1.595 -0.295 0.205 42 130 67
-1.505 -0.295 0.205 42 130 67
-1.595 -0.205 0.205 42 130 67
-1.505 -0.205 0.205 42 130 67
-1.595 -0.295 0.295 42 130 67
-1.505 -0.295 0.295 42 130 67
-1.595 -0.205 0.295 42 130 67
-1.505 -0.205 0.295 42 130 67
-1.495 -0.295 0.205 42 130 67
-1.405 -0.295 0.205 42 130 67
-1.495 -0.205 0.205 42 130 67
-1.405 -0.205 0.205 42 130 67
-1.495 -0.295 0.295 42 130 67
-1.405 -0.295 0.295 42 130 67
-1.495 -0.205 0.295 42 130 67
-1.405 -0.205 0.295 42 130 67
-1.395 -0.295 0.205 42 130 67
-1.305 -0.295 0.205 42 130 67
-1.395 -0.205 0.205 42 130 67
-1.305 -0.205 0.205 42 130 67
-1.395 -0.295 0.295 42 130 67
-1.305 -0.295 0.295 42 130 67
-1.395 -0.205 0.295 42 130 67
-1.305 -0.205 0.295 42 130 67
-1.295 -0.295 0.205 42 130 67
-1.205 -0.295 0.205 42 130 67
-1.295 -0.205 0.205 42 130 67
-1.205 -0.205 0.205 42 130 67
-1.295 -0.295 0.295 42 130 67
-1.205 -0.295 0.295 42 130 67
-1.295 -0.205 0.295 42 130 67
-1.205 -0.205 0.295 42 130 67
-2.195 -0.195 0.205 42 130 67
-2.105 -0.195 0.205 42 130 67
-2.195 -0.105 0.205 42 130 67
-2.105 -0.105 0.205 42 130 67
-2.195 -0.195 0.295 42 130 67
-2.105 -0.195 0.295 42 130 67
-2.195 -0.105 0.295 42 130 67
-2.105 -0.105 0.295 42 130 67
-2.095 -0.195 0.205 42 130 67
-2.005 -0.195 0.205 42 130 67
-2.095 -0.105 0.205 42 130 67
-2.005 -0.105 0.205 42 130 67
-2.095 -0.195 0.295 42 130 67
-2.005 -0.195 0.295 42 130 67
-2.095 -0.105 0.295 42 130 67
-2.005 -0.105 0.295 42 130 67
-1.995 -0.195 0.205 42 130 67
-1.905 -0.195 0.205 42 130 67
-1.995 -0.105 0.205 42 130 67
-1.905 -0.105 0.205 42 130 67
-1.995 -0.195 0.295 42 130 67
-1.905 -0.195 0.295 42 130 67
-1.995 -0.105 0.295 42 130 67
-1.905 -0.105 0.295 42 130 67
-1.895 -0.195 0.205 42 130 67
-1.805 -0.195 0.205 42 130 67
-1.895 -0.105 0.205 42 130 67
-1.805 -0.105 0.205 42 130 67
-1.895 -0.195 0.295 42 130 67
-1.805 -0.195 0.295 42 130 67
-1.895 -0.105 0.295 42 130 67
-1.805 -0.105 0.295 42 130 67
-1.795 -0.195 0.205 42 130 67
-1.705 -0.195 0.205 42 130 67
-1.795 -0.105 0.205 42 130 67
-1.705 -0.105 0.205 42 130 67
-1.795 -0.195 0.295 42 130 67
-1.705 -0.195 0.295 42 130 67
-1.795 -0.105 0.295 42 130 67
-1.705 -0.105 0.295 42 130 67
-1.695 -0.195 0.205 42 130 67
-1.605 -0.195 0.205 42 130 67
-1.695 -0.105 0.205 42 130 67
-1.605 -0.105 0.205 42 130 67
-1.695 -0.195 0.295 42 130 67
-1.605 -0.195 0.295 42 130 67
-1.695 -0.105 0.295 42 130 67
-1.605 -0.105 0.295 42 130 67
-1.595 -0.195 0.205 42 130 67
-1.505 -0.195 0.205 42 130 67
-1.595 -0.105 0.205 42 130 67
-1.505 -0.105 0.205 42 130 67
-1.595 -0.195 0.295 42 130 67
-1.505 -0.195 0.295 42 130 67
-1.595 -0.105 0.295 42 130 67
-1.505 -0.105 0.295 42 130 67
-1.495 -0.195 0.205 42 130 67
-1.405 -0.195 0.205 42 130 67
-1.495 -0.105 0.205 42 130 67
-1.405 -0.105 0.205 42 130 67
-1.495 -0.195 0.295 42 130 67
-1.405 -0.195 0.295 42 130 67
-1.495 -0.105 0.295 42 130 67
-1.405 -0.105 0.295 42 130 67
-1.395 -0.195 0.205 42 130 67
-1.305 -0.195 0.205 42 130 67
-1.395 -0.105 0.205 42 130 67
-1.305 -0.105 0.205 42 130 67
-1.395 -0.195 0.295 42 130 67
-1.305 -0.195 0.295 42 130 67
-1.395 -0.105 0.295 42 130 67
-1.305 -0.105 0.295 42 130 67
-1.295 -0.195 0.205 42 130 67
-1.205 -0.195 0.205 42 130 67
-1.295 -0.105 0.205 42 130 67
-1.205 -0.105 0.205 42 130 67
-1.295 -0.195 0.295 42 130 67
-1.205 -0.195 0.295 42 130 67
-1.295 -0.105 0.295 42 130 67
-1.205 -0.105 0.295 42 130 67
-2.195 -0.095 0.205 42 130 67
-2.105 -0.095 0.205 42 130 67
-2.195 -0.00500003 0.205 42 130 67
-2.105 -0.00500003 0.205 42 130 67
-2.195 -0.095 0.295 42 130 67
-2.105 -0.095 0.295 42 130 67
-2.195 -0.00500003 0.295 42 130 67
-2.105 -0.00500003 0.295 42 130 67
-2.095 -0.095 0.205 42 130 67
-2.005 -0.095 0.205 42 130 67
-2.095 -0.00500003 0.205 42 130 67
-2.005 -0.00500003 0.205 42 130 67
-2.095 -0.095 0.295 42 130 67
-2.005 -0.095 0.295 42 130 67
-2.095 -0.00500003 0.295 42 130 67
-2.005 -0.00500003 0.295 42 130 67
-1.995 -0.095 0.205 42 130 67
-1.905 -0.095 0.205 42 130 67
-1.995 -0.00500003 0.205 42 130 67
-1.905 -0.00500003 0.205 42 130 67
-1.995 -0.095 0.295 42 130 67
-1.905 -0.095 0.295 42 130 67
-1.995 -0.00500003 0.295 42 130 67
-1.905 -0.00500003 0.295 42 130 67
-1.895 -0.095 0.205 42 130 67
-1.805 -0.095 0.205 42 130 67
-1.895 -0.00500003 0.205 42 130 67
-1.805 -0.00500003 0.205 42 130 67
-1.895 -0.095 0.295 42 130 67
-1.805 -0.095 0.295 42 130 67
-1.895 -0.00500003 0.295 42 130 67
-1.805 -0.00500003 0.295 42 130 67
-1.795 -0.095 0.205 42 130 67
-1.705 -0.095 0.205 42 130 67
-1.795 -0.00500003 0.205 42 130 67
-1.705 -0.00500003 0.205 42 130 67
-1.795 -0.095 0.295 42 130 67
-1.705 -0.095 0.295 42 130 67
-1.795 -0.00500003 0.295 42 130 67
-1.705 -0.00500003 0.295 42 130 67
-1.695 -0.095 0.205 42 130 67
-1.605 -0.095 0.205 42 130 67
-1.695 -0.00500003 0.205 42 130 67
-1.605 -0.00500003 0.205 42 130 67
-1.695 -0.095 0.295 42 130 67
-1.605 -0.095 0.295 42 130 67
-1.695 -0.00500003 0.295 42 130 67
-1.605 -0.00500003 0.295 42 130 67
-1.595 -0.095 0.205 42 130 67
-1.505 -0.095 0.205 42 130 67
-1.595 -0.00500003 0.205 42 130 67
-1.505 -0.00500003 0.205 42 130 67
-1.595 -0.095 0.295 42 130 67
-1.505 -0.095 0.295 42 130 67
-1.595 -0.00500003 0.295 42 130 67
-1.505 -0.00500003 0.295 42 130 67
-1.495 -0.095 0.205 42 130 67
-1.405 -0.095 0.205 42 130 67
-1.495 -0.00500003 0.205 42 130 67
-1.405 -0.00500003 0.205 42 130 67
-1.495 -0.095 0.295 42 130 67
-1.405 -0.095 0.295 42 130 67
-1.495 -0.00500003 0.295 42 130 67
-1.405 -0.00500003 0.295 42 130 67
-1.395 -0.095 0.205 42 130 67
-1.305 -0.095 0.205 42 130 67
-1.395 -0.00500003 0.205 42 130 67
-1.305 -0.00500003 0.205 42 130 67
-1.395 -0.095 0.295 42 130 67
-1.305 -0.095 0.295 42 130 67
-1.395 -0.00500003 0.295 42 130 67
-1.305 -0.00500003 0.295 42 130 67
-1.295 -0.095 0.205 42 130 67
-1.205 -0.095 0.205 42 130 67
-1.295 -0.00500003 0.205 42 130 67
-1.205 -0.00500003 0.205 42 130 67
-1.295 -0.095 0.295 42 130 67
-1.205 -0.095 0.295 42 130 67
-1.295 -0.00500003 0.295 42 130 67
-1.205 -0.00500003 0.295 42 130 67
-2.195 0.00500005 0.205 42 130 67
-2.105 0.00500005 0.205 42 130 67
-2.195 0.095 0.205 42 130 67
-2.105 0.095 0.205 42 130 67
-2.195 0.00500005 0.295 42 130 67
-2.105 0.00500005 0.295 42 130 67
-2.195 0.095 0.295 42 130 67
-2.105 0.095 0.295 42 130 67
-2.095 0.00500005 0.205 42 130 67
-2.005 0.00500005 0.205 42 130 67
-2.095 0.095 0.205 42 130 67
-2.005 0.095 0.205 42 130 67
-2.095 0.00500005 0.295 42 130 67
-2.005 0.00500005 0.295 42 130 67
-2.095 0.095 0.295 42 130 67
-2.005 0.095 0.295 42 130 67
-1.995 0.00500005 0.205 42 130 67
-1.905 0.00500005 0.205 42 130 67
-1.995 0.095 0.205 42 130 67
-1.905 0.095 0.205 42 130 67
-1.995 0.00500005 0.295 42 130 67
-1.905 0.00500005 0.295 42 130 67
-1.995 0.095 0.295 42 130 67
-1.905 0.095 0.295 42 130 67
-1.895 0.00500005 0.205 42 130 67
-1.805 0.00500005 0.205 42 130 67
-1.895 0.095 0.205 42 130 67
-1.805 0.095 0.205 42 130 67
-1.895 0.00500005 0.295 42 130 67
-1.805 0.00500005 0.295 42 130 67
-1.895 0.095 0.295 42 130 67
-1.805 0.095 0.295 42 130 67
-1.795 0.00500005 0.205 42 130 67
-1.705 0.00500005 0.205 42 130 67
-1.795 0.095 0.205 42 130 67
-1.705 0.095 0.205 42 130 67
-1.795 0.00500005 0.295 42 130 67
-1.705 0.00500005 0.295 42 130 67
-1.795 0.095 0.295 42 130 67
-1.705 0.095 0.295 42 130 67
-1.695 0.00500005 0.205 42 130 67
-1.605 0.00500005 0.205 42 130 67
-1.695 0.095 0.205 42 130 67
-1.605 0.095 0.205 42 130 67
-1.695 0.00500005 0.295 42 130 67
-1.605 0.00500005 0.295 42 130 67
-1.695 0.095 0.295 42 130 67
-1.605 0.095 0.295 42 130 67
-1.595 0.00500005 0.205 42 130 67
-1.505 0.00500005 0.205 42 130 67
-1.595 0.095 0.205 42 130 67
-1.505 0.095 0.205 42 130 67
-1.595 0.00500005 0.295 42 130 67
-1.505 0.00500005 0.295 42 130 67
-1.595 0.095 0.295 42 130 67
-1.505 0.095 0.295 42 130 67
-1.495 0.00500005 0.205 42 130 67
-1.405 0.00500005 0.205 42 130 67
-1.495 0.095 0.205 42 130 67
-1.405 0.095 0.205 42 130 67
-1.495 0.00500005 0.295 42 130 67
-1.405 0.00500005 0.295 42 130 67
-1.495 0.095 0.295 42 130 67
-1.405 0.095 0.295 42 130 67
-1.395 0.00500005 0.205 42 130 67
-1.305 0.00500005 0.205 42 130 67
-1.395 0.095 0.205 42 130 67
-1.305 0.095 0.205 42 130 67
-1.395 0.00500005 0.295 42 130 67
-1.305 0.00500005 0.295 42 130 67
-1.395 0.095 0.295 42 130 67
-1.305 0.095 0.295 42 130 67
-1.295 0.00500005 0.205 42 130 67
-1.205 0.00500005 0.205 42 130 67
-1.295 0.095 0.205 42 130 67
-1.205 0.095 0.205 42 130 67
-1.295 0.00500005 0.295 42 130 67
-1.205 0.00500005 0.295 42 130 67
-1.295 0.095 0.295 42 130 67
-1.205 0.095 0.295 42 130 67
-2.195 0.105 0.205 42 130 67
-2.105 0.105 0.205 42 130 67
-2.195 0.195 0.205 42 130 67
-2.105 0.195 0.205 42 130 67
-2.195 0.105 0.295 42 130 67
-2.105 0.105 0.295 42 130 67
-2.195 0.195 0.295 42 130 67
-2.105 0.195 0.295 42 130 67
-2.095 0.105 0.205 42 130 67
-2.005 0.105 0.205 42 130 67
-2.095 0.195 0.205 42 130 67
-2.005 0.195 0.205 42 130 67
-2.095 0.105 0.295 42 130 67
-2.005 0.105 0.295 42 130 67
-2.095 0.195 0.295 42 130 67
-2.005 0.195 0.295 42 130 67
-1.995 0.105 0.205 42 130 67
-1.905 0.105 0.205 42 130 67
-1.995 0.195 0.205 42 130 67
-1.905 0.195 0.205 42 130 67
-1.995 0.105 0.295 42 130 67
-1.905 0.105 0.295 42 130 67
-1.995 0.195 0.295 42 130 67
-1.905 0.195 0.295 42 130 67
-1.895 0.105 0.205 42 130 67
-1.805 0.105 0.205 42 130 67
-1.895 0.195 0.205 42 130 67
-1.805 0.195 0.205 42 130 67
-1.895 0.105 0.295 42 130 67
-1.805 0.105 0.295 42 130 67
-1.895 0.195 0.295 42 130 67
-1.805 0.195 0.295 42 130 67
-1.795 0.105 0.205 42 130 67
-1.705 0.105 0.205 42 130 67
-1.795 0.195 0.205 42 130 67
-1.705 0.195 0.205 42 130 67
-1.795 0.105 0.295 42 130 67
-1.705 0.105 0.295 42 130 67
-1.795 0.195 0.295 42 130 67
-1.705 0.195 0.295 42 130 67
-1.695 0.105 0.205 42 130 67
-1.605 0.105 0.205 42 130 67
-1.695 0.195 0.205 42 130 67
-1.605 0.195 0.205 42 130 67
-1.695 0.105 0.295 42 130 67
-1.605 0.105 0.295 42 130 67
-1.695 0.195 0.295 42 130 67
-1.605 0.195 0.295 42 130 67
-1.595 0.105 0.205 42 130 67
-1.505 0.105 0.205 42 130 67
-1.595 0.195 0.205 42 130 67
-1.505 0.195 0.205 42 130 67
-1.595 0.105 0.295 42 130 67
-1.505 0.105 0.295 42 130 67
-1.595 0.195 0.295 42 130 67
-1.505 0.195 0.295 42 130 67
-1.495 0.105 0.205 42 130 67
-1.405 0.105 0.205 42 130 67
-1.495 0.195 0.205 42 130 67
-1.405 0.195 0.205 42 130 67
-1.495 0.105 0.295 42 130 67
-1.405 0.105 0.295 42 130 67
-1.495 0.195 0.295 42 130 67
-1.405 0.195 0.295 42 130 67
-1.395 0.105 0.205 42 130 67
-1.305 0.105 0.205 42 130 67
-1.395 0.195 0.205 42 130 67
-1.305 0.195 0.205 42 130 67
-1.395 0.105 0.295 42 130 67
-1.305 0.105 0.295 42 130 67
-1.395 0.195 0.295 42 130 67
-1.305 0.195 0.295 42 130 67
-1.295 0.105 0.205 42 130 67
-1.205 0.105 0.205 42 130 67
-1.295 0.195 0.205 42 130 67
-1.205 0.195 0.205 42 130 67
-1.295 0.105 0.295 42 130 67
-1.205 0.105 0.295 42 130 67
-1.295 0.195 0.295 42 130 67
-1.205 0.195 0.295 42 130 67
-2.195 0.205 0.205 42 130 67
-2.105 0.205 0.205 42 130 67
-2.195 0.295 0.205 42 130 67
-2.105 0.295 0.205 42 130 67
-2.195 0.205 0.295 42 130 67
-2.105 0.205 0.295 42 130 67
-2.195 0.295 0.295 42 130 67
-2.105 0.295 0.295 42 130 67
-2.095 0.205 0.205 42 130 67
-2.005 0.205 0.205 42 130 67
-2.095 0.295 0.205 42 130 67
-2.005 0.295 0.205 42 130 67
-2.095 0.205 0.295 42 130 67
-2.005 0.205 0.295 42 130 67
-2.095 0.295 0.295 42 130 67
-2.005 0.295 0.295 42 130 67
-1.995 0.205 0.205 42 130 67
-1.905 0.205 0.205 42 130 67
-1.995 0.295 0.205 42 130 67
-1.905 0.295 0.205 42 130 67
-1.995 0.205 0.295 42 130 67
-1.905 0.205 0.295 42 130 67
-1.995 0.295 0.295 42 130 67
-1.905 0.295 0.295 42 130 67
-1.895 0.205 0.205 42 130 67
-1.805 0.205 0.205 42 130 67
-1.895 0.295 0.205 42 130 67
-1.805 0.295 0.205 42 130 67
-1.895 0.205 0.295 42 130 67
-1.805 0.205 0.295 42 130 67
-1.895 0.295 0.295 42 130 67
-1.805 0.295 0.295 42 130 67
-1.795 0.205 0.205 42 130 67
-1.705 0.205 0.205 42 130 67
-1.795 0.295 0.205 42 130 67
-1.705 0.295 0.205 42 130 67
-1.795 0.205 0.295 42 130 67
-1.705 0.205 0.295 42 130 67
-1.795 0.295 0.295 42 130 67
-1.705 0.295 0.295 42 130 67
-1.695 0.205 0.205 42 130 67
-1.605 0.205 0.205 42 130 67
-1.695 0.295 0.205 42 130 67
-1.605 0.295 0.205 42 130 67
-1.695 0.205 0.295 42 130 67
-1.605 0.205 0.295 42 130 67
-1.695 0.295 0.295 42 130 67
-1.605 0.295 0.295 42 130 67
-1.595 0.205 0.205 42 130 67
-1.505 0.205 0.205 42 130 67
-1.595 0.295 0.205 42 130 67
-1.505 0.295 0.205 42 130 67
-1.595 0.205 0.295 42 130 67
-1.505 0.205 0.295 42 130 67
-1.595 0.295 0.295 42 130 67
-1.505 0.295 0.295 42 130 67
-1.495 0.205 0.205 42 130 67
-1.405 0.205 0.205 42 130 67
-1.495 0.295 0.205 42 130 67
-1.405 0.295 0.205 42 130 67
-1.495 0.205 0.295 42 130 67
-1.405 0.205 0.295 42 130 67
-1.495 0.295 0.295 42 130 67
-1.405 0.295 0.295 42 130 67
-1.395 0.205 0.205 42 130 67
-1.305 0.205 0.205 42 130 67
-1.395 0.295 0.205 42 130 67
-1.305 0.295 0.205 42 130 67
-1.395 0.205 0.295 42 130 67
-1.305 0.205 0.295 42 130 67
-1.395 0.295 0.295 42 130 67
-1.305 0.295 0.295 42 130 67
-1.295 0.205 0.205 42 130 67
-1.205 0.205 0.205 42 130 67
-1.295 0.295 0.205 42 130 67
-1.205 0.295 0.205 42 130 67
-1.295 0.205 0.295 42 130 67
-1.205 0.205 0.295 42 130 67
-1.295 0.295 0.295 42 130 67
-1.205 0.295 0.295 42 130 67
-2.195 0.305 0.205 42 130 67
-2.105 0.305 0.205 42 130 67
-2.195 0.395 0.205 42 130 67
-2.105 0.395 0.205 42 130 67
-2.195 0.305 0.295 42 130 67
-2.105 0.305 0.295 42 130 67
-2.195 0.395 0.295 42 130 67
-2.105 0.395 0.295 42 130 67
-2.095 0.305 0.205 42 130 67
-2.005 0.305 0.205 42 130 67
-2.095 0.395 0.205 42 130 67
-2.005 0.395 0.205 42 130 67
-2.095 0.305 0.295 42 130 67
-2.005 0.305 0.295 42 130 67
-2.095 0.395 0.295 42 130 67
-2.005 0.395 0.295 42 130 67
-1.995 0.305 0.205 42 130 67
-1.905 0.305 0.205 42 130 67
-1.995 0.395 0.205 42 130 67
-1.905 0.395 0.205 42 130 67
-1.995 0.305 0.295 42 130 67
-1.905 0.305 0.295 42 130 67
-1.995 0.395 0.295 42 130 67
-1.905 0.395 0.295 42 130 67
-1.895 0.305 0.205 42 130 67
-1.805 0.305 0.205 42 130 67
-1.895 0.395 0.205 42 130 67
-1.805 0.395 0.205 42 130 67
-1.895 0.305 0.295 42 130 67
-1.805 0.305 0.295 42 130 67
-1.895 0.395 0.295 42 130 67
-1.805 0.395 0.295 42 130 67
-1.795 0.305 0.205 42 130 67
-1.705 0.305 0.205 42 130 67
-1.795 0.395 0.205 42 130 67
-1.705 0.395 0.205 42 130 67
-1.795 0.305 0.295 42 130 67
-1.705 0.305 0.295 42 130 67
-1.795 0.395 0.295 42 130 67
-1.705 0.395 0.295 42 130 67
-1.695 0.305 0.205 42 130 67
-1.605 0.305 0.205 42 130 67
-1.695 0.395 0.205 42 130 67
-1.605 0.395 0.205 42 130 67
-1.695 0.305 0.295 42 130 67
-1.605 0.305 0.295 42 130 67
-1.695 0.395 0.295 42 130 67
-1.605 0.395 0.295 42 130 67
-1.595 0.305 0.205 42 130 67
-1.505 0.305 0.205 42 130 67
-1.595 0.395 0.205 42 130 67
-1.505 0.395 0.205 42 130 67
-1.595 0.305 0.295 42 130 67
-1.505 0.305 0.295 42 130 67
-1.595 0.395 0.295 42 130 67
-1.505 0.395 0.295 42 130 67
-1.495 0.305 0.205 42 130 67
-1.405 0.305 0.205 42 130 67
-1.495 0.395 0.205 42 130 67
-1.405 0.395 0.205 42 130 67
-1.495 0.305 0.295 42 130 67
-1.405 0.305 0.295 42 130 67
-1.495 0.395 0.295 42 130 67
-1.405 0.395 0.295 42 130 67
-1.395 0.305 0.205 42 130 67
-1.305 0.305 0.205 42 130 67
-1.395 0.395 0.205 42 130 67
-1.305 0.395 0.205 42 130 67
-1.395 0.305 0.295 42 130 67
-1.305 0.305 0.295 42 130 67
-1.395 0.395 0.295 42 130 67
-1.305 0.395 0.295 42 130 67
-1.295 0.305 0.205 42 130 67
-1.205 0.305 0.205 42 130 67
-1.295 0.395 0.205 42 130 67
-1.205 0.395 0.205 42 130 67
-1.295 0.305 0.295 42 130 67
-1.205 0.305 0.295 42 130 67
-1.295 0.395 0.295 42 130 67
-1.205 0.395 0.295 42 130 67
-2.195 0.405 0.205 42 130 67
-2.105 0.405 0.205 42 130 67
-2.195 0.495 0.205 42 130 67
-2.105 0.495 0.205 42 130 67
-2.195 0.405 0.295 42 130 67
-2.105 0.405 0.295 42 130 67
-2.195 0.495 0.295 42 130 67
-2.105 0.495 0.295 42 130 67
-2.095 0.405 0.205 42 130 67
-2.005 0.405 0.205 42 130 67
-2.095 0.495 0.205 42 130 67
-2.005 0.495 0.205 42 130 67
-2.095 0.405 0.295 42 130 67
-2.005 0.405 0.295 42 130 67
-2.095 0.495 0.295 42 130 67
-2.005 0.495 0.295 42 130 67
-1.995 0.405 0.205 42 130 67
-1.905 0.405 0.205 42 130 67
-1.995 0.495 0.205 42 130 67
-1.905 0.495 0.205 42 130 67
-1.995 0.405 0.295 42 130 67
-1.905 0.405 0.295 42 130 67
-1.995 0.495 0.295 42 130 67
-1.905 0.495 0.295 42 130 67
-1.895 0.405 0.205 42 130 67
-1.805 0.405 0.205 42 130 67
-1.895 0.495 0.205 42 130 67
-1.805 0.495 0.205 42 130 67
-1.895 0.405 0.295 42 130 67
-1.805 0.405 0.295 42 130 67
-1.895 0.495 0.295 42 130 67
-1.805 0.495 0.295 42 130 67
-1.795 0.405 0.205 42 130 67
-1.705 0.405 0.205 42 130 67
-1.795 0.495 0.205 42 130 67
-1.705 0.495 0.205 42 130 67
-1.795 0.405 0.295 42 130 67
-1.705 0.405 0.295 42 130 67
-1.795 0.495 0.295 42 130 67
-1.705 0.495 0.295 42 130 67
-1.695 0.405 0.205 42 130 67
-1.605 0.405 0.205 42 130 67
-1.695 0.495 0.205 42 130 67
-1.605 0.495 0.205 42 130 67
-1.695 0.405 0.295 42 130 67
-1.605 0.405 0.295 42 130 67
-1.695 0.495 0.295 42 130 67
-1.605 0.495 0.295 42 130 67
-1.595 0.405 0.205 42 130 67
-1.505 0.405 0.205 42 130 67
-1.595 0.495 0.205 42 130 67
-1.505 0.495 0.205 42 130 67
-1.595 0.405 0.295 42 130 67
-1.505 0.405 0.295 42 130 67
-1.595 0.495 0.295 42 130 67
-1.505 0.495 0.295 42 130 67
-1.495 0.405 0.205 42 130 67
-1.405 0.405 0.205 42 130 67
-1.495 0.495 0.205 42 130 67
-1.405 0.495 0.205 42 130 67
-1.495 0.405 0.295 42 130 67
-1.405 0.405 0.295 42 130 67
-1.495 0.495 0.295 42 130 67
-1.405 0.495 0.295 42 130 67
-1.395 0.405 0.205 42 130 67
-1.305 0.405 0.205 42 130 67
-1.395 0.495 0.205 42 130 67
-1.305 0.495 0.205 42 130 67
-1.395 0.405 0.295 42 130 67
-1.305 0.405 0.295 42 130 67
-1.395 0.495 0.295 42 130 67
-1.305 0.495 0.295 42 130 67
-1.295 0.405 0.205 42 130 67
-1.205 0.405 0.205 42 130 67
-1.295 0.495 0.205 42 130 67
-1.205 0.495 0.205 42 130 67
-1.295 0.405 0.295 42 130 67
-1.205 0.405 0.295 42 130 67
-1.295 0.495 0.295 42 130 67
-1.205 0.495 0.295 42 130 67
-2.195 -0.495 0.305 42 130 67
-2.105 -0.495 0.305 42 130 67
-2.195 -0.405 0.305 42 130 67
-2.105 -0.405 0.305 42 130 67
-2.195 -0.495 0.395 42 130 67
-2.105 -0.495 0.395 42 130 67
-2.195 -0.405 0.395 42 130 67
-2.105 -0.405 0.395 42 130 67
-2.095 -0.495 0.305 42 130 67
-2.005 -0.495 0.305 42 130 67
-2.095 -0.405 0.305 42 130 67
-2.005 -0.405 0.305 42 130 67
-2.095 -0.495 0.395 42 130 67
-2.005 -0.495 0.395 42 130 67
-2.095 -0.405 0.395 42 130 67
-2.005 -0.405 0.395 42 130 67
-1.995 -0.495 0.305 42 130 67
-1.905 -0.495 0.305 42 130 67
-1.995 -0.405 0.305 42 130 67
-1.905 -0.405 0.305 42 130 67
-1.995 -0.495 0.395 42 130 67
-1.905 -0.495 0.395 42 130 67
-1.995 -0.405 0.395 42 130 67
-1.905 -0.405 0.395 42 130 67
-1.895 -0.495 0.305 42 130 67
-1.805 -0.495 0.305 42 130 67
-1.895 -0.405 0.305 42 130 67
-1.805 -0.405 0.305 42 130 67
-1.895 -0.495 0.395 42 130 67
-1.805 -0.495 0.395 42 130 67
-1.895 -0.405 0.395 42 130 67
-1.805 -0.405 0.395 42 130 67
-1.795 -0.495 0.305 42 130 67
-1.705 -0.495 0.305 42 130 67
-1.795 -0.405 0.305 42 130 67
-1.705 -0.405 0.305 42 130 67
-1.795 -0.495 0.395 42 130 67
-1.705 -0.495 0.395 42 130 67
-1.795 -0.405 0.395 42 130 67
-1.705 -0.405 0.395 42 130 67
-1.695 -0.495 0.305 42 130 67
-1.605 -0.495 0.305 42 130 67
-1.695 -0.405 0.305 42 130 67
-1.605 -0.405 0.305 42 130 67
-1.695 -0.495 0.395 42 130 67
-1.605 -0.495 0.395 42 130 67
-1.695 -0.405 0.395 42 130 67
-1.605 -0.405 0.395 42 130 67
-1.595 -0.495 0.305 42 130 67
-1.505 -0.495 0.305 42 130 67
-1.595 -0.405 0.305 42 130 67
-1.505 -0.405 0.305 42 130 67
-1.595 -0.495 0.395 42 130 67
-1.505 -0.495 0.395 42 130 67
-1.595 -0.405 0.395 42 130 67
-1.505 -0.405 0.395 42 130 67
-1.495 -0.495 0.305 42 130 67
-1.405 -0.495 0.305 42 130 67
-1.495 -0.405 0.305 42 130 67
-1.405 -0.405 0.305 42 130 67
-1.495 -0.495 0.395 42 130 67
-1.405 -0.495 0.395 42 130 67
-1.495 -0.405 0.395 42 130 67
-1.405 -0.405 0.395 42 130 67
-1.395 -0.495 0.305 42 130 67
-1.305 -0.495 0.305 42 130 67
-1.395 -0.405 0.305 42 130 67
-1.305 -0.405 0.305 42 130 67
-1.395 -0.495 0.395 42 130 67
-1.305 -0.495 0.395 42 130 67
-1.395 -0.405 0.395 42 130 67
-1.305 -0.405 0.395 42 130 67
-1.295 -0.495 0.305 42 130 67
-1.205 -0.495 0.305 42 130 67
-1.295 -0.405 0.305 42 130 67
-1.205 -0.405 0.305 42 130 67
-1.295 -0.495 0.395 42 130 67
-1.205 -0.495 0.395 42 130 67
-1.295 -0.405 0.395 42 130 67
-1.205 -0.405 0.395 42 130 67
-2.195 -0.395 0.305 42 130 67
-2.105 -0.395 0.305 42 130 67
-2.195 -0.305 0.305 42 130 67
-2.105 -0.305 0.305 42 130 67
-2.195 -0.395 0.395 42 130 67
-2.105 -0.395 0.395 42 130 67
-2.195 -0.305 0.395 42 130 67
-2.105 -0.305 0.395 42 130 67
-2.095 -0.395 0.305 42 130 67
-2.005 -0.395 0.305 42 130 67
-2.095 -0.305 0.305 42 130 67
-2.005 -0.305 0.305 42 130 67
-2.095 -0.395 0.395 42 130 67
-2.005 -0.395 0.395 42 130 67
-2.095 -0.305 0.395 42 130 67
-2.005 -0.305 0.395 42 130 67
-1.995 -0.395 0.305 42 130 67
-1.905 -0.395 0.305 42 130 67
-1.995 -0.305 0.305 42 130 67
-1.905 -0.305 0.305 42 130 67
-1.995 -0.395 0.395 42 130 67
-1.905 -0.395 0.395 42 130 67
-1.995 -0.305 0.395 42 130 67
-1.905 -0.305 0.395 42 130 67
-1.895 -0.395 0.305 42 130 67
-1.805 -0.395 0.305 42 130 67
-1.895 -0.305 0.305 42 130 67
-1.805 -0.305 0.305 42 130 67
-1.895 -0.395 0.395 42 130 67
-1.805 -0.395 0.395 42 130 67
-1.895 -0.305 0.395 42 130 67
-1.805 -0.305 0.395 42 130 67
-1.795 -0.395 0.305 42 130 67
-1.705 -0.395 0.305 42 130 67
-1.795 -0.305 0.305 42 130 67
-1.705 -0.305 0.305 42 130 67
-1.795 -0.395 0.395 42 130 67
-1.705 -0.395 0.395 42 130 67
-1.795 -0.305 0.395 42 130 67
-1.705 -0.305 0.395 42 130 67
-1.695 -0.395 0.305 42 130 67
-1.605 -0.395 0.305 42 130 67
-1.695 -0.305 0.305 42 130 67
-1.605 -0.305 0.305 42 130 67
-1.695 -0.395 0.395 42 130 67
-1.605 -0.395 0.395 42 130 67
-1.695 -0.305 0.395 42 130 67
-1.605 -0.305 0.395 42 130 67
-1.595 -0.395 0.305 42 130 67
-1.505 -0.395 0.305 42 130 67
-1.595 -0.305 0.305 42 130 67
-1.505 -0.305 0.305 42 130 67
-1.595 -0.395 0.395 42 130 67
-1.505 -0.395 0.395 42 130 67
-1.595 -0.305 0.395 42 130 67
-1.505 -0.305 0.395 42 130 67
-1.495 -0.395 0.305 42 130 67
-1.405 -0.395 0.305 42 130 67
-1.495 -0.305 0.305 42 130 67
-1.405 -0.305 0.305 42 130 67
-1.495 -0.395 0.395 42 130 67
-1.405 -0.395 0.395 42 130 67
-1.495 -0.305 0.395 42 130 67
-1.405 -0.305 0.395 42 130 67
-1.395 -0.395 0.305 42 130 67
-1.305 -0.395 0.305 42 130 67
-1.395 -0.305 0.305 42 130 67
-1.305 -0.305 0.305 42 130 67
-1.395 -0.395 0.395 42 130 67
-1.305 -0.395 0.395 42 130 67
-1.395 -0.305 0.395 42 130 67
-1.305 -0.305 0.395 42 130 67
-1.295 -0.395 0.305 42 130 67
-1.205 -0.395 0.305 42 130 67
-1.295 -0.305 0.305 42 130 67
-1.205 -0.305 0.305 42 130 67
-1.295 -0.395 0.395 42 130 67
-1.205 -0.395 0.395 42 130 67
-1.295 -0.305 0.395 42 130 67
-1.205 -0.305 0.395 42 130 67
-2.195 -0.295 0.305 42 130 67
-2.105 -0.295 0.305 42 130 67
-2.195 -0.205 0.305 42 130 67
-2.105 -0.205 0.305 42 130 67
-2.195 -0.295 0.395 42 130 67
-2.105 -0.295 0.395 42 130 67
-2.195 -0.205 0.395 42 130 67
-2.105 -0.205 0.395 42 130 67
-2.095 -0.295 0.305 42 130 67
-2.005 -0.295 0.305 42 130 67
-2.095 -0.205 0.305 42 130 67
-2.005 -0.205 0.305 42 130 67
-2.095 -0.295 0.395 42 130 67
-2.005 -0.295 0.395 42 130 67
-2.095 -0.205 0.395 42 130 67
-2.005 -0.205 0.395 42 130 67
-1.995 -0.295 0.305 42 130 67
-1.905 -0.295 0.305 42 130 67
-1.995 -0.205 0.305 42 130 67
-1.905 -0.205 0.305 42 130 67
-1.995 -0.295 0.395 42 130 67
-1.905 -0.295 0.395 42 130 67
-1.995 -0.205 0.395 42 130 67
-1.905 -0.205 0.395 42 130 67
-1.895 -0.295 0.305 42 130 67
-1.805 -0.295 0.305 42 130 67
-1.895 -0.205 0.305 42 130 67
-1.805 -0.205 0.305 42 130 67
-1.895 -0.295 0.395 42 130 67
-1.805 -0.295 0.395 42 130 67
-1.895 -0.205 0.395 42 130 67
-1.805 -0.205 0.395 42 130 67
-1.795 -0.295 0.305 42 130 67
-1.705 -0.295 0.305 42 130 67
-1.795 -0.205 0.305 42 130 67
-1.705 -0.205 0.305 42 130 67
-1.795 -0.295 0.395 42 130 67
-1.705 -0.295 0.395 42 130 67
-1.795 -0.205 0.395 42 130 67
-1.705 -0.205 0.395 42 130 67
-1.695 -0.295 0.305 42 130 67
-1.605 -0.295 0.305 42 130 67
-1.695 -0.205 0.305 42 130 67
-1.605 -0.205 0.305 42 130 67
-1.695 -0.295 0.395 42 130 67
-1.605 -0.295 0.395 42 130 67
-1.695 -0.205 0.395 42 130 67
-1.605 -0.205 0.395 42 130 67
-1.595 -0.295 0.305 42 130 67
-1.505 -0.295 0.305 42 130 67
-1.595 -0.205 0.305 42 130 67
-1.505 -0.205 0.305 42 130 67
-1.595 -0.295 0.395 42 130 67
-1.505 -0.295 0.395 42 130 67
-1.595 -0.205 0.395 42 130 67
-1.505 -0.205 0.395 42 130 67
-1.495 -0.295 0.305 42 130 67
-1.405 -0.295 0.305 42 130 67
-1.495 -0.205 0.305 42 130 67
-1.405 -0.205 0.305 42 130 67
-1.495 -0.295 0.395 42 130 67
-1.405 -0.295 0.395 42 130 67
-1.495 -0.205 0.395 42 130 67
-1.405 -0.205 0.395 42 130 67
-1.395 -0.295 0.305 42 130 67
-1.305 -0.295 0.305 42 130 67
-1.395 -0.205 0.305 42 130 67
-1.305 -0.205 0.305 42 130 67
-1.395 -0.295 0.395 42 130 67
-1.305 -0.295 0.395 42 130 67
-1.395 -0.205 0.395 42 130 67
-1.305 -0.205 0.395 42 130 67
-1.295 -0.295 0.305 42 130 67
-1.205 -0.295 0.305 42 130 67
-1.295 -0.205 0.305 42 130 67
-1.205 -0.205 0.305 42 130 67
-1.295 -0.295 0.395 42 130 67
-1.205 -0.295 0.395 42 130 67
-1.295 -0.205 0.395 42 130 67
-1.205 -0.205 0.395 42 130 67
-2.195 -0.195 0.305 42 130 67
-2.105 -0.195 0.305 42 130 67
-2.195 -0.105 0.305 42 130 67
-2.105 -0.105 0.305 42 130 67
-2.195 -0.195 0.395 42 130 67
-2.105 -0.195 0.395 42 130 67
-2.195 -0.105 0.395 42 130 67
-2.105 -0.105 0.395 42 130 67
-2.095 -0.195 0.305 42 130 67
-2.005 -0.195 0.305 42 130 67
-2.095 -0.105 0.305 42 130 67
-2.005 -0.105 0.305 42 130 67
-2.095 -0.195 0.395 42 130 67
-2.005 -0.195 0.395 42 130 67
-2.095 -0.105 0.395 42 130 67
-2.005 -0.105 0.395 42 130 67
-1.995 -0.195 0.305 42 130 67
-1.905 -0.195 0.305 42 130 67
-1.995 -0.105 0.305 42 130 67
-1.905 -0.105 0.305 42 130 67
-1.995 -0.195 0.395 42 130 67
-1.905 -0.195 0.395 42 130 67
-1.995 -0.105 0.395 42 130 67
-1.905 -0.105 0.395 42 130 67
-1.895 -0.195 0.305 42 130 67
-1.805 -0.195 0.305 42 130 67
-1.895 -0.105 0.305 42 130 67
-1.805 -0.105 0.305 42 130 67
-1.895 -0.195 0.395 42 130 67
-1.805 -0.195 0.395 42 130 67
-1.895 -0.105 0.395 42 130 67
-1.805 -0.105 0.395 42 130 67
-1.795 -0.195 0.305 42 130 67
-1.705 -0.195 0.305 42 130 67
-1.795 -0.105 0.305 42 130 67
-1.705 -0.105 0.305 42 130 67
-1.795 -0.195 0.395 42 130 67
-1.705 -0.195 0.395 42 130 67
-1.795 -0.105 0.395 42 130 67
-1.705 -0.105 0.395 42 130 67
-1.695 -0.195 0.305 42 130 67
-1.605 -0.195 0.305 42 130 67
-1.695 -0.105 0.305 42 130 67
-1.605 -0.105 0.305 42 130 67
-1.695 -0.195 0.395 42 130 67
-1.605 -0.195 0.395 42 130 67
-1.695 -0.105 0.395 42 130 67
-1.605 -0.105 0.395 42 130 67
-1.595 -0.195 0.305 42 130 67
-1.505 -0.195 0.305 42 130 67
-1.595 -0.105 0.305 42 130 67
-1.505 -0.105 0.305 42 130 67
-1.595 -0.195 0.395 42 130 67
-1.505 -0.195 0.395 42 130 67
-1.595 -0.105 0.395 42 130 67
-1.505 -0.105 0.395 42 130 67
-1.495 -0.195 0.305 42 130 67
-1.405 -0.195 0.305 42 130 67
-1.495 -0.105 0.305 42 130 67
-1.405 -0.105 0.305 42 130 67
-1.495 -0.195 0.395 42 130 67
-1.405 -0.195 0.395 42 130 67
-1.495 -0.105 0.395 42 130 67
-1.405 -0.105 0.395 42 130 67
-1.395 -0.195 0.305 42 130 67
-1.305 -0.195 0.305 42 130 67
-1.395 -0.105 0.305 42 130 67
-1.305 -0.105 0.305 42 130 67
-1.395 -0.195 0.395 42 130 67
-1.305 -0.195 0.395 42 130 67
-1.395 -0.105 0.395 42 130 67
-1.305 -0.105 0.395 42 130 67
-1.295 -0.195 0.305 42 130 67
-1.205 -0.195 0.305 42 130 67
-1.295 -0.105 0.305 42 130 67
-1.205 -0.105 0.305 42 130 67
-1.295 -0.195 0.395 42 130 67
-1.205 -0.195 0.395 42 130 67
-1.295 -0.105 0.395 42 130 67
-1.205 -0.105 0.395 42 130 67
-2.195 -0.095 0.305 42 130 67
-2.105 -0.095 0.305 42 130 67
-2.195 -0.00500003 0.305 42 130 67
-2.105 -0.00500003 0.305 42 130 67
-2.195 -0.095 0.395 42 130 67
-2.105 -0.095 0.395 42 130 67
-2.195 -0.00500003 0.395 42 130 67
-2.105 -0.00500003 0.395 42 130 67
-2.095 -0.095 0.305 42 130 67
-2.005 -0.095 0.305 42 130 67
-2.095 -0.00500003 0.305 42 130 67
-2.005 -0.00500003 0.305 42 130 67
-2.095 -0.095 0.395 42 130 67
-2.005 -0.095 0.395 42 130 67
-2.095 -0.00500003 0.395 42 130 67
-2.005 -0.00500003 0.395 42 130 67
-1.995 -0.095 0.305 42 130 67
-1.905 -0.095 0.305 42 130 67
-1.995 -0.00500003 0.305 42 130 67
-1.905 -0.00500003 0.305 42 130 67
-1.995 -0.095 0.395 42 130 67
-1.905 -0.095 0.395 42 130 67
-1.995 -0.00500003 0.395 42 130 67
-1.905 -0.00500003 0.395 42 130 67
-1.895 -0.095 0.305 42 130 67
-1.805 -0.095 0.305 42 130 67
-1.895 -0.00500003 0.305 42 130 67
-1.805 -0.00500003 0.305 42 130 67
-1.895 -0.095 0.395 42 130 67
-1.805 -0.095 0.395 42 130 67
-1.895 -0.00500003 0.395 42 130 67
-1.805 -0.00500003 0.395 42 130 67
-1.795 -0.095 0.305 42 130 67
-1.705 -0.095 0.305 42 130 67
-1.795 -0.00500003 0.305 42 130 67
-1.705 -0.00500003 0.305 42 130 67
-1.795 -0.095 0.395 42 130 67
-1.705 -0.095 0.395 42 130 67
-1.795 -0.00500003 0.395 42 130 67
-1.705 -0.00500003 0.395 42 130 67
-1.695 -0.095 0.305 42 130 67
-1.605 -0.095 0.305 42 130 67
-1.695 -0.00500003 0.305 42 130 67
-1.605 -0.00500003 0.305 42 130 67
-1.695 -0.095 0.395 42 130 67
-1.605 -0.095 0.395 42 130 67
-1.695 -0.00500003 0.395 42 130 67
-1.605 -0.00500003 0.395 42 130 67
-1.595 -0.095 0.305 42 130 67
-1.505 -0.095 0.305 42 130 67
-1.595 -0.00500003 0.305 42 130 67
-1.505 -0.00500003 0.305 42 130 67
-1.595 -0.095 0.395 42 130 67
-1.505 -0.095 0.395 42 130 67
-1.595 -0.00500003 0.395 42 130 67
-1.505 -0.00500003 0.395 42 130 67
-1.495 -0.095 0.305 42 130 67
-1.405 -0.095 0.305 42 130 67
-1.495 -0.00500003 0.305 42 130 67
-1.405 -0.00500003 0.305 42 130 67
-1.495 -0.095 0.395 42 130 67
-1.405 -0.095 0.395 42 130 67
-1.495 -0.00500003 0.395 42 130 67
-1.405 -0.00500003 0.395 42 130 67
-1.395 -0.095 0.305 42 130 67
-1.305 -0.095 0.305 42 130 67
-1.395 -0.00500003 0.305 42 130 67
-1.305 -0.00500003 0.305 42 130 67
-1.395 -0.095 0.395 42 130 67
-1.305 -0.095 0.395 42 130 67
-1.395 -0.00500003 0.395 42 130 67
-1.305 -0.00500003 0.395 42 130 67
-1.295 -0.095 0.305 42 130 67
-1.205 -0.095 0.305 42 130 67
-1.295 -0.00500003 0.305 42 130 67
-1.205 -0.00500003 0.305 42 130 67
-1.295 -0.095 0.395 42 130 67
-1.205 -0.095 0.395 42 130 67
-1.295 -0.00500003 0.395 42 130 67
-1.205 -0.00500003 0.395 42 130 67
-2.195 0.00500005 0.305 42 130 67
-2.105 0.00500005 0.305 42 130 67
-2.195 0.095 0.305 42 130 67
-2.105 0.095 0.305 42 130 67
-2.195 0.00500005 0.395 42 130 67
-2.105 0.00500005 0.395 42 130 67
-2.195 0.095 0.395 42 130 67
-2.105 0.095 0.395 42 130 67
-2.095 0.00500005 0.305 42 130 67
-2.005 0.00500005 0.305 42 130 67
-2.095 0.095 0.305 42 130 67
-2.005 0.095 0.305 42 130 67
-2.095 0.00500005 0.395 42 130 67
-2.005 0.00500005 0.395 42 130 67
-2.095 0.095 0.395 42 130 67
-2.005 0.095 0.395 42 130 67
-1.995 0.00500005 0.305 42 130 67
-1.905 0.00500005 0.305 42 130 67
-1.995 0.095 0.305 42 130 67
-1.905 0.095 0.305 42 130 67
-1.995 0.00500005 0.395 42 130 67
-1.905 0.00500005 0.395 42 130 67
-1.995 0.095 0.395 42 130 67
-1.905 0.095 0.395 42 130 67
-1.895 0.00500005 0.305 42 130 67
-1.805 0.00500005 0.305 42 130 67
-1.895 0.095 0.305 42 130 67
-1.805 0.095 0.305 42 130 67
-1.895 0.00500005 0.395 42 130 67
-1.805 0.00500005 0.395 42 130 67
-1.895 0.095 0.395 42 130 67
-1.805 0.095 0.395 42 130 67
-1.795 0.00500005 0.305 42 130 67
-1.705 0.00500005 0.305 42 130 67
-1.795 0.095 0.305 42 130 67
-1.705 0.095 0.305 42 130 67
-1.795 0.00500005 0.395 42 130 67
-1.705 0.00500005 0.395 42 130 67
-1.795 0.095 0.395 42 130 67
-1.705 0.095 0.395 42 130 67
-1.695 0.00500005 0.305 42 130 67
-1.605 0.00500005 0.305 42 130 67
-1.695 0.095 0.305 42 130 67
-1.605 0.095 0.305 42 130 67
-1.695 0.00500005 0.395 42 130 67
-1.605 0.00500005 0.395 42 130 67
-1.695 0.095 0.395 42 130 67
-1.605 0.095 0.395 42 130 67
-1.595 0.00500005 0.305 42 130 67
-1.505 0.00500005 0.305 42 130 67
-1.595 0.095 0.305 42 130 67
-1.505 0.095 0.305 42 130 67
-1.595 0.00500005 0.395 42 130 67
-1.505 0.00500005 0.395 42 130 67
-1.595 0.095 0.395 42 130 67
-1.505 0.095 0.395 42 130 67
-1.495 0.00500005 0.305 42 130 67
-1.405 0.00500005 0.305 42 130 67
-1.495 0.095 0.305 42 130 67
-1.405 0.095 0.305 42 130 67
-1.495 0.00500005 0.395 42 130 67
-1.405 0.00500005 0.395 42 130 67
-1.495 0.095 0.395 42 130 67
-1.405 0.095 0.395 42 130 67
-1.395 0.00500005 0.305 42 130 67
-1.305 0.00500005 0.305 42 130 67
-1.395 0.095 0.305 42 130 67
-1.305 0.095 0.305 42 130 67
-1.395 0.00500005 0.395 42 130 67
-1.305 0.00500005 0.395 42 130 67
-1.395 0.095 0.395 42 130 67
-1.305 0.095 0.395 42 130 67
-1.295 0.00500005 0.305 42 130 67
-1.205 0.00500005 0.305 42 130 67
-1.295 0.095 0.305 42 130 67
-1.205 0.095 0.305 42 130 67
-1.295 0.00500005 0.395 42 130 67
-1.205 0.00500005 0.395 42 130 67
-1.295 0.095 0.395 42 130 67
-1.205 0.095 0.395 42 130 67
-2.195 0.105 0.305 42 130 67
-2.105 0.105 0.305 42 130 67
-2.195 0.195 0.305 42 130 67
-2.105 0.195 0.305 42 130 67
-2.195 0.105 0.395 42 130 67
-2.105 0.105 0.395 42 130 67
-2.195 0.195 0.395 42 130 67
-2.105 0.195 0.395 42 130 67
-2.095 0.105 0.305 42 130 67
-2.005 0.105 0.305 42 130 67
-2.095 0.195 0.305 42 130 67
-2.005 0.195 0.305 42 130 67
-2.095 0.105 0.395 42 130 67
-2.005 0.105 0.395 42 130 67
-2.095 0.195 0.395 42 130 67
-2.005 0.195 0.395 42 130 67
-1.995 0.105 0.305 42 130 67
-1.905 0.105 0.305 42 130 67
-1.995 0.195 0.305 42 130 67
-1.905 0.195 0.305 42 130 67
-1.995 0.105 0.395 42 130 67
-1.905 0.105 0.395 42 130 67
-1.995 0.195 0.395 42 130 67
-1.905 0.195 0.395 42 130 67
-1.895 0.105 0.305 42 130 67
-1.805 0.105 0.305 42 130 67
-1.895 0.195 0.305 42 130 67
-1.805 0.195 0.305 42 130 67
-1.895 0.105 0.395 42 130 67
-1.805 0.105 0.395 42 130 67
-1.895 0.195 0.395 42 130 67
-1.805 0.195 0.395 42 130 67
-1.795 0.105 0.305 42 130 67
-1.705 0.105 0.305 42 130 67
-1.795 0.195 0.305 42 130 67
-1.705 0.195 0.305 42 130 67
-1.795 0.105 0.395 42 130 67
-1.705 0.105 0.395 42 130 67
-1.795 0.195 0.395 42 130 67
-1.705 0.195 0.395 42 130 67
-1.695 0.105 0.305 42 130 67
-1.605 0.105 0.305 42 130 67
-1.695 0.195 0.305 42 130 67
-1.605 0.195 0.305 42 130 67
-1.695 0.105 0.395 42 130 67
-1.605 0.105 0.395 42 130 67
-1.695 0.195 0.395 42 130 67
-1.605 0.195 0.395 42 130 67
-1.595 0.105 0.305 42 130 67
-1.505 0.105 0.305 42 130 67
-1.595 0.195 0.305 42 130 67
-1.505 0.195 0.305 42 130 67
-1.595 0.105 0.395 42 130 67
-1.505 0.105 0.395 42 130 67
-1.595 0.195 0.395 42 130 67
-1.505 0.195 0.395 42 130 67
-1.495 0.105 0.305 42 130 67
-1.405 0.105 0.305 42 130 67
-1.495 0.195 0.305 42 130 67
-1.405 0.195 0.305 42 130 67
-1.495 0.105 0.395 42 130 67
-1.405 0.105 0.395 42 130 67
-1.495 0.195 0.395 42 130 67
-1.405 0.195 0.395 42 130 67
-1.395 0.105 0.305 42 130 67
-1.305 0.105 0.305 42 130 67
-1.395 0.195 0.305 42 130 67
-1.305 0.195 0.305 42 130 67
-1.395 0.105 0.395 42 130 67
-1.305 0.105 0.395 42 130 67
-1.395 0.195 0.395 42 130 67
-1.305 0.195 0.395 42 130 67
-1.295 0.105 0.305 42 130 67
-1.205 0.105 0.305 42 130 67
-1.295 0.195 0.305 42 130 67
-1.205 0.195 0.305 42 130 67
-1.295 0.105 0.395 42 130 67
-1.205 0.105 0.395 42 130 67
-1.295 0.195 0.395 42 130 67
-1.205 0.195 0.395 42 130 67
-2.195 0.205 0.305 42 130 67
-2.105 0.205 0.305 42 130 67
-2.195 0.295 0.305 42 130 67
-2.105 0.295 0.305 42 130 67
-2.195 0.205 0.395 42 130 67
-2.105 0.205 0.395 42 130 67
-2.195 0.295 0.395 42 130 67
-2.105 0.295 0.395 42 130 67
-2.095 0.205 0.305 42 130 67
-2.005 0.205 0.305 42 130 67
-2.095 0.295 0.305 42 130 67
-2.005 0.295 0.305 42 130 67
-2.095 0.205 0.395 42 130 67
-2.005 0.205 0.395 42 130 67
-2.095 0.295 0.395 42 130 67
-2.005 0.295 0.395 42 130 67
-1.995 0.205 0.305 42 130 67
-1.905 0.205 0.305 42 130 67
-1.995 0.295 0.305 42 130 67
-1.905 0.295 0.305 42 130 67
-1.995 0.205 0.395 42 130 67
-1.905 0.205 0.395 42 130 67
-1.995 0.295 0.395 42 130 67
-1.905 0.295 0.395 42 130 67
-1.895 0.205 0.305 42 130 67
-1.805 0.205 0.305 42 130 67
-1.895 0.295 0.305 42 130 67
-1.805 0.295 0.305 42 130 67
-1.895 0.205 0.395 42 130 67
-1.805 0.205 0.395 42 130 67
-1.895 0.295 0.395 42 130 67
-1.805 0.295 0.395 42 130 67
-1.795 0.205 0.305 42 130 67
-1.705 0.205 0.305 42 130 67
-1.795 0.295 0.305 42 130 67
-1.705 0.295 0.305 42 130 67
-1.795 0.205 0.395 42 130 67
-1.705 0.205 0.395 42 130 67
-1.795 0.295 0.395 42 130 67
-1.705 0.295 0.395 42 130 67
-1.695 0.205 0.305 42 130 67
-1.605 0.205 0.305 42 130 67
-1.695 0.295 0.305 42 130 67
-1.605 0.295 0.305 42 130 67
-1.695 0.205 0.395 42 130 67
-1.605 0.205 0.395 42 130 67
-1.695 0.295 0.395 42 130 67
-1.605 0.295 0.395 42 130 67
-1.595 0.205 0.305 42 130 67
-1.505 0.205 0.305 42 130 67
-1.595 0.295 0.305 42 130 67
-1.505 0.295 0.305 42 130 67
-1.595 0.205 0.395 42 130 67
-1.505 0.205 0.395 42 130 67
-1.595 0.295 0.395 42 130 67
-1.505 0.295 0.395 42 130 67
-1.495 0.205 0.305 42 130 67
-1.405 0.205 0.305 42 130 67
-1.495 0.295 0.305 42 130 67
-1.405 0.295 0.305 42 130 67
-1.495 0.205 0.395 42 130 67
-1.405 0.205 0.395 42 130 67
-1.495 0.295 0.395 42 130 67
-1.405 0.295 0.395 42 130 67
-1.395 0.205 0.305 42 130 67
-1.305 0.205 0.305 42 130 67
-1.395 0.295 0.305 42 130 67
-1.305 0.295 0.305 42 130 67
-1.395 0.205 0.395 42 130 67
-1.305 0.205 0.395 42 130 67
-1.395 0.295 0.395 42 130 67
-1.305 0.295 0.395 42 130 67
-1.295 0.205 0.305 42 130 67
-1.205 0.205 0.305 42 130 67
-1.295 0.295 0.305 42 130 67
-1.205 0.295 0.305 42 130 67
-1.295 0.205 0.395 42 130 67
-1.205 0.205 0.395 42 130 67
-1.295 0.295 0.395 42 130 67
-1.205 0.295 0.395 42 130 67
-2.195 0.305 0.305 42 130 67
-2.105 0.305 0.305 42 130 67
-2.195 0.395 0.305 42 130 67
-2.105 0.395 0.305 42 130 67
-2.195 0.305 0.395 42 130 67
-2.105 0.305 0.395 42 130 67
-2.195 0.395 0.395 42 130 67
-2.105 0.395 0.395 42 130 67
-2.095 0.305 0.305 42 130 67
-2.005 0.305 0.305 42 130 67
-2.095 0.395 0.305 42 130 67
-2.005 0.395 0.305 42 130 67
-2.095 0.305 0.395 42 130 67
-2.005 0.305 0.395 42 130 67
-2.095 0.395 0.395 42 130 67
-2.005 0.395 0.395 42 130 67
-1.995 0.305 0.305 42 130 67
-1.905 0.305 0.305 42 130 67
-1.995 0.395 0.305 42 130 67
-1.905 0.395 0.305 42 130 67
-1.995 0.305 0.395 42 130 67
-1.905 0.305 0.395 42 130 67
-1.995 0.395 0.395 42 130 67
-1.905 0.395 0.395 42 130 67
-1.895 0.305 0.305 42 130 67
-1.805 0.305 0.305 42 130 67
-1.895 0.395 0.305 42 130 67
-1.805 0.395 0.305 42 130 67
-1.895 0.305 0.395 42 130 67
-1.805 0.305 0.395 42 130 67
-1.895 0.395 0.395 42 130 67
-1.805 0.395 0.395 42 130 67
-1.795 0.305 0.305 42 130 67
-1.705 0.305 0.305 42 130 67
-1.795 0.395 0.305 42 130 67
-1.705 0.395 0.305 42 130 67
-1.795 0.305 0.395 42 130 67
-1.705 0.305 0.395 42 130 67
-1.795 0.395 0.395 42 130 67
-1.705 0.395 0.395 42 130 67
-1.695 0.305 0.305 42 130 67
-1.605 0.305 0.305 42 130 67
-1.695 0.395 0.305 42 130 67
-1.605 0.395 0.305 42 130 67
-1.695 0.305 0.395 42 130 67
-1.605 0.305 0.395 42 130 67
-1.695 0.395 0.395 42 130 67
-1.605 0.395 0.395 42 130 67
-1.595 0.305 0.305 42 130 67
-1.505 0.305 0.305 42 130 67
-1.595 0.395 0.305 42 130 67
-1.505 0.395 0.305 42 130 67
-1.595 0.305 0.395 42 130 67
-1.505 0.305 0.395 42 130 67
-1.595 0.395 0.395 42 130 67
-1.505 0.395 0.395 42 130 67
-1.495 0.305 0.305 42 130 67
-1.405 0.305 0.305 42 130 67
-1.495 0.395 0.305 42 130 67
-1.405 0.395 0.305 42 130 67
-1.495 0.305 0.395 42 130 67
-1.405 0.305 0.395 42 130 67
-1.495 0.395 0.395 42 130 67
-1.405 0.395 0.395 42 130 67
-1.395 0.305 0.305 42 130 67
-1.305 0.305 0.305 42 130 67
-1.395 0.395 0.305 42 130 67
-1.305 0.395 0.305 42 130 67
-1.395 0.305 0.395 42 130 67
-1.305 0.305 0.395 42 130 67
-1.395 0.395 0.395 42 130 67
-1.305 0.395 0.395 42 130 67
-1.295 0.305 0.305 42 130 67
-1.205 0.305 0.305 42 130 67
-1.295 0.395 0.305 42 130 67
-1.205 0.395 0.305 42 130 67
-1.295 0.305 0.395 42 130 67
-1.205 0.305 0.395 42 130 67
-1.295 0.395 0.395 42 130 67
-1.205 0.395 0.395 42 130 67
-2.195 0.405 0.305 42 130 67
-2.105 0.405 0.305 42 130 67
-2.195 0.495 0.305 42 130 67
-2.105 0.495 0.305 42 130 67
-2.195 0.405 0.395 42 130 67
-2.105 0.405 0.395 42 130 67
-2.195 0.495 0.395 42 130 67
-2.105 0.495 0.395 42 130 67
-2.095 0.405 0.305 42 130 67
-2.005 0.405 0.305 42 130 67
-2.095 0.495 0.305 42 130 67
-2.005 0.495 0.305 42 130 67
-2.095 0.405 0.395 42 130 67
-2.005 0.405 0.395 42 130 67
-2.095 0.495 0.395 42 130 67
-2.005 0.495 0.395 42 130 67
-1.995 0.405 0.305 42 130 67
-1.905 0.405 0.305 42 130 67
-1.995 0.495 0.305 42 130 67
-1.905 0.495 0.305 42 130 67
-1.995 0.405 0.395 42 130 67
-1.905 0.405 0.395 42 130 67
-1.995 0.495 0.395 42 130 67
-1.905 0.495 0.395 42 130 67
-1.895 0.405 0.305 42 130 67
-1.805 0.405 0.305 42 130 67
-1.895 0.495 0.305 42 130 67
-1.805 0.495 0.305 42 130 67
-1.895 0.405 0.395 42 130 67
-1.805 0.405 0.395 42 130 67
-1.895 0.495 0.395 42 130 67
-1.805 0.495 0.395 42 130 67
-1.795 0.405 0.305 42 130 67
-1.705 0.405 0.305 42 130 67
-1.795 0.495 0.305 42 130 67
-1.705 0.495 0.305 42 130 67
-1.795 0.405 0.395 42 130 67
-1.705 0.405 0.395 42 130 67
-1.795 0.495 0.395 42 130 67
-1.705 0.495 0.395 42 130 67
-1.695 0.405 0.305 42 130 67
-1.605 0.405 0.305 42 130 67
-1.695 0.495 0.305 42 130 67
-1.605 0.495 0.305 42 130 67
-1.695 0.405 0.395 42 130 67
-1.605 0.405 0.395 42 130 67
-1.695 0.495 0.395 42 130 67
-1.605 0.495 0.395 42 130 67
-1.595 0.405 0.305 42 130 67
-1.505 0.405 0.305 42 130 67
-1.595 0.495 0.305 42 130 67
-1.505 0.495 0.305 42 130 67
-1.595 0.405 0.395 42 130 67
-1.505 0.405 0.395 42 130 67
-1.595 0.495 0.395 42 130 67
-1.505 0.495 0.395 42 130 67
-1.495 0.405 0.305 42 130 67
-1.405 0.405 0.305 42 130 67
-1.495 0.495 0.305 42 130 67
-1.405 0.495 0.305 42 130 67
-1.495 0.405 0.395 42 130 67
-1.405 0.405 0.395 42 130 67
-1.495 0.495 0.395 42 130 67
-1.405 0.495 0.395 42 130 67
-1.395 0.405 0.305 42 130 67
-1.305 0.405 0.305 42 130 67
-1.395 0.495 0.305 42 130 67
-1.305 0.495 0.305 42 130 67
-1.395 0.405 0.395 42 130 67
-1.305 0.405 0.395 42 130 67
-1.395 0.495 0.395 42 130 67
-1.305 0.495 0.395 42 130 67
-1.295 0.405 0.305 42 130 67
-1.205 0.405 0.305 42 130 67
-1.295 0.495 0.305 42 130 67
-1.205 0.495 0.305 42 130 67
-1.295 0.405 0.395 42 130 67
-1.205 0.405 0.395 42 130 67
-1.295 0.495 0.395 42 130 67
-1.205 0.495 0.395 42 130 67
-2.195 -0.495 0.405 42 130 67
-2.105 -0.495 0.405 42 130 67
-2.195 -0.405 0.405 42 130 67
-2.105 -0.405 0.405 42 130 67
-2.195 -0.495 0.495 42 130 67
-2.105 -0.495 0.495 42 130 67
-2.195 -0.405 0.495 42 130 67
-2.105 -0.405 0.495 42 130 67
-2.095 -0.495 0.405 42 130 67
-2.005 -0.495 0.405 42 130 67
-2.095 -0.405 0.405 42 130 67
-2.005 -0.405 0.405 42 130 67
-2.095 -0.495 0.495 42 130 67
-2.005 -0.495 0.495 42 130 67
-2.095 -0.405 0.495 42 130 67
-2.005 -0.405 0.495 42 130 67
-1.995 -0.495 0.405 42 130 67
-1.905 -0.495 0.405 42 130 67
-1.995 -0.405 0.405 42 130 67
-1.905 -0.405 0.405 42 130 67
-1.995 -0.495 0.495 42 130 67
-1.905 -0.495 0.495 42 130 67
-1.995 -0.405 0.495 42 130 67
-1.905 -0.405 0.495 42 130 67
-1.895 -0.495 0.405 42 130 67
-1.805 -0.495 0.405 42 130 67
-1.895 -0.405 0.405 42 130 67
-1.805 -0.405 0.405 42 130 67
-1.895 -0.495 0.495 42 130 67
-1.805 -0.495 0.495 42 130 67
-1.895 -0.405 0.495 42 130 67
-1.805 -0.405 0.495 42 130 67
-1.795 -0.495 0.405 42 130 67
-1.705 -0.495 0.405 42 130 67
-1.795 -0.405 0.405 42 130 67
-1.705 -0.405 0.405 42 130 67
-1.795 -0.495 0.495 42 130 67
-1.705 -0.495 0.495 42 130 67
-1.795 -0.405 0.495 42 130 67
-1.705 -0.405 0.495 42 130 67
-1.695 -0.495 0.405 42 130 67
-1.605 -0.495 0.405 42 130 67
-1.695 -0.405 0.405 42 130 67
-1.605 -0.405 0.405 42 130 67
-1.695 -0.495 0.495 42 130 67
-1.605 -0.495 0.495 42 130 67
-1.695 -0.405 0.495 42 130 67
-1.605 -0.405 0.495 42 130 67
-1.595 -0.495 0.405 42 130 67
-1.505 -0.495 0.405 42 130 67
-1.595 -0.405 0.405 42 130 67
-1.505 -0.405 0.405 42 130 67
-1.595 -0.495 0.495 42 130 67
-1.505 -0.495 0.495 42 130 67
-1.595 -0.405 0.495 42 130 67
-1.505 -0.405 0.495 42 130 67
-1.495 -0.495 0.405 42 130 67
-1.405 -0.495 0.405 42 130 67
-1.495 -0.405 0.405 42 130 67
-1.405 -0.405 0.405 42 130 67
-1.495 -0.495 0.495 42 130 67
-1.405 -0.495 0.495 42 130 67
-1.495 -0.405 0.495 42 130 67
-1.405 -0.405 0.495 42 130 67
-1.395 -0.495 0.405 42 130 67
-1.305 -0.495 0.405 42 130 67
-1.395 -0.405 0.405 42 130 67
-1.305 -0.405 0.405 42 130 67
-1.395 -0.495 0.495 42 130 67
-1.305 -0.495 0.495 42 130 67
-1.395 -0.405 0.495 42 130 67
-1.305 -0.405 0.495 42 130 67
-1.295 -0.495 0.405 42 130 67
-1.205 -0.495 0.405 42 130 67
-1.295 -0.405 0.405 42 130 67
-1.205 -0.405 0.405 42 130 67
-1.295 -0.495 0.495 42 130 67
-1.205 -0.495 0.495 42 130 67
-1.295 -0.405 0.495 42 130 67
-1.205 -0.405 0.495 42 130 67
-2.195 -0.395 0.405 42 130 67
-2.105 -0.395 0.405 42 130 67
-2.195 -0.305 0.405 42 130 67
-2.105 -0.305 0.405 42 130 67
-2.195 -0.395 0.495 42 130 67
-2.105 -0.395 0.495 42 130 67
-2.195 -0.305 0.495 42 130 67
-2.105 -0.305 0.495 42 130 67
-2.095 -0.395 0.405 42 130 67
-2.005 -0.395 0.405 42 130 67
-2.095 -0.305 0.405 42 130 67
-2.005 -0.305 0.405 42 130 67
-2.095 -0.395 0.495 42 130 67
-2.005 -0.395 0.495 42 130 67
-2.095 -0.305 0.495 42 130 67
-2.005 -0.305 0.495 42 130 67
-1.995 -0.395 0.405 42 130 67
-1.905 -0.395 0.405 42 130 67
-1.995 -0.305 0.405 42 130 67
-1.905 -0.305 0.405 42 130 67
-1.995 -0.395 0.495 42 130 67
-1.905 -0.395 0.495 42 130 67
-1.995 -0.305 0.495 42 130 67
-1.905 -0.305 0.495 42 130 67
-1.895 -0.395 0.405 42 130 67
-1.805 -0.395 0.405 42 130 67
-1.895 -0.305 0.405 42 130 67
-1.805 -0.305 0.405 42 130 67
-1.895 -0.395 0.495 42 130 67
-1.805 -0.395 0.495 42 130 67
-1.895 -0.305 0.495 42 130 67
-1.805 -0.305 0.495 42 130 67
-1.795 -0.395 0.405 42 130 67
-1.705 -0.395 0.405 42 130 67
-1.795 -0.305 0.405 42 130 67
-1.705 -0.305 0.405 42 130 67
-1.795 -0.395 0.495 42 130 67
-1.705 -0.395 0.495 42 130 67
-1.795 -0.305 0.495 42 130 67
-1.705 -0.305 0.495 42 130 67
-1.695 -0.395 0.405 42 130 67
-1.605 -0.395 0.405 42 130 67
-1.695 -0.305 0.405 42 130 67
-1.605 -0.305 0.405 42 130 67
-1.695 -0.395 0.495 42 130 67
-1.605 -0.395 0.495 42 130 67
-1.695 -0.305 0.495 42 130 67
-1.605 -0.305 0.495 42 130 67
-1.595 -0.395 0.405 42 130 67
-1.505 -0.395 0.405 42 130 67
-1.595 -0.305 0.405 42 130 67
-1.505 -0.305 0.405 42 130 67
-1.595 -0.395 0.495 42 130 67
-1.505 -0.395 0.495 42 130 67
-1.595 -0.305 0.495 42 130 67
-1.505 -0.305 0.495 42 130 67
-1.495 -0.395 0.405 42 130 67
-1.405 -0.395 0.405 42 130 67
-1.495 -0.305 0.405 42 130 67
-1.405 -0.305 0.405 42 130 67
-1.495 -0.395 0.495 42 130 67
-1.405 -0.395 0.495 42 130 67
-1.495 -0.305 0.495 42 130 67
-1.405 -0.305 0.495 42 130 67
-1.395 -0.395 0.405 42 130 67
-1.305 -0.395 0.405 42 130 67
-1.395 -0.305 0.405 42 130 67
-1.305 -0.305 0.405 42 130 67
-1.395 -0.395 0.495 42 130 67
-1.305 -0.395 0.495 42 130 67
-1.395 -0.305 0.495 42 130 67
-1.305 -0.305 0.495 42 130 67
-1.295 -0.395 0.405 42 130 67
-1.205 -0.395 0.405 42 130 67
-1.295 -0.305 0.405 42 130 67
-1.205 -0.305 0.405 42 130 67
-1.295 -0.395 0.495 42 130 67
-1.205 -0.395 0.495 42 130 67
-1.295 -0.305 0.495 42 130 67
-1.205 -0.305 0.495 42 130 67
-2.195 -0.295 0.405 42 130 67
-2.105 -0.295 0.405 42 130 67
-2.195 -0.205 0.405 42 130 67
-2.105 -0.205 0.405 42 130 67
-2.195 -0.295 0.495 42 130 67
-2.105 -0.295 0.495 42 130 67
-2.195 -0.205 0.495 42 130 67
-2.105 -0.205 0.495 42 130 67
-2.095 -0.295 0.405 42 130 67
-2.005 -0.295 0.405 42 130 67
-2.095 -0.205 0.405 42 130 67
-2.005 -0.205 0.405 42 130 67
-2.095 -0.295 0.495 42 130 67
-2.005 -0.295 0.495 42 130 67
-2.095 -0.205 0.495 42 130 67
-2.005 -0.205 0.495 42 130 67
-1.995 -0.295 0.405 42 130 67
-1.905 -0.295 0.405 42 130 67
-1.995 -0.205 0.405 42 130 67
-1.905 -0.205 0.405 42 130 67
-1.995 -0.295 0.495 42 130 67
-1.905 -0.295 0.495 42 130 67
-1.995 -0.205 0.495 42 130 67
-1.905 -0.205 0.495 42 130 67
-1.895 -0.295 0.405 42 130 67
-1.805 -0.295 0.405 42 130 67
-1.895 -0.205 0.405 42 130 67
-1.805 -0.205 0.405 42 130 67
-1.895 -0.295 0.495 42 130 67
-1.805 -0.295 0.495 42 130 67
-1.895 -0.205 0.495 42 130 67
-1.805 -0.205 0.495 42 130 67
-1.795 -0.295 0.405 42 130 67
-1.705 -0.295 0.405 42 130 67
-1.795 -0.205 0.405 42 130 67
-1.705 -0.205 0.405 42 130 67
-1.795 -0.295 0.495 42 130 67
-1.705 -0.295 0.495 42 130 67
-1.795 -0.205 0.495 42 130 67
-1.705 -0.205 0.495 42 130 67
-1.695 -0.295 0.405 42 130 67
-1.605 -0.295 0.405 42 130 67
-1.695 -0.205 0.405 42 130 67
-1.605 -0.205 0.405 42 130 67
-1.695 -0.295 0.495 42 130 67
-1.605 -0.295 0.495 42 130 67
-1.695 -0.205 0.495 42 130 67
-1.605 -0.205 0.495 42 130 67
-1.595 -0.295 0.405 42 130 67
-1.505 -0.295 0.405 42 130 67
-1.595 -0.205 0.405 42 130 67
-1.505 -0.205 0.405 42 130 67
-1.595 -0.295 0.495 42 130 67
-1.505 -0.295 0.495 42 130 67
-1.595 -0.205 0.495 42 130 67
-1.505 -0.205 0.495 42 130 67
-1.495 -0.295 0.405 42 130 67
-1.405 -0.295 0.405 42 130 67
-1.495 -0.205 0.405 42 130 67
-1.405 -0.205 0.405 42 130 67
-1.495 -0.295 0.495 42 130 67
-1.405 -0.295 0.495 42 130 67
-1.495 -0.205 0.495 42 130 67
-1.405 -0.205 0.495 42 130 67
-1.395 -0.295 0.405 42 130 67
-1.305 -0.295 0.405 42 130 67
-1.395 -0.205 0.405 42 130 67
-1.305 -0.205 0.405 42 130 67
-1.395 -0.295 0.495 42 130 67
-1.305 -0.295 0.495 42 130 67
-1.395 -0.205 0.495 42 130 67
-1.305 -0.205 0.495 42 130 67
-1.295 -0.295 0.405 42 130 67
-1.205 -0.295 0.405 42 130 67
-1.295 -0.205 0.405 42 130 67
-1.205 -0.205 0.405 42 130 67
-1.295 -0.295 0.495 42 130 67
-1.205 -0.295 0.495 42 130 67
-1.295 -0.205 0.495 42 130 67
-1.205 -0.205 0.495 42 130 67
-2.195 -0.195 0.405 42 130 67
-2.105 -0.195 0.405 42 130 67
-2.195 -0.105 0.405 42 130 67
-2.105 -0.105 0.405 42 130 67
-2.195 -0.195 0.495 42 130 67
-2.105 -0.195 0.495 42 130 67
-2.195 -0.105 0.495 42 130 67
-2.105 -0.105 0.495 42 130 67
-2.095 -0.195 0.405 42 130 67
-2.005 -0.195 0.405 42 130 67
-2.095 -0.105 0.405 42 130 67
-2.005 -0.105 0.405 42 130 67
-2.095 -0.195 0.495 42 130 67
-2.005 -0.195 0.495 42 130 67
-2.095 -0.105 0.495 42 130 67
-2.005 -0.105 0.495 42 130 67
-1.995 -0.195 0.405 42 130 67
-1.905 -0.195 0.405 42 130 67
-1.995 -0.105 0.405 42 130 67
-1.905 -0.105 0.405 42 130 67
-1.995 -0.195 0.495 42 130 67
-1.905 -0.195 0.495 42 130 67
-1.995 -0.105 0.495 42 130 67
-1.905 -0.105 0.495 42 130 67
-1.895 -0.195 0.405 42 130 67
-1.805 -0.195 0.405 42 130 67
-1.895 -0.105 0.405 42 130 67
-1.805 -0.105 0.405 42 130 67
-1.895 -0.195 0.495 42 130 67
-1.805 -0.195 0.495 42 130 67
-1.895 -0.105 0.495 42 130 67
-1.805 -0.105 0.495 42 130 67
-1.795 -0.195 0.405 42 130 67
-1.705 -0.195 0.405 42 130 67
-1.795 -0.105 0.405 42 130 67
-1.705 -0.105 0.405 42 130 67
-1.795 -0.195 0.495 42 130 67
-1.705 -0.195 0.495 42 130 67
-1.795 -0.105 0.495 42 130 67
-1.705 -0.105 0.495 42 130 67
-1.695 -0.195 0.405 42 130 67
-1.605 -0.195 0.405 42 130 67
-1.695 -0.105 0.405 42 130 67
-1.605 -0.105 0.405 42 130 67
-1.695 -0.195 0.495 42 130 67
-1.605 -0.195 0.495 42 130 67
-1.695 -0.105 0.495 42 130 67
-1.605 -0.105 0.495 42 130 67
-1.595 -0.195 0.405 42 130 67
-1.505 -0.195 0.405 42 130 67
-1.595 -0.105 0.405 42 130 67
-1.505 -0.105 0.405 42 130 67
-1.595 -0.195 0.495 42 130 67
-1.505 -0.195 0.495 42 130 67
-1.595 -0.105 0.495 42 130 67
-1.505 -0.105 0.495 42 130 67
-1.495 -0.195 0.405 42 130 67
-1.405 -0.195 0.405 42 130 67
-1.495 -0.105 0.405 42 130 67
-1.405 -0.105 0.405 42 130 67
-1.495 -0.195 0.495 42 130 67
-1.405 -0.195 0.495 42 130 67
-1.495 -0.105 0.495 42 130 67
-1.405 -0.105 0.495 42 130 67
-1.395 -0.195 0.405 42 130 67
-1.305 -0.195 0.405 42 130 67
-1.395 -0.105 0.405 42 130 67
-1.305 -0.105 0.405 42 130 67
-1.395 -0.195 0.495 42 130 67
-1.305 -0.195 0.495 42 130 67
-1.395 -0.105 0.495 42 130 67
-1.305 -0.105 0.495 42 130 67
-1.295 -0.195 0.405 42 130 67
-1.205 -0.195 0.405 42 130 67
-1.295 -0.105 0.405 42 130 67
-1.205 -0.105 0.405 42 130 67
-1.295 -0.195 0.495 42 130 67
-1.205 -0.195 0.495 42 130 67
-1.295 -0.105 0.495 42 130 67
-1.205 -0.105 0.495 42 130 67
-2.195 -0.095 0.405 42 130 67
-2.105 -0.095 0.405 42 130 67
-2.195 -0.00500003 0.405 42 130 67
-2.105 -0.00500003 0.405 42 130 67
-2.195 -0.095 0.495 42 130 67
-2.105 -0.095 0.495 42 130 67
-2.195 -0.00500003 0.495 42 130 67
-2.105 -0.00500003 0.495 42 130 67
-2.095 -0.095 0.405 42 130 67
-2.005 -0.095 0.405 42 130 67
-2.095 -0.00500003 0.405 42 130 67
-2.005 -0.00500003 0.405 42 130 67
-2.095 -0.095 0.495 42 130 67
-2.005 -0.095 0.495 42 130 67
-2.095 -0.00500003 0.495 42 130 67
-2.005 -0.00500003 0.495 42 130 67
-1.995 -0.095 0.405 42 130 67
-1.905 -0.095 0.405 42 130 67
-1.995 -0.00500003 0.405 42 130 67
-1.905 -0.00500003 0.405 42 130 67
-1.995 -0.095 0.495 42 130 67
-1.905 -0.095 0.495 42 130 67
-1.995 -0.00500003 0.495 42 130 67
-1.905 -0.00500003 0.495 42 130 67
-1.895 -0.095 0.405 42 130 67
-1.805 -0.095 0.405 42 130 67
-1.895 -0.00500003 0.405 42 130 67
-1.805 -0.00500003 0.405 42 130 67
-1.895 -0.095 0.495 42 130 67
-1.805 -0.095 0.495 42 130 67
-1.895 -0.00500003 0.495 42 130 67
-1.805 -0.00500003 0.495 42 130 67
-1.795 -0.095 0.405 42 130 67
-1.705 -0.095 0.405 42 130 67
-1.795 -0.00500003 0.405 42 130 67
-1.705 -0.00500003 0.405 42 130 67
-1.795 -0.095 0.495 42 130 67
-1.705 -0.095 0.495 42 130 67
-1.795 -0.00500003 0.495 42 130 67
-1.705 -0.00500003 0.495 42 130 67
-1.695 -0.095 0.405 42 130 67
-1.605 -0.095 0.405 42 130 67
-1.695 -0.00500003 0.405 42 130 67
-1.605 -0.00500003 0.405 42 130 67
-1.695 -0.095 0.495 42 130 67
-1.605 -0.095 0.495 42 130 67
-1.695 -0.00500003 0.495 42 130 67
-1.605 -0.00500003 0.495 42 130 67
-1.595 -0.095 0.405 42 130 67
-1.505 -0.095 0.405 42 130 67
-1.595 -0.00500003 0.405 42 130 67
-1.505 -0.00500003 0.405 42 130 67
-1.595 -0.095 0.495 42 130 67
-1.505 -0.095 0.495 42 130 67
-1.595 -0.00500003 0.495 42 130 67
-1.505 -0.00500003 0.495 42 130 67
-1.495 -0.095 0.405 42 130 67
-1.405 -0.095 0.405 42 130 67
-1.495 -0.00500003 0.405 42 130 67
-1.405 -0.00500003 0.405 42 130 67
-1.495 -0.095 0.495 42 130 67
-1.405 -0.095 0.495 42 130 67
-1.495 -0.00500003 0.495 42 130 67
-1.405 -0.00500003 0.495 42 130 67
-1.395 -0.095 0.405 42 130 67
-1.305 -0.095 0.405 42 130 67
-1.395 -0.00500003 0.405 42 130 67
-1.305 -0.00500003 0.405 42 130 67
-1.395 -0.095 0.495 42 130 67
-1.305 -0.095 0.495 42 130 67
-1.395 -0.00500003 0.495 42 130 67
-1.305 -0.00500003 0.495 42 130 67
-1.295 -0.095 0.405 42 130 67
-1.205 -0.095 0.405 42 130 67
-1.295 -0.00500003 0.405 42 130 67
-1.205 -0.00500003 0.405 42 130 67
-1.295 -0.095 0.495 42 130 67
-1.205 -0.095 0.495 42 130 67
-1.295 -0.00500003 0.495 42 130 67
-1.205 -0.00500003 0.495 42 130 67
-2.195 0.00500005 0.405 42 130 67
-2.105 0.00500005 0.405 42 130 67
-2.195 0.095 0.405 42 130 67
-2.105 0.095 0.405 42 130 67
-2.195 0.00500005 0.495 42 130 67
-2.105 0.00500005 0.495 42 130 67
-2.195 0.095 0.495 42 130 67
-2.105 0.095 0.495 42 130 67
-2.095 0.00500005 0.405 42 130 67
-2.005 0.00500005 0.405 42 130 67
-2.095 0.095 0.405 42 130 67
-2.005 0.095 0.405 42 130 67
-2.095 0.00500005 0.495 42 130 67
-2.005 0.00500005 0.495 42 130 67
-2.095 0.095 0.495 42 130 67
-2.005 0.095 0.495 42 130 67
-1.995 0.00500005 0.405 42 130 67
-1.905 0.00500005 0.405 42 130 67
-1.995 0.095 0.405 42 130 67
-1.905 0.095 0.405 42 130 67
-1.995 0.00500005 0.495 42 130 67
-1.905 0.00500005 0.495 42 130 67
-1.995 0.095 0.495 42 130 67
-1.905 0.095 0.495 42 130 67
-1.895 0.00500005 0.405 42 130 67
-1.805 0.00500005 0.405 42 130 67
-1.895 0.095 0.405 42 130 67
-1.805 0.095 0.405 42 130 67
-1.895 0.00500005 0.495 42 130 67
-1.805 0.00500005 0.495 42 130 67
-1.895 0.095 0.495 42 130 67
-1.805 0.095 0.495 42 130 67
-1.795 0.00500005 0.405 42 130 67
-1.705 0.00500005 0.405 42 130 67
-1.795 0.095 0.405 42 130 67
-1.705 0.095 0.405 42 130 67
-1.795 0.00500005 0.495 42 130 67
-1.705 0.00500005 0.495 42 130 67
-1.795 0.095 0.495 42 130 67
-1.705 0.095 0.495 42 130 67
-1.695 0.00500005 0.405 42 130 67
-1.605 0.00500005 0.405 42 130 67
-1.695 0.095 0.405 42 130 67
-1.605 0.095 0.405 42 130 67
-1.695 0.00500005 0.495 42 130 67
-1.605 0.00500005 0.495 42 130 67
-1.695 0.095 0.495 42 130 67
-1.605 0.095 0.495 42 130 67
-1.595 0.00500005 0.405 42 130 67
-1.505 0.00500005 0.405 42 130 67
-1.595 0.095 0.405 42 130 67
-1.505 0.095 0.405 42 130 67
-1.595 0.00500005 0.495 42 130 67
-1.505 0.00500005 0.495 42 130 67
-1.595 0.095 0.495 42 130 67
-1.505 0.095 0.495 42 130 67
-1.495 0.00500005 0.405 42 130 67
-1.405 0.00500005 0.405 42 130 67
-1.495 0.095 0.405 42 130 67
-1.405 0.095 0.405 42 130 67
-1.495 0.00500005 0.495 42 130 67
-1.405 0.00500005 0.495 42 130 67
-1.495 0.095 0.495 42 130 67
-1.405 0.095 0.495 42 130 67
-1.395 0.00500005 0.405 42 130 67
-1.305 0.00500005 0.405 42 130 67
-1.395 0.095 0.405 42 130 67
-1.305 0.095 0.405 42 130 67
-1.395 0.00500005 0.495 42 130 67
-1.305 0.00500005 0.495 42 130 67
-1.395 0.095 0.495 42 130 67
-1.305 0.095 0.495 42 130 67
-1.295 0.00500005 0.405 42 130 67
-1.205 0.00500005 0.405 42 130 67
-1.295 0.095 0.405 42 130 67
-1.205 0.095 0.405 42 130 67
-1.295 0.00500005 0.495 42 130 67
-1.205 0.00500005 0.495 42 130 67
-1.295 0.095 0.495 42 130 67
-1.205 0.095 0.495 42 130 67
-2.195 0.105 0.405 42 130 67
-2.105 0.105 0.405 42 130 67
-2.195 0.195 0.405 42 130 67
-2.105 0.195 0.405 42 130 67
-2.195 0.105 0.495 42 130 67
-2.105 0.105 0.495 42 130 67
-2.195 0.195 0.495 42 130 67
-2.105 0.195 0.495 42 130 67
-2.095 0.105 0.405 42 130 67
-2.005 0.105 0.405 42 130 67
-2.095 0.195 0.405 42 130 67
-2.005 0.195 0.405 42 130 67
-2.095 0.105 0.495 42 130 67
-2.005 0.105 0.495 42 130 67
-2.095 0.195 0.495 42 130 67
-2.005 0.195 0.495 42 130 67
-1.995 0.105 0.405 42 130 67
-1.905 0.105 0.405 42 130 67
-1.995 0.195 0.405 42 130 67
-1.905 0.195 0.405 42 130 67
-1.995 0.105 0.495 42 130 67
-1.905 0.105 0.495 42 130 67
-1.995 0.195 0.495 42 130 67
-1.905 0.195 0.495 42 130 67
-1.895 0.105 0.405 42 130 67
-1.805 0.105 0.405 42 130 67
-1.895 0.195 0.405 42 130 67
-1.805 0.195 0.405 42 130 67
-1.895 0.105 0.495 42 130 67
-1.805 0.105 0.495 42 130 67
-1.895 0.195 0.495 42 130 67
-1.805 0.195 0.495 42 130 67
-1.795 0.105 0.405 42 130 67
-1.705 0.105 0.405 42 130 67
-1.795 0.195 0.405 42 130 67
-1.705 0.195 0.405 42 130 67
-1.795 0.105 0.495 42 130 67
-1.705 0.105 0.495 42 130 67
-1.795 0.195 0.495 42 130 67
-1.705 0.195 0.495 42 130 67
-1.695 0.105 0.405 42 130 67
-1.605 0.105 0.405 42 130 67
-1.695 0.195 0.405 42 130 67
-1.605 0.195 0.405 42 130 67
-1.695 0.105 0.495 42 130 67
-1.605 0.105 0.495 42 130 67
-1.695 0.195 0.495 42 130 67
-1.605 0.195 0.495 42 130 67
-1.595 0.105 0.405 42 130 67
-1.505 0.105 0.405 42 130 67
-1.595 0.195 0.405 42 130 67
-1.505 0.195 0.405 42 130 67
-1.595 0.105 0.495 42 130 67
-1.505 0.105 0.495 42 130 67
-1.595 0.195 0.495 42 130 67
-1.505 0.195 0.495 42 130 67
-1.495 0.105 0.405 42 130 67
-1.405 0.105 0.405 42 130 67
-1.495 0.195 0.405 42 130 67
-1.405 0.195 0.405 42 130 67
-1.495 0.105 0.495 42 130 67
-1.405 0.105 0.495 42 130 67
-1.495 0.195 0.495 42 130 67
-1.405 0.195 0.495 42 130 67
-1.395 0.105 0.405 42 130 67
-1.305 0.105 0.405 42 130 67
-1.395 0.195 0.405 42 130 67
-1.305 0.195 0.405 42 130 67
-1.395 0.105 0.495 42 130 67
-1.305 0.105 0.495 42 130 67
-1.395 0.195 0.495 42 130 67
-1.305 0.195 0.495 42 130 67
-1.295 0.105 0.405 42 130 67
-1.205 0.105 0.405 42 130 67
-1.295 0.195 0.405 42 130 67
-1.205 0.195 0.405 42 130 67
-1.295 0.105 0.495 42 130 67
-1.205 0.105 0.495 42 130 67
-1.295 0.195 0.495 42 130 67
-1.205 0.195 0.495 42 130 67
-2.195 0.205 0.405 42 130 67
-2.105 0.205 0.405 42 130 67
-2.195 0.295 0.405 42 130 67
-2.105 0.295 0.405 42 130 67
-2.195 0.205 0.495 42 130 67
-2.105 0.205 0.495 42 130 67
-2.195 0.295 0.495 42 130 67
-2.105 0.295 0.495 42 130 67
-2.095 0.205 0.405 42 130 67
-2.005 0.205 0.405 42 130 67
-2.095 0.295 0.405 42 130 67
-2.005 0.295 0.405 42 130 67
-2.095 0.205 0.495 42 130 67
-2.005 0.205 0.495 42 130 67
-2.095 0.295 0.495 42 130 67
-2.005 0.295 0.495 42 130 67
-1.995 0.205 0.405 42 130 67
-1.905 0.205 0.405 42 130 67
-1.995 0.295 0.405 42 130 67
-1.905 0.295 0.405 42 130 67
-1.995 0.205 0.495 42 130 67
-1.905 0.205 0.495 42 130 67
-1.995 0.295 0.495 42 130 67
-1.905 0.295 0.495 42 130 67
-1.895 0.205 0.405 42 130 67
-1.805 0.205 0.405 42 130 67
-1.895 0.295 0.405 42 130 67
-1.805 0.295 0.405 42 130 67
-1.895 0.205 0.495 42 130 67
-1.805 0.205 0.495 42 130 67
-1.895 0.295 0.495 42 130 67
-1.805 0.295 0.495 42 130 67
-1.795 0.205 0.405 42 130 67
-1.705 0.205 0.405 42 130 67
-1.795 0.295 0.405 42 130 67
-1.705 0.295 0.405 42 130 67
-1.795 0.205 0.495 42 130 67
-1.705 0.205 0.495 42 130 67
-1.795 0.295 0.495 42 130 67
-1.705 0.295 0.495 42 130 67
-1.695 0.205 0.405 42 130 67
-1.605 0.205 0.405 42 130 67
-1.695 0.295 0.405 42 130 67
-1.605 0.295 0.405 42 130 67
-1.695 0.205 0.495 42 130 67
-1.605 0.205 0.495 42 130 67
-1.695 0.295 0.495 42 130 67
-1.605 0.295 0.495 42 130 67
-1.595 0.205 0.405 42 130 67
-1.505 0.205 0.405 42 130 67
-1.595 0.295 0.405 42 130 67
-1.505 0.295 0.405 42 130 67
-1.595 0.205 0.495 42 130 67
-1.505 0.205 0.495 42 130 67
-1.595 0.295 0.495 42 130 67
-1.505 0.295 0.495 42 130 67
-1.495 0.205 0.405 42 130 67
-1.405 0.205 0.405 42 130 67
-1.495 0.295 0.405 42 130 67
-1.405 0.295 0.405 42 130 67
-1.495 0.205 0.495 42 130 67
-1.405 0.205 0.495 42 130 67
-1.495 0.295 0.495 42 130 67
-1.405 0.295 0.495 42 130 67
-1.395 0.205 0.405 42 130 67
-1.305 0.205 0.405 42 130 67
-1.395 0.295 0.405 42 130 67
-1.305 0.295 0.405 42 130 67
-1.395 0.205 0.495 42 130 67
-1.305 0.205 0.495 42 130 67
-1.395 0.295 0.495 42 130 67
-1.305 0.295 0.495 42 130 67
-1.295 0.205 0.405 42 130 67
-1.205 0.205 0.405 42 130 67
-1.295 0.295 0.405 42 130 67
-1.205 0.295 0.405 42 130 67
-1.295 0.205 0.495 42 130 67
-1.205 0.205 0.495 42 130 67
-1.295 0.295 0.495 42 130 67
-1.205 0.295 0.495 42 130 67
-2.195 0.305 0.405 42 130 67
-2.105 0.305 0.405 42 130 67
-2.195 0.395 0.405 42 130 67
-2.105 0.395 0.405 42 130 67
-2.195 0.305 0.495 42 130 67
-2.105 0.305 0.495 42 130 67
-2.195 0.395 0.495 42 130 67
-2.105 0.395 0.495 42 130 67
-2.095 0.305 0.405 42 130 67
-2.005 0.305 0.405 42 130 67
-2.095 0.395 0.405 42 130 67
-2.005 0.395 0.405 42 130 67
-2.095 0.305 0.495 42 130 67
-2.005 0.305 0.495 42 130 67
-2.095 0.395 0.495 42 130 67
-2.005 0.395 0.495 42 130 67
-1.995 0.305 0.405 42 130 67
-1.905 0.305 0.405 42 130 67
-1.995 0.395 0.405 42 130 67
-1.905 0.395 0.405 42 130 67
-1.995 0.305 0.495 42 130 67
-1.905 0.305 0.495 42 130 67
-1.995 0.395 0.495 42 130 67
-1.905 0.395 0.495 42 130 67
-1.895 0.305 0.405 42 130 67
-1.805 0.305 0.405 42 130 67
-1.895 0.395 0.405 42 130 67
-1.805 0.395 0.405 42 130 67
-1.895 0.305 0.495 42 130 67
-1.805 0.305 0.495 42 130 67
-1.895 0.395 0.495 42 130 67
-1.805 0.395 0.495 42 130 67
-1.795 0.305 0.405 42 130 67
-1.705 0.305 0.405 42 130 67
-1.795 0.395 0.405 42 130 67
-1.705 0.395 0.405 42 130 67
-1.795 0.305 0.495 42 130 67
-1.705 0.305 0.495 42 130 67
-1.795 0.395 0.495 42 130 67
-1.705 0.395 0.495 42 130 67
-1.695 0.305 0.405 42 130 67
-1.605 0.305 0.405 42 130 67
-1.695 0.395 0.405 42 130 67
-1.605 0.395 0.405 42 130 67
-1.695 0.305 0.495 42 130 67
-1.605 0.305 0.495 42 130 67
-1.695 0.395 0.495 42 130 67
-1.605 0.395 0.495 42 130 67
-1.595 0.305 0.405 42 130 67
-1.505 0.305 0.405 42 130 67
-1.595 0.395 0.405 42 130 67
-1.505 0.395 0.405 42 130 67
-1.595 0.305 0.495 42 130 67
-1.505 0.305 0.495 42 130 67
-1.595 0.395 0.495 42 130 67
-1.505 0.395 0.495 42 130 67
-1.495 0.305 0.405 42 130 67
-1.405 0.305 0.405 42 130 67
-1.495 0.395 0.405 42 130 67
-1.405 0.395 0.405 42 130 67
-1.495 0.305 0.495 42 130 67
-1.405 0.305 0.495 42 130 67
-1.495 0.395 0.495 42 130 67
-1.405 0.395 0.495 42 130 67
-1.395 0.305 0.405 42 130 67
-1.305 0.305 0.405 42 130 67
-1.395 0.395 0.405 42 130 67
-1.305 0.395 0.405 42 130 67
-1.395 0.305 0.495 42 130 67
-1.305 0.305 0.495 42 130 67
-1.395 0.395 0.495 42 130 67
-1.305 0.395 0.495 42 130 67
-1.295 0.305 0.405 42 130 67
-1.205 0.305 0.405 42 130 67
-1.295 0.395 0.405 42 130 67
-1.205 0.395 0.405 42 130 67
-1.295 0.305 0.495 42 130 67
-1.205 0.305 0.495 42 130 67
-1.295 0.395 0.495 42 130 67
-1.205 0.395 0.495 42 130 67
-2.195 0.405 0.405 42 130 67
-2.105 0.405 0.405 42 130 67
-2.195 0.495 0.405 42 130 67
-2.105 0.495 0.405 42 130 67
-2.195 0.405 0.495 42 130 67
-2.105 0.405 0.495 42 130 67
-2.195 0.495 0.495 42 130 67
-2.105 0.495 0.495 42 130 67
-2.095 0.405 0.405 42 130 67
-2.005 0.405 0.405 42 130 67
-2.095 0.495 0.405 42 130 67
-2.005 0.495 0.405 42 130 67
-2.095 0.405 0.495 42 130 67
-2.005 0.405 0.495 42 130 67
-2.095 0.495 0.495 42 130 67
-2.005 0.495 0.495 42 130 67
-1.995 0.405 0.405 42 130 67
-1.905 0.405 0.405 42 130 67
-1.995 0.495 0.405 42 130 67
-1.905 0.495 0.405 42 130 67
-1.995 0.405 0.495 42 130 67
-1.905 0.405 0.495 42 130 67
-1.995 0.495 0.495 42 130 67
-1.905 0.495 0.495 42 130 67
-1.895 0.405 0.405 42 130 67
-1.805 0.405 0.405 42 130 67
-1.895 0.495 0.405 42 130 67
-1.805 0.495 0.405 42 130 67
-1.895 0.405 0.495 42 130 67
-1.805 0.405 0.495 42 130 67
-1.895 0.495 0.495 42 130 67
-1.805 0.495 0.495 42 130 67
-1.795 0.405 0.405 42 130 67
-1.705 0.405 0.405 42 130 67
-1.795 0.495 0.405 42 130 67
-1.705 0.495 0.405 42 130 67
-1.795 0.405 0.495 42 130 67
-1.705 0.405 0.495 42 130 67
-1.795 0.495 0.495 42 130 67
-1.705 0.495 0.495 42 130 67
-1.695 0.405 0.405 42 130 67
-1.605 0.405 0.405 42 130 67
-1.695 0.495 0.405 42 130 67
-1.605 0.495 0.405 42 130 67
-1.695 0.405 0.495 42 130 67
-1.605 0.405 0.495 42 130 67
-1.695 0.495 0.495 42 130 67
-1.605 0.495 0.495 42 130 67
-1.595 0.405 0.405 42 130 67
-1.505 0.405 0.405 42 130 67
-1.595 0.495 0.405 42 130 67
-1.505 0.495 0.405 42 130 67
-1.595 0.405 0.495 42 130 67
-1.505 0.405 0.495 42 130 67
-1.595 0.495 0.495 42 130 67
-1.505 0.495 0.495 42 130 67
-1.495 0.405 0.405 42 130 67
-1.405 0.405 0.405 42 130 67
-1.495 0.495 0.405 42 130 67
-1.405 0.495 0.405 42 130 67
-1.495 0.405 0.495 42 130 67
-1.405 0.405 0.495 42 130 67
-1.495 0.495 0.495 42 130 67
-1.405 0.495 0.495 42 130 67
-1.395 0.405 0.405 42 130 67
-1.305 0.405 0.405 42 130 67
-1.395 0.495 0.405 42 130 67
-1.305 0.495 0.405 42 130 67
-1.395 0.405 0.495 42 130 67
-1.305 0.405 0.495 42 130 67
-1.395 0.495 0.495 42 130 67
-1.305 0.495 0.495 42 130 67
-1.295 0.405 0.405 42 130 67
-1.205 0.405 0.405 42 130 67
-1.295 0.495 0.405 42 130 67
-1.205 0.495 0.405 42 130 67
-1.295 0.405 0.495 42 130 67
-1.205 0.405 0.495 42 130 67
-1.295 0.495 0.495 42 130 67
-1.205 0.495 0.495 42 130 67
-2.195 -0.495 0.505 38 116 60
-2.105 -0.495 0.505 38 116 60
-2.195 -0.405 0.505 38 116 60
-2.105 -0.405 0.505 38 116 60
-2.195 -0.495 0.595 38 116 60
-2.105 -0.495 0.595 38 116 60
-2.195 -0.405 0.595 38 116 60
-2.105 -0.405 0.595 38 116 60
-2.095 -0.495 0.505 38 116 60
-2.005 -0.495 0.505 38 116 60
-2.095 -0.405 0.505 38 116 60
-2.005 -0.405 0.505 38 116 60
-2.095 -0.495 0.595 38 116 60
-2.005 -0.495 0.595 38 116 60
-2.095 -0.405 0.595 38 116 60
-2.005 -0.405 0.595 38 116 60
-1.995 -0.495 0.505 38 116 60
-1.905 -0.495 0.505 38 116 60
-1.995 -0.405 0.505 38 116 60
-1.905 -0.405 0.505 38 116 60
-1.995 -0.495 0.595 38 116 60
-1.905 -0.495 0.595 38 116 60
-1.995 -0.405 0.595 38 116 60
-1.905 -0.405 0.595 38 116 60
-1.895 -0.495 0.505 38 116 60
-1.805 -0.495 0.505 38 116 60
-1.895 -0.405 0.505 38 116 60
-1.805 -0.405 0.505 38 116 60
-1.895 -0.495 0.595 38 116 60
-1.805 -0.495 0.595 38 116 60
-1.895 -0.405 0.595 38 116 60
-1.805 -0.405 0.595 38 116 60
-1.795 -0.495 0.505 38 116 60
-1.705 -0.495 0.505 38 116 60
-1.795 -0.405 0.505 38 116 60
-1.705 -0.405 0.505 38 116 60
-1.795 -0.495 0.595 38 116 60
-1.705 -0.495 0.595 38 116 60
-1.795 -0.405 0.595 38 116 60
-1.705 -0.405 0.595 38 116 60
-1.695 -0.495 0.505 38 116 60
-1.605 -0.495 0.505 38 116 60
-1.695 -0.405 0.505 38 116 60
-1.605 -0.405 0.505 38 116 60
-1.695 -0.495 0.595 38 116 60
-1.605 -0.495 0.595 38 116 60
-1.695 -0.405 0.595 38 116 60
-1.605 -0.405 0.595 38 116 60
-1.595 -0.495 0.505 38 116 60
-1.505 -0.495 0.505 38 116 60
-1.595 -0.405 0.505 38 116 60
-1.505 -0.405 0.505 38 116 60
-1.595 -0.495 0.595 38 116 60
-1.505 -0.495 0.595 38 116 60
-1.595 -0.405 0.595 38 116 60
-1.505 -0.405 0.595 38 116 60
-1.495 -0.495 0.505 38 116 60
-1.405 -0.495 0.505 38 116 60
-1.495 -0.405 0.505 38 116 60
-1.405 -0.405 0.505 38 116 60
-1.495 -0.495 0.595 38 116 60
-1.405 -0.495 0.595 38 116 60
-1.495 -0.405 0.595 38 116 60
-1.405 -0.405 0.595 38 116 60
-1.395 -0.495 0.505 38 116 60
-1.305 -0.495 0.505 38 116 60
-1.395 -0.405 0.505 38 116 60
-1.305 -0.405 0.505 38 116 60
-1.395 -0.495 0.595 38 116 60
-1.305 -0.495 0.595 38 116 60
-1.395 -0.405 0.595 38 116 60
-1.305 -0.405 0.595 38 116 60
-1.295 -0.495 0.505 38 116 60
-1.205 -0.495 0.505 38 116 60
-1.295 -0.405 0.505 38 116 60
-1.205 -0.405 0.505 38 116 60
-1.295 -0.495 0.595 38 116 60
-1.205 -0.495 0.595 38 116 60
-1.295 -0.405 0.595 38 116 60
-1.205 -0.405 0.595 38 116 60
-2.195 -0.395 0.505 38 116 60
-2.105 -0.395 0.505 38 116 60
-2.195 -0.305 0.505 38 116 60
-2.105 -0.305 0.505 38 116 60
-2.195 -0.395 0.595 38 116 60
-2.105 -0.395 0.595 38 116 60
-2.195 -0.305 0.595 38 116 60
-2.105 -0.305 0.595 38 116 60
-2.095 -0.395 0.505 38 116 60
-2.005 -0.395 0.505 38 116 60
-2.095 -0.305 0.505 38 116 60
-2.005 -0.305 0.505 38 116 60
-2.095 -0.395 0.595 38 116 60
-2.005 -0.395 0.595 38 116 60
-2.095 -0.305 0.595 38 116 60
-2.005 -0.305 0.595 38 116 60
-1.995 -0.395 0.505 38 116 60
-1.905 -0.395 0.505 38 116 60
-1.995 -0.305 0.505 38 116 60
-1.905 -0.305 0.505 38 116 60
-1.995 -0.395 0.595 38 116 60
-1.905 -0.395 0.595 38 116 60
-1.995 -0.305 0.595 38 116 60
-1.905 -0.305 0.595 38 116 60
-1.895 -0.395 0.505 38 116 60
-1.805 -0.395 0.505 38 116 60
-1.895 -0.305 0.505 38 116 60
-1.805 -0.305 0.505 38 116 60
-1.895 -0.395 0.595 38 116 60
-1.805 -0.395 0.595 38 116 60
-1.895 -0.305 0.595 38 116 60
-1.805 -0.305 0.595 38 116 60
-1.795 -0.395 0.505 38 116 60
-1.705 -0.395 0.505 38 116 60
-1.795 -0.305 0.505 38 116 60
-1.705 -0.305 0.505 38 116 60
-1.795 -0.395 0.595 38 116 60
-1.705 -0.395 0.595 38 116 60
-1.795 -0.305 0.595 38 116 60
-1.705 -0.305 0.595 38 116 60
-1.695 -0.395 0.505 38 116 60
-1.605 -0.395 0.505 38 116 60
-1.695 -0.305 0.505 38 116 60
-1.605 -0.305 0.505 38 116 60
-1.695 -0.395 0.595 38 116 60
-1.605 -0.395 0.595 38 116 60
-1.695 -0.305 0.595 38 116 60
-1.605 -0.305 0.595 38 116 60
-1.595 -0.395 0.505 38 116 60
-1.505 -0.395 0.505 38 116 60
-1.595 -0.305 0.505 38 116 60
-1.505 -0.305 0.505 38 116 60
-1.595 -0.395 0.595 38 116 60
-1.505 -0.395 0.595 38 116 60
-1.595 -0.305 0.595 38 116 60
-1.505 -0.305 0.595 38 116 60
-1.495 -0.395 0.505 38 116 60
-1.405 -0.395 0.505 38 116 60
-1.495 -0.305 0.505 38 116 60
-1.405 -0.305 0.505 38 116 60
-1.495 -0.395 0.595 38 116 60
-1.405 -0.395 0.595 38 116 60
-1.495 -0.305 0.595 38 116 60
-1.405 -0.305 0.595 38 116 60
-1.395 -0.395 0.505 38 116 60
-1.305 -0.395 0.505 38 116 60
-1.395 -0.305 0.505 38 116 60
-1.305 -0.305 0.505 38 116 60
-1.395 -0.395 0.595 38 116 60
-1.305 -0.395 0.595 38 116 60
-1.395 -0.305 0.595 38 116 60
-1.305 -0.305 0.595 38 116 60
-1.295 -0.395 0.505 38 116 60
-1.205 -0.395 0.505 38 116 60
-1.295 -0.305 0.505 38 116 60
-1.205 -0.305 0.505 38 116 60
-1.295 -0.395 0.595 38 116 60
-1.205 -0.395 0.595 38 116 60
-1.295 -0.305 0.595 38 116 60
-1.205 -0.305 0.595 38 116 60
-2.195 -0.295 0.505 38 116 60
-2.105 -0.295 0.505 38 116 60
-2.195 -0.205 0.505 38 116 60
-2.105 -0.205 0.505 38 116 60
-2.195 -0.295 0.595 38 116 60
-2.105 -0.295 0.595 38 116 60
-2.195 -0.205 0.595 38 116 60
-2.105 -0.205 0.595 38 116 60
-2.095 -0.295 0.505 38 116 60
-2.005 -0.295 0.505 38 116 60
-2.095 -0.205 0.505 38 116 60
-2.005 -0.205 0.505 38 116 60
-2.095 -0.295 0.595 38 116 60
-2.005 -0.295 0.595 38 116 60
-2.095 -0.205 0.595 38 116 60
-2.005 -0.205 0.595 38 116 60
-1.995 -0.295 0.505 38 116 60
-1.905 -0.295 0.505 38 116 60
-1.995 -0.205 0.505 38 116 60
-1.905 -0.205 0.505 38 116 60
-1.995 -0.295 0.595 38 116 60
-1.905 -0.295 0.595 38 116 60
-1.995 -0.205 0.595 38 116 60
-1.905 -0.205 0.595 38 116 60
-1.895 -0.295 0.505 38 116 60
-1.805 -0.295 0.505 38 116 60
-1.895 -0.205 0.505 38 116 60
-1.805 -0.205 0.505 38 116 60
-1.895 -0.295 0.595 38 116 60
-1.805 -0.295 0.595 38 116 60
-1.895 -0.205 0.595 38 116 60
-1.805 -0.205 0.595 38 116 60
-1.795 -0.295 0.505 38 116 60
-1.705 -0.295 0.505 38 116 60
-1.795 -0.205 0.505 38 116 60
-1.705 -0.205 0.505 38 116 60
-1.795 -0.295 0.595 38 116 60
-1.705 -0.295 0.595 38 116 60
-1.795 -0.205 0.595 38 116 60
-1.705 -0.205 0.595 38 116 60
-1.695 -0.295 0.505 38 116 60
-1.605 -0.295 0.505 38 116 60
-1.695 -0.205 0.505 38 116 60
-1.605 -0.205 0.505 38 116 60
-1.695 -0.295 0.595 38 116 60
-1.605 -0.295 0.595 38 116 60
-1.695 -0.205 0.595 38 116 60
-1.605 -0.205 0.595 38 116 60
-1.595 -0.295 0.505 38 116 60
-1.505 -0.295 0.505 38 116 60
-1.595 -0.205 0.505 38 116 60
-1.505 -0.205 0.505 38 116 60
-1.595 -0.295 0.595 38 116 60
-1.505 -0.295 0.595 38 116 60
-1.595 -0.205 0.595 38 116 60
-1.505 -0.205 0.595 38 116 60
-1.495 -0.295 0.505 38 116 60
-1.405 -0.295 0.505 38 116 60
-1.495 -0.205 0.505 38 116 60
-1.405 -0.205 0.505 38 116 60
-1.495 -0.295 0.595 38 116 60
-1.405 -0.295 0.595 38 116 60
-1.495 -0.205 0.595 38 116 60
-1.405 -0.205 0.595 38 116 60
-1.395 -0.295 0.505 38 116 60
-1.305 -0.295 0.505 38 116 60
-1.395 -0.205 0.505 38 116 60
-1.305 -0.205 0.505 38 116 60
-1.395 -0.295 0.595 38 116 60
-1.305 -0.295 0.595 38 116 60
-1.395 -0.205 0.595 38 116 60
-1.305 -0.205 0.595 38 116 60
-1.295 -0.295 0.505 38 116 60
-1.205 -0.295 0.505 38 116 60
-1.295 -0.205 0.505 38 116 60
-1.205 -0.205 0.505 38 116 60
-1.295 -0.295 0.595 38 116 60
-1.205 -0.295 0.595 38 116 60
-1.295 -0.205 0.595 38 116 60
-1.205 -0.205 0.595 38 116 60
-2.195 -0.195 0.505 38 116 60
-2.105 -0.195 0.505 38 116 60
-2.195 -0.105 0.505 38 116 60
-2.105 -0.105 0.505 38 116 60
-2.195 -0.195 0.595 38 116 60
-2.105 -0.195 0.595 38 116 60
-2.195 -0.105 0.595 38 116 60
-2.105 -0.105 0.595 38 116 60
-2.095 -0.195 0.505 38 116 60
-2.005 -0.195 0.505 38 116 60
-2.095 -0.105 0.505 38 116 60
-2.005 -0.105 0.505 38 116 60
-2.095 -0.195 0.595 38 116 60
-2.005 -0.195 0.595 38 116 60
-2.095 -0.105 0.595 38 116 60
-2.005 -0.105 0.595 38 116 60
-1.995 -0.195 0.505 38 116 60
-1.905 -0.195 0.505 38 116 60
-1.995 -0.105 0.505 38 116 60
-1.905 -0.105 0.505 38 116 60
-1.995 -0.195 0.595 38 116 60
-1.905 -0.195 0.595 38 116 60
-1.995 -0.105 0.595 38 116 60
-1.905 -0.105 0.595 38 116 60
-1.895 -0.195 0.505 38 116 60
-1.805 -0.195 0.505 38 116 60
-1.895 -0.105 0.505 38 116 60
-1.805 -0.105 0.505 38 116 60
-1.895 -0.195 0.595 38 116 60
-1.805 -0.195 0.595 38 116 60
-1.895 -0.105 0.595 38 116 60
-1.805 -0.105 0.595 38 116 60
-1.795 -0.195 0.505 38 116 60
-1.705 -0.195 0.505 38 116 60
-1.795 -0.105 0.505 38 116 60
-1.705 -0.105 0.505 38 116 60
-1.795 -0.195 0.595 38 116 60
-1.705 -0.195 0.595 38 116 60
-1.795 -0.105 0.595 38 116 60
-1.705 -0.105 0.595 38 116 60
-1.695 -0.195 0.505 38 116 60
-1.605 -0.195 0.505 38 116 60
-1.695 -0.105 0.505 38 116 60
-1.605 -0.105 0.505 38 116 60
-1.695 -0.195 0.595 38 116 60
-1.605 -0.195 0.595 38 116 60
-1.695 -0.105 0.595 38 116 60
-1.605 -0.105 0.595 38 116 60
-1.595 -0.195 0.505 38 116 60
-1.505 -0.195 0.505 38 116 60
-1.595 -0.105 0.505 38 116 60
-1.505 -0.105 0.505 38 116 60
-1.595 -0.195 0.595 38 116 60
-1.505 -0.195 0.595 38 116 60
-1.595 -0.105 0.595 38 116 60
-1.505 -0.105 0.595 38 116 60
-1.495 -0.195 0.505 38 116 60
-1.405 -0.195 0.505 38 116 60
-1.495 -0.105 0.505 38 116 60
-1.405 -0.105 0.505 38 116 60
-1.495 -0.195 0.595 38 116 60
-1.405 -0.195 0.595 38 116 60
-1.495 -0.105 0.595 38 116 60
-1.405 -0.105 0.595 38 116 60
-1.395 -0.195 0.505 38 116 60
-1.305 -0.195 0.505 38 116 60
-1.395 -0.105 0.505 38 116 60
-1.305 -0.105 0.505 38 116 60
-1.395 -0.195 0.595 38 116 60
-1.305 -0.195 0.595 38 116 60
-1.395 -0.105 0.595 38 116 60
-1.305 -0.105 0.595 38 116 60
-1.295 -0.195 0.505 38 116 60
-1.205 -0.195 0.505 38 116 60
-1.295 -0.105 0.505 38 116 60
-1.205 -0.105 0.505 38 116 60
-1.295 -0.195 0.595 38 116 60
-1.205 -0.195 0.595 38 116 60
-1.295 -0.105 0.595 38 116 60
-1.205 -0.105 0.595 38 116 60
-2.195 -0.095 0.505 38 116 60
-2.105 -0.095 0.505 38 116 60
-2.195 -0.00500003 0.505 38 116 60
-2.105 -0.00500003 0.505 38 116 60
-2.195 -0.095 0.595 38 116 60
-2.105 -0.095 0.595 38 116 60
-2.195 -0.00500003 0.595 38 116 60
-2.105 -0.00500003 0.595 38 116 60
-2.095 -0.095 0.505 38 116 60
-2.005 -0.095 0.505 38 116 60
-2.095 -0.00500003 0.505 38 116 60
-2.005 -0.00500003 0.505 38 116 60
-2.095 -0.095 0.595 38 116 60
-2.005 -0.095 0.595 38 116 60
-2.095 -0.00500003 0.595 38 116 60
-2.005 -0.00500003 0.595 38 116 60
-1.995 -0.095 0.505 38 116 60
-1.905 -0.095 0.505 38 116 60
-1.995 -0.00500003 0.505 38 116 60
-1.905 -0.00500003 0.505 38 116 60
-1.995 -0.095 0.595 38 116 60
-1.905 -0.095 0.595 38 116 60
-1.995 -0.00500003 0.595 38 116 60
-1.905 -0.00500003 0.595 38 116 60
-1.895 -0.095 0.505 38 116 60
-1.805 -0.095 0.505 38 116 60
-1.895 -0.00500003 0.505 38 116 60
-1.805 -0.00500003 0.505 38 116 60
-1.895 -0.095 0.595 38 116 60
-1.805 -0.095 0.595 38 116 60
-1.895 -0.00500003 0.595 38 116 60
-1.805 -0.00500003 0.595 38 116 60
-1.795 -0.095 0.505 38 116 60
-1.705 -0.095 0.505 38 116 60
-1.795 -0.00500003 0.505 38 116 60
-1.705 -0.00500003 0.505 38 116 60
-1.795 -0.095 0.595 38 116 60
-1.705 -0.095 0.595 38 116 60
-1.795 -0.00500003 0.595 38 116 60
-1.705 -0.00500003 0.595 38 116 60
-1.695 -0.095 0.505 38 116 60
-1.605 -0.095 0.505 38 116 60
-1.695 -0.00500003 0.505 38 116 60
-1.605 -0.00500003 0.505 38 116 60
-1.695 -0.095 0.595 38 116 60
-1.605 -0.095 0.595 38 116 60
-1.695 -0.00500003 0.595 38 116 60
-1.605 -0.00500003 0.595 38 116 60
-1.595 -0.095 0.505 38 116 60
-1.505 -0.095 0.505 38 116 60
-1.595 -0.00500003 0.505 38 116 60
-1.505 -0.00500003 0.505 38 116 60
-1.595 -0.095 0.595 38 116 60
-1.505 -0.095 0.595 38 116 60
-1.595 -0.00500003 0.595 38 116 60
-1.505 -0.00500003 0.595 38 116 60
-1.495 -0.095 0.505 38 116 60
-1.405 -0.095 0.505 38 116 60
-1.495 -0.00500003 0.505 38 116 60
-1.405 -0.00500003 0.505 38 116 60
-1.495 -0.095 0.595 38 116 60
-1.405 -0.095 0.595 38 116 60
-1.495 -0.00500003 0.595 38 116 60
-1.405 -0.00500003 0.595 38 116 60
-1.395 -0.095 0.505 38 116 60
-1.305 -0.095 0.505 38 116 60
-1.395 -0.00500003 0.505 38 116 60
-1.305 -0.00500003 0.505 38 116 60
-1.395 -0.095 0.595 38 116 60
-1.305 -0.095 0.595 38 116 60
-1.395 -0.00500003 0.595 38 116 60
-1.305 -0.00500003 0.595 38 116 60
-1.295 -0.095 0.505 38 116 60
-1.205 -0.095 0.505 38 116 60
-1.295 -0.00500003 0.505 38 116 60
-1.205 -0.00500003 0.505 38 116 60
-1.295 -0.095 0.595 38 116 60
-1.205 -0.095 0.595 38 116 60
-1.295 -0.00500003 0.595 38 116 60
-1.205 -0.00500003 0.595 38 116 60
-2.195 0.00500005 0.505 38 116 60
-2.105 0.00500005 0.505 38 116 60
-2.195 0.095 0.505 38 116 60
-2.105 0.095 0.505 38 116 60
-2.195 0.00500005 0.595 38 116 60
-2.105 0.00500005 0.595 38 116 60
-2.195 0.095 0.595 38 116 60
-2.105 0.095 0.595 38 116 60
-2.095 0.00500005 0.505 38 116 60
-2.005 0.00500005 0.505 38 116 60
-2.095 0.095 0.505 38 116 60
-2.005 0.095 0.505 38 116 60
-2.095 0.00500005 0.595 38 116 60
-2.005 0.00500005 0.595 38 116 60
-2.095 0.095 0.595 38 116 60
-2.005 0.095 0.595 38 116 60
-1.995 0.00500005 0.505 38 116 60
-1.905 0.00500005 0.505 38 116 60
-1.995 0.095 0.505 38 116 60
-1.905 0.095 0.505 38 116 60
-1.995 0.00500005 0.595 38 116 60
-1.905 0.00500005 0.595 38 116 60
-1.995 0.095 0.595 38 116 60
-1.905 0.095 0.595 38 116 60
-1.895 0.00500005 0.505 38 116 60
-1.805 0.00500005 0.505 38 116 60
-1.895 0.095 0.505 38 116 60
-1.805 0.095 0.505 38 116 60
-1.895 0.00500005 0.595 38 116 60
-1.805 0.00500005 0.595 38 116 60
-1.895 0.095 0.595 38 116 60
-1.805 0.095 0.595 38 116 60
-1.795 0.00500005 0.505 38 116 60
-1.705 0.00500005 0.505 38 116 60
-1.795 0.095 0.505 38 116 60
-1.705 0.095 0.505 38 116 60
-1.795 0.00500005 0.595 38 116 60
-1.705 0.00500005 0.595 38 116 60
-1.795 0.095 0.595 38 116 60
-1.705 0.095 0.595 38 116 60
-1.695 0.00500005 0.505 38 116 60
-1.605 0.00500005 0.505 38 116 60
-1.695 0.095 0.505 38 116 60
-1.605 0.095 0.505 38 116 60
-1.695 0.00500005 0.595 38 116 60
-1.605 0.00500005 0.595 38 116 60
-1.695 0.095 0.595 38 116 60
-1.605 0.095 0.595 38 116 60
-1.595 0.00500005 0.505 38 116 60
-1.505 0.00500005 0.505 38 116 60
-1.595 0.095 0.505 38 116 60
-1.505 0.095 0.505 38 116 60
-1.595 0.00500005 0.595 38 116 60
-1.505 0.00500005 0.595 38 116 60
-1.595 0.095 0.595 38 116 60
-1.505 0.095 0.595 38 116 60
-1.495 0.00500005 0.505 38 116 60
-1.405 0.00500005 0.505 38 116 60
-1.495 0.095 0.505 38 116 60
-1.405 0.095 0.505 38 116 60
-1.495 0.00500005 0.595 38 116 60
-1.405 0.00500005 0.595 38 116 60
-1.495 0.095 0.595 38 116 60
-1.405 0.095 0.595 38 116 60
-1.395 0.00500005 0.505 38 116 60
-1.305 0.00500005 0.505 38 116 60
-1.395 0.095 0.505 38 116 60
-1.305 0.095 0.505 38 116 60
-1.395 0.00500005 0.595 38 116 60
-1.305 0.00500005 0.595 38 116 60
-1.395 0.095 0.595 38 116 60
-1.305 0.095 0.595 38 116 60
-1.295 0.00500005 0.505 38 116 60
-1.205 0.00500005 0.505 38 116 60
-1.295 0.095 0.505 38 116 60
-1.205 0.095 0.505 38 116 60
-1.295 0.00500005 0.595 38 116 60
-1.205 0.00500005 0.595 38 116 60
-1.295 0.095 0.595 38 116 60
-1.205 0.095 0.595 38 116 60
-2.195 0.105 0.505 38 116 60
-2.105 0.105 0.505 38 116 60
-2.195 0.195 0.505 38 116 60
-2.105 0.195 0.505 38 116 60
-2.195 0.105 0.595 38 116 60
-2.105 0.105 0.595 38 116 60
-2.195 0.195 0.595 38 116 60
-2.105 0.195 0.595 38 116 60
-2.095 0.105 0.505 38 116 60
-2.005 0.105 0.505 38 116 60
-2.095 0.195 0.505 38 116 60
-2.005 0.195 0.505 38 116 60
-2.095 0.105 0.595 38 116 60
-2.005 0.105 0.595 38 116 60
-2.095 0.195 0.595 38 116 60
-2.005 0.195 0.595 38 116 60
-1.995 0.105 0.505 38 116 60
-1.905 0.105 0.505 38 116 60
-1.995 0.195 0.505 38 116 60
-1.905 0.195 0.505 38 116 60
-1.995 0.105 0.595 38 116 60
-1.905 0.105 0.595 38 116 60
-1.995 0.195 0.595 38 116 60
-1.905 0.195 0.595 38 116 60
-1.895 0.105 0.505 38 116 60
-1.805 0.105 0.505 38 116 60
-1.895 0.195 0.505 38 116 60
-1.805 0.195 0.505 38 116 60
-1.895 0.105 0.595 38 116 60
-1.805 0.105 0.595 38 116 60
-1.895 0.195 0.595 38 116 60
-1.805 0.195 0.595 38 116 60
-1.795 0.105 0.505 38 116 60
-1.705 0.105 0.505 38 116 60
-1.795 0.195 0.505 38 116 60
-1.705 0.195 0.505 38 116 60
-1.795 0.105 0.595 38 116 60
-1.705 0.105 0.595 38 116 60
-1.795 0.195 0.595 38 116 60
-1.705 0.195 0.595 38 116 60
-1.695 0.105 0.505 38 116 60
-1.605 0.105 0.505 38 116 60
-1.695 0.195 0.505 38 116 60
-1.605 0.195 0.505 38 116 60
-1.695 0.105 0.595 38 116 60
-1.605 0.105 0.595 38 116 60
-1.695 0.195 0.595 38 116 60
-1.605 0.195 0.595 38 116 60
-1.595 0.105 0.505 38 116 60
-1.505 0.105 0.505 38 116 60
-1.595 0.195 0.505 38 116 60
-1.505 0.195 0.505 38 116 60
-1.595 0.105 0.595 38 116 60
-1.505 0.105 0.595 38 116 60
-1.595 0.195 0.595 38 116 60
-1.505 0.195 0.595 38 116 60
-1.495 0.105 0.505 38 116 60
-1.405 0.105 0.505 38 116 60
-1.495 0.195 0.505 38 116 60
-1.405 0.195 0.505 38 116 60
-1.495 0.105 0.595 38 116 60
-1.405 0.105 0.595 38 116 60
-1.495 0.195 0.595 38 116 60
-1.405 0.195 0.595 38 116 60
-1.395 0.105 0.505 38 116 60
-1.305 0.105 0.505 38 116 60
-1.395 0.195 0.505 38 116 60
-1.305 0.195 0.505 38 116 60
-1.395 0.105 0.595 38 116 60
-1.305 0.105 0.595 38 116 60
-1.395 0.195 0.595 38 116 60
-1.305 0.195 0.595 38 116 60
-1.295 0.105 0.505 38 116 60
-1.205 0.105 0.505 38 116 60
-1.295 0.195 0.505 38 116 60
-1.205 0.195 0.505 38 116 60
-1.295 0.105 0.595 38 116 60
-1.205 0.105 0.595 38 116 60
-1.295 0.195 0.595 38 116 60
-1.205 0.195 0.595 38 116 60
-2.195 0.205 0.505 38 116 60
-2.105 0.205 0.505 38 116 60
-2.195 0.295 0.505 38 116 60
-2.105 0.295 0.505 38 116 60
-2.195 0.205 0.595 38 116 60
-2.105 0.205 0.595 38 116 60
-2.195 0.295 0.595 38 116 60
-2.105 0.295 0.595 38 116 60
-2.095 0.205 0.505 38 116 60
-2.005 0.205 0.505 38 116 60
-2.095 0.295 0.505 38 116 60
-2.005 0.295 0.505 38 116 60
-2.095 0.205 0.595 38 116 60
-2.005 0.205 0.595 38 116 60
-2.095 0.295 0.595 38 116 60
-2.005 0.295 0.595 38 116 60
-1.995 0.205 0.505 38 116 60
-1.905 0.205 0.505 38 116 60
-1.995 0.295 0.505 38 116 60
-1.905 0.295 0.505 38 116 60
-1.995 0.205 0.595 38 116 60
-1.905 0.205 0.595 38 116 60
-1.995 0.295 0.595 38 116 60
-1.905 0.295 0.595 38 116 60
-1.895 0.205 0.505 38 116 60
-1.805 0.205 0.505 38 116 60
-1.895 0.295 0.505 38 116 60
-1.805 0.295 0.505 38 116 60
-1.895 0.205 0.595 38 116 60
-1.805 0.205 0.595 38 116 60
-1.895 0.295 0.595 38 116 60
-1.805 0.295 0.595 38 116 60
-1.795 0.205 0.505 38 116 60
-1.705 0.205 0.505 38 116 60
-1.795 0.295 0.505 38 116 60
-1.705 0.295 0.505 38 116 60
-1.795 0.205 0.595 38 116 60
-1.705 0.205 0.595 38 116 60
-1.795 0.295 0.595 38 116 60
-1.705 0.295 0.595 38 116 60
-1.695 0.205 0.505 38 116 60
-1.605 0.205 0.505 38 116 60
-1.695 0.295 0.505 38 116 60
-1.605 0.295 0.505 38 116 60
-1.695 0.205 0.595 38 116 60
-1.605 0.205 0.595 38 116 60
-1.695 0.295 0.595 38 116 60
-1.605 0.295 0.595 38 116 60
-1.595 0.205 0.505 38 116 60
-1.505 0.205 0.505 38 116 60
-1.595 0.295 0.505 38 116 60
-1.505 0.295 0.505 38 116 60
-1.595 0.205 0.595 38 116 60
-1.505 0.205 0.595 38 116 60
-1.595 0.295 0.595 38 116 60
-1.505 0.295 0.595 38 116 60
-1.495 0.205 0.505 38 116 60
-1.405 0.205 0.505 38 116 60
-1.495 0.295 0.505 38 116 60
-1.405 0.295 0.505 38 116 60
-1.495 0.205 0.595 38 116 60
-1.405 0.205 0.595 38 116 60
-1.495 0.295 0.595 38 116 60
-1.405 0.295 0.595 38 116 60
-1.395 0.205 0.505 38 116 60
-1.305 0.205 0.505 38 116 60
-1.395 0.295 0.505 38 116 60
-1.305 0.295 0.505 38 116 60
-1.395 0.205 0.595 38 116 60
-1.305 0.205 0.595 38 116 60
-1.395 0.295 0.595 38 116 60
-1.305 0.295 0.595 38 116 60
-1.295 0.205 0.505 38 116 60
-1.205 0.205 0.505 38 116 60
-1.295 0.295 0.505 38 116 60
-1.205 0.295 0.505 38 116 60
-1.295 0.205 0.595 38 116 60
-1.205 0.205 0.595 38 116 60
-1.295 0.295 0.595 38 116 60
-1.205 0.295 0.595 38 116 60
-2.195 0.305 0.505 38 116 60
-2.105 0.305 0.505 38 116 60
-2.195 0.395 0.505 38 116 60
-2.105 0.395 0.505 38 116 60
-2.195 0.305 0.595 38 116 60
-2.105 0.305 0.595 38 116 60
-2.195 0.395 0.595 38 116 60
-2.105 0.395 0.595 38 116 60
-2.095 0.305 0.505 38 116 60
-2.005 0.305 0.505 38 116 60
-2.095 0.395 0.505 38 116 60
-2.005 0.395 0.505 38 116 60
-2.095 0.305 0.595 38 116 60
-2.005 0.305 0.595 38 116 60
-2.095 0.395 0.595 38 116 60
-2.005 0.395 0.595 38 116 60
-1.995 0.305 0.505 38 116 60
-1.905 0.305 0.505 38 116 60
-1.995 0.395 0.505 38 116 60
-1.905 0.395 0.505 38 116 60
-1.995 0.305 0.595 38 116 60
-1.905 0.305 0.595 38 116 60
-1.995 0.395 0.595 38 116 60
-1.905 0.395 0.595 38 116 60
-1.895 0.305 0.505 38 116 60
-1.805 0.305 0.505 38 116 60
-1.895 0.395 0.505 38 116 60
-1.805 0.395 0.505 38 116 60
-1.895 0.305 0.595 38 116 60
-1.805 0.305 0.595 38 116 60
-1.895 0.395 0.595 38 116 60
-1.805 0.395 0.595 38 116 60
-1.795 0.305 0.505 38 116 60
-1.705 0.305 0.505 38 116 60
-1.795 0.395 0.505 38 116 60
-1.705 0.395 0.505 38 116 60
-1.795 0.305 0.595 38 116 60
-1.705 0.305 0.595 38 116 60
-1.795 0.395 0.595 38 116 60
-1.705 0.395 0.595 38 116 60
-1.695 0.305 0.505 38 116 60
-1.605 0.305 0.505 38 116 60
-1.695 0.395 0.505 38 116 60
-1.605 0.395 0.505 38 116 60
-1.695 0.305 0.595 38 116 60
-1.605 0.305 0.595 38 116 60
-1.695 0.395 0.595 38 116 60
-1.605 0.395 0.595 38 116 60
-1.595 0.305 0.505 38 116 60
-1.505 0.305 0.505 38 116 60
-1.595 0.395 0.505 38 116 60
-1.505 0.395 0.505 38 116 60
-1.595 0.305 0.595 38 116 60
-1.505 0.305 0.595 38 116 60
-1.595 0.395 0.595 38 116 60
-1.505 0.395 0.595 38 116 60
-1.495 0.305 0.505 38 116 60
-1.405 0.305 0.505 38 116 60
-1.495 0.395 0.505 38 116 60
-1.405 0.395 0.505 38 116 60
-1.495 0.305 0.595 38 116 60
-1.405 0.305 0.595 38 116 60
-1.495 0.395 0.595 38 116 60
-1.405 0.395 0.595 38 116 60
-1.395 0.305 0.505 38 116 60
-1.305 0.305 0.505 38 116 60
-1.395 0.395 0.505 38 116 60
-1.305 0.395 0.505 38 116 60
-1.395 0.305 0.595 38 116 60
-1.305 0.305 0.595 38 116 60
-1.395 0.395 0.595 38 116 60
-1.305 0.395 0.595 38 116 60
-1.295 0.305 0.505 38 116 60
-1.205 0.305 0.505 38 116 60
-1.295 0.395 0.505 38 116 60
-1.205 0.395 0.505 38 116 60
-1.295 0.305 0.595 38 116 60
-1.205 0.305 0.595 38 116 60
-1.295 0.395 0.595 38 116 60
-1.205 0.395 0.595 38 116 60
-2.195 0.405 0.505 38 116 60
-2.105 0.405 0.505 38 116 60
-2.195 0.495 0.505 38 116 60
-2.105 0.495 0.505 38 116 60
-2.195 0.405 0.595 38 116 60
-2.105 0.405 0.595 38 116 60
-2.195 0.495 0.595 38 116 60
-2.105 0.495 0.595 38 116 60
-2.095 0.405 0.505 38 116 60
-2.005 0.405 0.505 38 116 60
-2.095 0.495 0.505 38 116 60
-2.005 0.495 0.505 38 116 60
-2.095 0.405 0.595 38 116 60
-2.005 0.405 0.595 38 116 60
-2.095 0.495 0.595 38 116 60
-2.005 0.495 0.595 38 116 60
-1.995 0.405 0.505 38 116 60
-1.905 0.405 0.505 38 116 60
-1.995 0.495 0.505 38 116 60
-1.905 0.495 0.505 38 116 60
-1.995 0.405 0.595 38 116 60
-1.905 0.405 0.595 38 116 60
-1.995 0.495 0.595 38 116 60
-1.905 0.495 0.595 38 116 60
-1.895 0.405 0.505 38 116 60
-1.805 0.405 0.505 38 116 60
-1.895 0.495 0.505 38 116 60
-1.805 0.495 0.505 38 116 60
-1.895 0.405 0.595 38 116 60
-1.805 0.405 0.595 38 116 60
-1.895 0.495 0.595 38 116 60
-1.805 0.495 0.595 38 116 60
-1.795 0.405 0.505 38 116 60
-1.705 0.405 0.505 38 116 60
-1.795 0.495 0.505 38 116 60
-1.705 0.495 0.505 38 116 60
-1.795 0.405 0.595 38 116 60
-1.705 0.405 0.595 38 116 60
-1.795 0.495 0.595 38 116 60
-1.705 0.495 0.595 38 116 60
-1.695 0.405 0.505 38 116 60
-1.605 0.405 0.505 38 116 60
-1.695 0.495 0.505 38 116 60
-1.605 0.495 0.505 38 116 60
-1.695 0.405 0.595 38 116 60
-1.605 0.405 0.595 38 116 60
-1.695 0.495 0.595 38 116 60
-1.605 0.495 0.595 38 116 60
-1.595 0.405 0.505 38 116 60
-1.505 0.405 0.505 38 116 60
-1.595 0.495 0.505 38 116 60
-1.505 0.495 0.505 38 116 60
-1.595 0.405 0.595 38 116 60
-1.505 0.405 0.595 38 116 60
-1.595 0.495 0.595 38 116 60
-1.505 0.495 0.595 38 116 60
-1.495 0.405 0.505 38 116 60
-1.405 0.405 0.505 38 116 60
-1.495 0.495 0.505 38 116 60
-1.405 0.495 0.505 38 116 60
-1.495 0.405 0.595 38 116 60
-1.405 0.405 0.595 38 116 60
-1.495 0.495 0.595 38 116 60
-1.405 0.495 0.595 38 116 60
-1.395 0.405 0.505 38 116 60
-1.305 0.405 0.505 38 116 60
-1.395 0.495 0.505 38 116 60
-1.305 0.495 0.505 38 116 60
-1.395 0.405 0.595 38 116 60
-1.305 0.405 0.595 38 116 60
-1.395 0.495 0.595 38 116 60
-1.305 0.495 0.595 38 116 60
-1.295 0.405 0.505 38 116 60
-1.205 0.405 0.505 38 116 60
-1.295 0.495 0.505 38 116 60
-1.205 0.495 0.505 38 116 60
-1.295 0.405 0.595 38 116 60
-1.205 0.405 0.595 38 116 60
-1.295 0.495 0.595 38 116 60
-1.205 0.495 0.595 38 116 60
-2.195 -0.495 0.605 42 130 67
-2.105 -0.495 0.605 42 130 67
-2.195 -0.405 0.605 42 130 67
-2.105 -0.405 0.605 42 130 67
-2.195 -0.495 0.695 42 130 67
-2.105 -0.495 0.695 42 130 67
-2.195 -0.405 0.695 42 130 67
-2.105 -0.405 0.695 42 130 67
-2.095 -0.495 0.605 42 130 67
-2.005 -0.495 0.605 42 130 67
-2.095 -0.405 0.605 42 130 67
-2.005 -0.405 0.605 42 130 67
-2.095 -0.495 0.695 42 130 67
-2.005 -0.495 0.695 42 130 67
-2.095 -0.405 0.695 42 130 67
-2.005 -0.405 0.695 42 130 67
-1.995 -0.495 0.605 42 130 67
-1.905 -0.495 0.605 42 130 67
-1.995 -0.405 0.605 42 130 67
-1.905 -0.405 0.605 42 130 67
-1.995 -0.495 0.695 42 130 67
-1.905 -0.495 0.695 42 130 67
-1.995 -0.405 0.695 42 130 67
-1.905 -0.405 0.695 42 130 67
-1.895 -0.495 0.605 42 130 67
-1.805 -0.495 0.605 42 130 67
-1.895 -0.405 0.605 42 130 67
-1.805 -0.405 0.605 42 130 67
-1.895 -0.495 0.695 42 130 67
-1.805 -0.495 0.695 42 130 67
-1.895 -0.405 0.695 42 130 67
-1.805 -0.405 0.695 42 130 67
-1.795 -0.495 0.605 42 130 67
-1.705 -0.495 0.605 42 130 67
-1.795 -0.405 0.605 42 130 67
-1.705 -0.405 0.605 42 130 67
-1.795 -0.495 0.695 42 130 67
-1.705 -0.495 0.695 42 130 67
-1.795 -0.405 0.695 42 130 67
-1.705 -0.405 0.695 42 130 67
-1.695 -0.495 0.605 42 130 67
-1.605 -0.495 0.605 42 130 67
-1.695 -0.405 0.605 42 130 67
-1.605 -0.405 0.605 42 130 67
-1.695 -0.495 0.695 42 130 67
-1.605 -0.495 0.695 42 130 67
-1.695 -0.405 0.695 42 130 67
-1.605 -0.405 0.695 42 130 67
-1.595 -0.495 0.605 42 130 67
-1.505 -0.495 0.605 42 130 67
-1.595 -0.405 0.605 42 130 67
-1.505 -0.405 0.605 42 130 67
-1.595 -0.495 0.695 42 130 67
-1.505 -0.495 0.695 42 130 67
-1.595 -0.405 0.695 42 130 67
-1.505 -0.405 0.695 42 130 67
-1.495 -0.495 0.605 42 130 67
-1.405 -0.495 0.605 42 130 67
-1.495 -0.405 0.605 42 130 67
-1.405 -0.405 0.605 42 130 67
-1.495 -0.495 0.695 42 130 67
-1.405 -0.495 0.695 42 130 67
-1.495 -0.405 0.695 42 130 67
-1.405 -0.405 0.695 42 130 67
-1.395 -0.495 0.605 42 130 67
-1.305 -0.495 0.605 42 130 67
-1.395 -0.405 0.605 42 130 67
-1.305 -0.405 0.605 42 130 67
-1.395 -0.495 0.695 42 130 67
-1.305 -0.495 0.695 42 130 67
-1.395 -0.405 0.695 42 130 67
-1.305 -0.405 0.695 42 130 67
-1.295 -0.495 0.605 42 130 67
-1.205 -0.495 0.605 42 130 67
-1.295 -0.405 0.605 42 130 67
-1.205 -0.405 0.605 42 130 67
-1.295 -0.495 0.695 42 130 67
-1.205 -0.495 0.695 42 130 67
-1.295 -0.405 0.695 42 130 67
-1.205 -0.405 0.695 42 130 67
-2.195 -0.395 0.605 42 130 67
-2.105 -0.395 0.605 42 130 67
-2.195 -0.305 0.605 42 130 67
-2.105 -0.305 0.605 42 130 67
-2.195 -0.395 0.695 42 130 67
-2.105 -0.395 0.695 42 130 67
-2.195 -0.305 0.695 42 130 67
-2.105 -0.305 0.695 42 130 67
-2.095 -0.395 0.605 42 130 67
-2.005 -0.395 0.605 42 130 67
-2.095 -0.305 0.605 42 130 67
-2.005 -0.305 0.605 42 130 67
-2.095 -0.395 0.695 42 130 67
-2.005 -0.395 0.695 42 130 67
-2.095 -0.305 0.695 42 130 67
-2.005 -0.305 0.695 42 130 67
-1.995 -0.395 0.605 42 130 67
-1.905 -0.395 0.605 42 130 67
-1.995 -0.305 0.605 42 130 67
-1.905 -0.305 0.605 42 130 67
-1.995 -0.395 0.695 42 130 67
-1.905 -0.395 0.695 42 130 67
-1.995 -0.305 0.695 42 130 67
-1.905 -0.305 0.695 42 130 67
-1.895 -0.395 0.605 42 130 67
-1.805 -0.395 0.605 42 130 67
-1.895 -0.305 0.605 42 130 67
-1.805 -0.305 0.605 42 130 67
-1.895 -0.395 0.695 42 130 67
-1.805 -0.395 0.695 42 130 67
-1.895 -0.305 0.695 42 130 67
-1.805 -0.305 0.695 42 130 67
-1.795 -0.395 0.605 42 130 67
-1.705 -0.395 0.605 42 130 67
-1.795 -0.305 0.605 42 130 67
-1.705 -0.305 0.605 42 130 67
-1.795 -0.395 0.695 42 130 67
-1.705 -0.395 0.695 42 130 67
-1.795 -0.305 0.695 42 130 67
-1.705 -0.305 0.695 42 130 67
-1.695 -0.395 0.605 42 130 67
-1.605 -0.395 0.605 42 130 67
-1.695 -0.305 0.605 42 130 67
-1.605 -0.305 0.605 42 130 67
-1.695 -0.395 0.695 42 130 67
-1.605 -0.395 0.695 42 130 67
-1.695 -0.305 0.695 42 130 67
-1.605 -0.305 0.695 42 130 67
-1.595 -0.395 0.605 42 130 67
-1.505 -0.395 0.605 42 130 67
-1.595 -0.305 0.605 42 130 67
-1.505 -0.305 0.605 42 130 67
-1.595 -0.395 0.695 42 130 67
-1.505 -0.395 0.695 42 130 67
-1.595 -0.305 0.695 42 130 67
-1.505 -0.305 0.695 42 130 67
-1.495 -0.395 0.605 42 130 67
-1.405 -0.395 0.605 42 130 67
-1.495 -0.305 0.605 42 130 67
-1.405 -0.305 0.605 42 130 67
-1.495 -0.395 0.695 42 130 67
-1.405 -0.395 0.695 42 130 67
-1.495 -0.305 0.695 42 130 67
-1.405 -0.305 0.695 42 130 67
-1.395 -0.395 0.605 42 130 67
-1.305 -0.395 0.605 42 130 67
-1.395 -0.305 0.605 42 130 67
-1.305 -0.305 0.605 42 130 67
-1.395 -0.395 0.695 42 130 67
-1.305 -0.395 0.695 42 130 67
-1.395 -0.305 0.695 42 130 67
-1.305 -0.305 0.695 42 130 67
-1.295 -0.395 0.605 42 130 67
-1.205 -0.395 0.605 42 130 67
-1.295 -0.305 0.605 42 130 67
-1.205 -0.305 0.605 42 130 67
-1.295 -0.395 0.695 42 130 67
-1.205 -0.395 0.695 42 130 67
-1.295 -0.305 0.695 42 130 67
-1.205 -0.305 0.695 42 130 67
-2.195 -0.295 0.605 42 130 67
-2.105 -0.295 0.605 42 130 67
-2.195 -0.205 0.605 42 130 67
-2.105 -0.205 0.605 42 130 67
-2.195 -0.295 0.695 42 130 67
-2.105 -0.295 0.695 42 130 67
-2.195 -0.205 0.695 42 130 67
-2.105 -0.205 0.695 42 130 67
-2.095 -0.295 0.605 42 130 67
-2.005 -0.295 0.605 42 130 67
-2.095 -0.205 0.605 42 130 67
-2.005 -0.205 0.605 42 130 67
-2.095 -0.295 0.695 42 130 67
-2.005 -0.295 0.695 42 130 67
-2.095 -0.205 0.695 42 130 67
-2.005 -0.205 0.695 42 130 67
-1.995 -0.295 0.605 42 130 67
-1.905 -0.295 0.605 42 130 67
-1.995 -0.205 0.605 42 130 67
-1.905 -0.205 0.605 42 130 67
-1.995 -0.295 0.695 42 130 67
-1.905 -0.295 0.695 42 130 67
-1.995 -0.205 0.695 42 130 67
-1.905 -0.205 0.695 42 130 67
-1.895 -0.295 0.605 42 130 67
-1.805 -0.295 0.605 42 130 67
-1.895 -0.205 0.605 42 130 67
-1.805 -0.205 0.605 42 130 67
-1.895 -0.295 0.695 42 130 67
-1.805 -0.295 0.695 42 130 67
-1.895 -0.205 0.695 42 130 67
-1.805 -0.205 0.695 42 130 67
-1.795 -0.295 0.605 42 130 67
-1.705 -0.295 0.605 42 130 67
-1.795 -0.205 0.605 42 130 67
-1.705 -0.205 0.605 42 130 67
-1.795 -0.295 0.695 42 130 67
-1.705 -0.295 0.695 42 130 67
-1.795 -0.205 0.695 42 130 67
-1.705 -0.205 0.695 42 130 67
-1.695 -0.295 0.605 42 130 67
-1.605 -0.295 0.605 42 130 67
-1.695 -0.205 0.605 42 130 67
-1.605 -0.205 0.605 42 130 67
-1.695 -0.295 0.695 42 130 67
-1.605 -0.295 0.695 42 130 67
-1.695 -0.205 0.695 42 130 67
-1.605 -0.205 0.695 42 130 67
-1.595 -0.295 0.605 42 130 67
-1.505 -0.295 0.605 42 130 67
-1.595 -0.205 0.605 42 130 67
-1.505 -0.205 0.605 42 130 67
-1.595 -0.295 0.695 42 130 67
-1.505 -0.295 0.695 42 130 67
-1.595 -0.205 0.695 42 130 67
-1.505 -0.205 0.695 42 130 67
-1.495 -0.295 0.605 42 130 67
-1.405 -0.295 0.605 42 130 67
-1.495 -0.205 0.605 42 130 67
-1.405 -0.205 0.605 42 130 67
-1.495 -0.295 0.695 42 130 67
-1.405 -0.295 0.695 42 130 67
-1.495 -0.205 0.695 42 130 67
-1.405 -0.205 0.695 42 130 67
-1.395 -0.295 0.605 42 130 67
-1.305 -0.295 0.605 42 130 67
-1.395 -0.205 0.605 42 130 67
-1.305 -0.205 0.605 42 130 67
-1.395 -0.295 0.695 42 130 67
-1.305 -0.295 0.695 42 130 67
-1.395 -0.205 0.695 42 130 67
-1.305 -0.205 0.695 42 130 67
-1.295 -0.295 0.605 42 130 67
-1.205 -0.295 0.605 42 130 67
-1.295 -0.205 0.605 42 130 67
-1.205 -0.205 0.605 42 130 67
-1.295 -0.295 0.695 42 130 67
-1.205 -0.295 0.695 42 130 67
-1.295 -0.205 0.695 42 130 67
-1.205 -0.205 0.695 42 130 67
-2.195 -0.195 0.605 42 130 67
-2.105 -0.195 0.605 42 130 67
-2.195 -0.105 0.605 42 130 67
-2.105 -0.105 0.605 42 130 67
-2.195 -0.195 0.695 42 130 67
-2.105 -0.195 0.695 42 130 67
-2.195 -0.105 0.695 42 130 67
-2.105 -0.105 0.695 42 130 67
-2.095 -0.195 0.605 42 130 67
-2.005 -0.195 0.605 42 130 67
-2.095 -0.105 0.605 42 130 67
-2.005 -0.105 0.605 42 130 67
-2.095 -0.195 0.695 42 130 67
-2.005 -0.195 0.695 42 130 67
-2.095 -0.105 0.695 42 130 67
-2.005 -0.105 0.695 42 130 67
-1.995 -0.195 0.605 42 130 67
-1.905 -0.195 0.605 42 130 67
-1.995 -0.105 0.605 42 130 67
-1.905 -0.105 0.605 42 130 67
-1.995 -0.195 0.695 42 130 67
-1.905 -0.195 0.695 42 130 67
-1.995 -0.105 0.695 42 130 67
-1.905 -0.105 0.695 42 130 67
-1.895 -0.195 0.605 42 130 67
-1.805 -0.195 0.605 42 130 67
-1.895 -0.105 0.605 42 130 67
-1.805 -0.105 0.605 42 130 67
-1.895 -0.195 0.695 42 130 67
-1.805 -0.195 0.695 42 130 67
-1.895 -0.105 0.695 42 130 67
-1.805 -0.105 0.695 42 130 67
-1.795 -0.195 0.605 42 130 67
-1.705 -0.195 0.605 42 130 67
-1.795 -0.105 0.605 42 130 67
-1.705 -0.105 0.605 42 130 67
-1.795 -0.195 0.695 42 130 67
-1.705 -0.195 0.695 42 130 67
-1.795 -0.105 0.695 42 130 67
-1.705 -0.105 0.695 42 130 67
-1.695 -0.195 0.605 42 130 67
-1.605 -0.195 0.605 42 130 67
-1.695 -0.105 0.605 42 130 67
-1.605 -0.105 0.605 42 130 67
-1.695 -0.195 0.695 42 130 67
-1.605 -0.195 0.695 42 130 67
-1.695 -0.105 0.695 42 130 67
-1.605 -0.105 0.695 42 130 67
-1.595 -0.195 0.605 42 130 67
-1.505 -0.195 0.605 42 130 67
-1.595 -0.105 0.605 42 130 67
-1.505 -0.105 0.605 42 130 67
-1.595 -0.195 0.695 42 130 67
-1.505 -0.195 0.695 42 130 67
-1.595 -0.105 0.695 42 130 67
-1.505 -0.105 0.695 42 130 67
-1.495 -0.195 0.605 42 130 67
-1.405 -0.195 0.605 42 130 67
-1.495 -0.105 0.605 42 130 67
-1.405 -0.105 0.605 42 130 67
-1.495 -0.195 0.695 42 130 67
-1.405 -0.195 0.695 42 130 67
-1.495 -0.105 0.695 42 130 67
-1.405 -0.105 0.695 42 130 67
-1.395 -0.195 0.605 42 130 67
-1.305 -0.195 0.605 42 130 67
-1.395 -0.105 0.605 42 130 67
-1.305 -0.105 0.605 42 130 67
-1.395 -0.195 0.695 42 130 67
-1.305 -0.195 0.695 42 130 67
-1.395 -0.105 0.695 42 130 67
-1.305 -0.105 0.695 42 130 67
-1.295 -0.195 0.605 42 130 67
-1.205 -0.195 0.605 42 130 67
-1.295 -0.105 0.605 42 130 67
-1.205 -0.105 0.605 42 130 67
-1.295 -0.195 0.695 42 130 67
-1.205 -0.195 0.695 42 130 67
-1.295 -0.105 0.695 42 130 67
-1.205 -0.105 0.695 42 130 67
-2.195 -0.095 0.605 42 130 67
-2.105 -0.095 0.605 42 130 67
-2.195 -0.00500003 0.605 42 130 67
-2.105 -0.00500003 0.605 42 130 67
-2.195 -0.095 0.695 42 130 67
-2.105 -0.095 0.695 42 130 67
-2.195 -0.00500003 0.695 42 130 67
-2.105 -0.00500003 0.695 42 130 67
-2.095 -0.095 0.605 42 130 67
-2.005 -0.095 0.605 42 130 67
-2.095 -0.00500003 0.605 42 130 67
-2.005 -0.00500003 0.605 42 130 67
-2.095 -0.095 0.695 42 130 67
-2.005 -0.095 0.695 42 130 67
-2.095 -0.00500003 0.695 42 130 67
-2.005 -0.00500003 0.695 42 130 67
-1.995 -0.095 0.605 42 130 67
-1.905 -0.095 0.605 42 130 67
-1.995 -0.00500003 0.605 42 130 67
-1.905 -0.00500003 0.605 42 130 67
-1.995 -0.095 0.695 42 130 67
-1.905 -0.095 0.695 42 130 67
-1.995 -0.00500003 0.695 42 130 67
-1.905 -0.00500003 0.695 42 130 67
-1.895 -0.095 0.605 42 130 67
-1.805 -0.095 0.605 42 130 67
-1.895 -0.00500003 0.605 42 130 67
-1.805 -0.00500003 0.605 42 130 67
-1.895 -0.095 0.695 42 130 67
-1.805 -0.095 0.695 42 130 67
-1.895 -0.00500003 0.695 42 130 67
-1.805 -0.00500003 0.695 42 130 67
-1.795 -0.095 0.605 42 130 67
-1.705 -0.095 0.605 42 130 67
-1.795 -0.00500003 0.605 42 130 67
-1.705 -0.00500003 0.605 42 130 67
-1.795 -0.095 0.695 42 130 67
-1.705 -0.095 0.695 42 130 67
-1.795 -0.00500003 0.695 42 130 67
-1.705 -0.00500003 0.695 42 130 67
-1.695 -0.095 0.605 42 130 67
-1.605 -0.095 0.605 42 130 67
-1.695 -0.00500003 0.605 42 130 67
-1.605 -0.00500003 0.605 42 130 67
-1.695 -0.095 0.695 42 130 67
-1.605 -0.095 0.695 42 130 67
-1.695 -0.00500003 0.695 42 130 67
-1.605 -0.00500003 0.695 42 130 67
-1.595 -0.095 0.605 42 130 67
-1.505 -0.095 0.605 42 130 67
-1.595 -0.00500003 0.605 42 130 67
-1.505 -0.00500003 0.605 42 130 67
-1.595 -0.095 0.695 42 130 67
-1.505 -0.095 0.695 42 130 67
-1.595 -0.00500003 0.695 42 130 67
-1.505 -0.00500003 0.695 42 130 67
-1.495 -0.095 0.605 42 130 67
-1.405 -0.095 0.605 42 130 67
-1.495 -0.00500003 0.605 42 130 67
-1.405 -0.00500003 0.605 42 130 67
-1.495 -0.095 0.695 42 130 67
-1.405 -0.095 0.695 42 130 67
-1.495 -0.00500003 0.695 42 130 67
-1.405 -0.00500003 0.695 42 130 67
-1.395 -0.095 0.605 42 130 67
-1.305 -0.095 0.605 42 130 67
-1.395 -0.00500003 0.605 42 130 67
-1.305 -0.00500003 0.605 42 130 67
-1.395 -0.095 0.695 42 130 67
-1.305 -0.095 0.695 42 130 67
-1.395 -0.00500003 0.695 42 130 67
-1.305 -0.00500003 0.695 42 130 67
-1.295 -0.095 0.605 42 130 67
-1.205 -0.095 0.605 42 130 67
-1.295 -0.00500003 0.605 42 130 67
-1.205 -0.00500003 0.605 42 130 67
-1.295 -0.095 0.695 42 130 67
-1.205 -0.095 0.695 42 130 67
-1.295 -0.00500003 0.695 42 130 67
-1.205 -0.00500003 0.695 42 130 67
-2.195 0.00500005 0.605 42 130 67
-2.105 0.00500005 0.605 42 130 67
-2.195 0.095 0.605 42 130 67
-2.105 0.095 0.605 42 130 67
-2.195 0.00500005 0.695 42 130 67
-2.105 0.00500005 0.695 42 130 67
-2.195 0.095 0.695 42 130 67
-2.105 0.095 0.695 42 130 67
-2.095 0.00500005 0.605 42 130 67
-2.005 0.00500005 0.605 42 130 67
-2.095 0.095 0.605 42 130 67
-2.005 0.095 0.605 42 130 67
-2.095 0.00500005 0.695 42 130 67
-2.005 0.00500005 0.695 42 130 67
-2.095 0.095 0.695 42 130 67
-2.005 0.095 0.695 42 130 67
-1.995 0.00500005 0.605 42 130 67
-1.905 0.00500005 0.605 42 130 67
-1.995 0.095 0.605 42 130 67
-1.905 0.095 0.605 42 130 67
-1.995 0.00500005 0.695 42 130 67
-1.905 0.00500005 0.695 42 130 67
-1.995 0.095 0.695 42 130 67
-1.905 0.095 0.695 42 130 67
-1.895 0.00500005 0.605 42 130 67
-1.805 0.00500005 0.605 42 130 67
-1.895 0.095 0.605 42 130 67
-1.805 0.095 0.605 42 130 67
-1.895 0.00500005 0.695 42 130 67
-1.805 0.00500005 0.695 42 130 67
-1.895 0.095 0.695 42 130 67
-1.805 0.095 0.695 42 130 67
-1.795 0.00500005 0.605 42 130 67
-1.705 0.00500005 0.605 42 130 67
-1.795 0.095 0.605 42 130 67
-1.705 0.095 0.605 42 130 67
-1.795 0.00500005 0.695 42 130 67
-1.705 0.00500005 0.695 42 130 67
-1.795 0.095 0.695 42 130 67
-1.705 0.095 0.695 42 130 67
-1.695 0.00500005 0.605 42 130 67
-1.605 0.00500005 0.605 42 130 67
-1.695 0.095 0.605 42 130 67
-1.605 0.095 0.605 42 130 67
-1.695 0.00500005 0.695 42 130 67
-1.605 0.00500005 0.695 42 130 67
-1.695 0.095 0.695 42 130 67
-1.605 0.095 0.695 42 130 67
-1.595 0.00500005 0.605 42 130 67
-1.505 0.00500005 0.605 42 130 67
-1.595 0.095 0.605 42 130 67
-1.505 0.095 0.605 42 130 67
-1.595 0.00500005 0.695 42 130 67
-1.505 0.00500005 0.695 42 130 67
-1.595 0.095 0.695 42 130 67
-1.505 0.095 0.695 42 130 67
-1.495 0.00500005 0.605 42 130 67
-1.405 0.00500005 0.605 42 130 67
-1.495 0.095 0.605 42 130 67
-1.405 0.095 0.605 42 130 67
-1.495 0.00500005 0.695 42 130 67
-1.405 0.00500005 0.695 42 130 67
-1.495 0.095 0.695 42 130 67
-1.405 0.095 0.695 42 130 67
-1.395 0.00500005 0.605 42 130 67
-1.305 0.00500005 0.605 42 130 67
-1.395 0.095 0.605 42 130 67
-1.305 0.095 0.605 42 130 67
-1.395 0.00500005 0.695 42 130 67
-1.305 0.00500005 0.695 42 130 67
-1.395 0.095 0.695 42 130 67
-1.305 0.095 0.695 42 130 67
-1.295 0.00500005 0.605 42 130 67
-1.205 0.00500005 0.605 42 130 67
-1.295 0.095 0.605 42 130 67
-1.205 0.095 0.605 42 130 67
-1.295 0.00500005 0.695 42 130 67
-1.205 0.00500005 0.695 42 130 67
-1.295 0.095 0.695 42 130 67
-1.205 0.095 0.695 42 130 67
-2.195 0.105 0.605 42 130 67
-2.105 0.105 0.605 42 130 67
-2.195 0.195 0.605 42 130 67
-2.105 0.195 0.605 42 130 67
-2.195 0.105 0.695 42 130 67
-2.105 0.105 0.695 42 130 67
-2.195 0.195 0.695 42 130 67
-2.105 0.195 0.695 42 130 67
-2.095 0.105 0.605 42 130 67
-2.005 0.105 0.605 42 130 67
-2.095 0.195 0.605 42 130 67
-2.005 0.195 0.605 42 130 67
-2.095 0.105 0.695 42 130 67
-2.005 0.105 0.695 42 130 67
-2.095 0.195 0.695 42 130 67
-2.005 0.195 0.695 42 130 67
-1.995 0.105 0.605 42 130 67
-1.905 0.105 0.605 42 130 67
-1.995 0.195 0.605 42 130 67
-1.905 0.195 0.605 42 130 67
-1.995 0.105 0.695 42 130 67
-1.905 0.105 0.695 42 130 67
-1.995 0.195 0.695 42 130 67
-1.905 0.195 0.695 42 130 67
-1.895 0.105 0.605 42 130 67
-1.805 0.105 0.605 42 130 67
-1.895 0.195 0.605 42 130 67
-1.805 0.195 0.605 42 130 67
-1.895 0.105 0.695 42 130 67
-1.805 0.105 0.695 42 130 67
-1.895 0.195 0.695 42 130 67
-1.805 0.195 0.695 42 130 67
-1.795 0.105 0.605 42 130 67
-1.705 0.105 0.605 42 130 67
-1.795 0.195 0.605 42 130 67
-1.705 0.195 0.605 42 130 67
-1.795 0.105 0.695 42 130 67
-1.705 0.105 0.695 42 130 67
-1.795 0.195 0.695 42 130 67
-1.705 0.195 0.695 42 130 67
-1.695 0.105 0.605 42 130 67
-1.605 0.105 0.605 42 130 67
-1.695 0.195 0.605 42 130 67
-1.605 0.195 0.605 42 130 67
-1.695 0.105 0.695 42 130 67
-1.605 0.105 0.695 42 130 67
-1.695 0.195 0.695 42 130 67
-1.605 0.195 0.695 42 130 67
-1.595 0.105 0.605 42 130 67
-1.505 0.105 0.605 42 130 67
-1.595 0.195 0.605 42 130 67
-1.505 0.195 0.605 42 130 67
-1.595 0.105 0.695 42 130 67
-1.505 0.105 0.695 42 130 67
-1.595 0.195 0.695 42 130 67
-1.505 0.195 0.695 42 130 67
-1.495 0.105 0.605 42 130 67
-1.405 0.105 0.605 42 130 67
-1.495 0.195 0.605 42 130 67
-1.405 0.195 0.605 42 130 67
-1.495 0.105 0.695 42 130 67
-1.405 0.105 0.695 42 130 67
-1.495 0.195 0.695 42 130 67
-1.405 0.195 0.695 42 130 67
-1.395 0.105 0.605 42 130 67
-1.305 0.105 0.605 42 130 67
-1.395 0.195 0.605 42 130 67
-1.305 0.195 0.605 42 130 67
-1.395 0.105 0.695 42 130 67
-1.305 0.105 0.695 42 130 67
-1.395 0.195 0.695 42 130 67
-1.305 0.195 0.695 42 130 67
-1.295 0.105 0.605 42 130 67
-1.205 0.105 0.605 42 130 67
-1.295 0.195 0.605 42 130 67
-1.205 0.195 0.605 42 130 67
-1.295 0.105 0.695 42 130 67
-1.205 0.105 0.695 42 130 67
-1.295 0.195 0.695 42 130 67
-1.205 0.195 0.695 42 130 67
-2.195 0.205 0.605 42 130 67
-2.105 0.205 0.605 42 130 67
-2.195 0.295 0.605 42 130 67
-2.105 0.295 0.605 42 130 67
-2.195 0.205 0.695 42 130 67
-2.105 0.205 0.695 42 130 67
-2.195 0.295 0.695 42 130 67
-2.105 0.295 0.695 42 130 67
-2.095 0.205 0.605 42 130 67
-2.005 0.205 0.605 42 130 67
-2.095 0.295 0.605 42 130 67
-2.005 0.295 0.605 42 130 67
-2.095 0.205 0.695 42 130 67
-2.005 0.205 0.695 42 130 67
-2.095 0.295 0.695 42 130 67
-2.005 0.295 0.695 42 130 67
-1.995 0.205 0.605 42 130 67
-1.905 0.205 0.605 42 130 67
-1.995 0.295 0.605 42 130 67
-1.905 0.295 0.605 42 130 67
-1.995 0.205 0.695 42 130 67
-1.905 0.205 0.695 42 130 67
-1.995 0.295 0.695 42 130 67
-1.905 0.295 0.695 42 130 67
-1.895 0.205 0.605 42 130 67
-1.805 0.205 0.605 42 130 67
-1.895 0.295 0.605 42 130 67
-1.805 0.295 0.605 42 130 67
-1.895 0.205 0.695 42 130 67
-1.805 0.205 0.695 42 130 67
-1.895 0.295 0.695 42 130 67
-1.805 0.295 0.695 42 130 67
-1.795 0.205 0.605 42 130 67
-1.705 0.205 0.605 42 130 67
-1.795 0.295 0.605 42 130 67
-1.705 0.295 0.605 42 130 67
-1.795 0.205 0.695 42 130 67
-1.705 0.205 0.695 42 130 67
-1.795 0.295 0.695 42 130 67
-1.705 0.295 0.695 42 130 67
-1.695 0.205 0.605 42 130 67
-1.605 0.205 0.605 42 130 67
-1.695 0.295 0.605 42 130 67
-1.605 0.295 0.605 42 130 67
-1.695 0.205 0.695 42 130 67
-1.605 0.205 0.695 42 130 67
-1.695 0.295 0.695 42 130 67
-1.605 0.295 0.695 42 130 67
-1.595 0.205 0.605 42 130 67
-1.505 0.205 0.605 42 130 67
-1.595 0.295 0.605 42 130 67
-1.505 0.295 0.605 42 130 67
-1.595 0.205 0.695 42 130 67
-1.505 0.205 0.695 42 130 67
-1.595 0.295 0.695 42 130 67
-1.505 0.295 0.695 42 130 67
-1.495 0.205 0.605 42 130 67
-1.405 0.205 0.605 42 130 67
-1.495 0.295 0.605 42 130 67
-1.405 0.295 0.605 42 130 67
-1.495 0.205 0.695 42 130 67
-1.405 0.205 0.695 42 130 67
-1.495 0.295 0.695 42 130 67
-1.405 0.295 0.695 42 130 67
-1.395 0.205 0.605 42 130 67
-1.305 0.205 0.605 42 130 67
-1.395 0.295 0.605 42 130 67
-1.305 0.295 0.605 42 130 67
-1.395 0.205 0.695 42 130 67
-1.305 0.205 0.695 42 130 67
-1.395 0.295 0.695 42 130 67
-1.305 0.295 0.695 42 130 67
-1.295 0.205 0.605 42 130 67
-1.205 0.205 0.605 42 130 67
-1.295 0.295 0.605 42 130 67
-1.205 0.295 0.605 42 130 67
-1.295 0.205 0.695 42 130 67
-1.205 0.205 0.695 42 130 67
-1.295 0.295 0.695 42 130 67
-1.205 0.295 0.695 42 130 67
-2.195 0.305 0.605 42 130 67
-2.105 0.305 0.605 42 130 67
-2.195 0.395 0.605 42 130 67
-2.105 0.395 0.605 42 130 67
-2.195 0.305 0.695 42 130 67
-2.105 0.305 0.695 42 130 67
-2.195 0.395 0.695 42 130 67
-2.105 0.395 0.695 42 130 67
-2.095 0.305 0.605 42 130 67
-2.005 0.305 0.605 42 130 67
-2.095 0.395 0.605 42 130 67
-2.005 0.395 0.605 42 130 67
-2.095 0.305 0.695 42 130 67
-2.005 0.305 0.695 42 130 67
-2.095 0.395 0.695 42 130 67
-2.005 0.395 0.695 42 130 67
-1.995 0.305 0.605 42 130 67
-1.905 0.305 0.605 42 130 67
-1.995 0.395 0.605 42 130 67
-1.905 0.395 0.605 42 130 67
-1.995 0.305 0.695 42 130 67
-1.905 0.305 0.695 42 130 67
-1.995 0.395 0.695 42 130 67
-1.905 0.395 0.695 42 130 67
-1.895 0.305 0.605 42 130 67
-1.805 0.305 0.605 42 130 67
-1.895 0.395 0.605 42 130 67
-1.805 0.395 0.605 42 130 67
-1.895 0.305 0.695 42 130 67
-1.805 0.305 0.695 42 130 67
-1.895 0.395 0.695 42 130 67
-1.805 0.395 0.695 42 130 67
-1.795 0.305 0.605 42 130 67
-1.705 0.305 0.605 42 130 67
-1.795 0.395 0.605 42 130 67
-1.705 0.395 0.605 42 130 67
-1.795 0.305 0.695 42 130 67
-1.705 0.305 0.695 42 130 67
-1.795 0.395 0.695 42 130 67
-1.705 0.395 0.695 42 130 67
-1.695 0.305 0.605 42 130 67
-1.605 0.305 0.605 42 130 67
-1.695 0.395 0.605 42 130 67
-1.605 0.395 0.605 42 130 67
-1.695 0.305 0.695 42 130 67
-1.605 0.305 0.695 42 130 67
-1.695 0.395 0.695 42 130 67
-1.605 0.395 0.695 42 130 67
-1.595 0.305 0.605 42 130 67
-1.505 0.305 0.605 42 130 67
-1.595 0.395 0.605 42 130 67
-1.505 0.395 0.605 42 130 67
-1.595 0.305 0.695 42 130 67
-1.505 0.305 0.695 42 130 67
-1.595 0.395 0.695 42 130 67
-1.505 0.395 0.695 42 130 67
-1.495 0.305 0.605 42 130 67
-1.405 0.305 0.605 42 130 67
-1.495 0.395 0.605 42 130 67
-1.405 0.395 0.605 42 130 67
-1.495 0.305 0.695 42 130 67
-1.405 0.305 0.695 42 130 67
-1.495 0.395 0.695 42 130 67
-1.405 0.395 0.695 42 130 67
-1.395 0.305 0.605 42 130 67
-1.305 0.305 0.605 42 130 67
-1.395 0.395 0.605 42 130 67
-1.305 0.395 0.605 42 130 67
-1.395 0.305 0.695 42 130 67
-1.305 0.305 0.695 42 130 67
-1.395 0.395 0.695 42 130 67
-1.305 0.395 0.695 42 130 67
-1.295 0.305 0.605 42 130 67
-1.205 0.305 0.605 42 130 67
-1.295 0.395 0.605 42 130 67
-1.205 0.395 0.605 42 130 67
-1.295 0.305 0.695 42 130 67
-1.205 0.305 0.695 42 130 67
-1.295 0.395 0.695 42 130 67
-1.205 0.395 0.695 42 130 67
-2.195 0.405 0.605 42 130 67
-2.105 0.405 0.605 42 130 67
-2.195 0.495 0.605 42 130 67
-2.105 0.495 0.605 42 130 67
-2.195 0.405 0.695 42 130 67
-2.105 0.405 0.695 42 130 67
-2.195 0.495 0.695 42 130 67
-2.105 0.495 0.695 42 130 67
-2.095 0.405 0.605 42 130 67
-2.005 0.405 0.605 42 130 67
-2.095 0.495 0.605 42 130 67
-2.005 0.495 0.605 42 130 67
-2.095 0.405 0.695 42 130 67
-2.005 0.405 0.695 42 130 67
-2.095 0.495 0.695 42 130 67
-2.005 0.495 0.695 42 130 67
-1.995 0.405 0.605 42 130 67
-1.905 0.405 0.605 42 130 67
-1.995 0.495 0.605 42 130 67
-1.905 0.495 0.605 42 130 67
-1.995 0.405 0.695 42 130 67
-1.905 0.405 0.695 42 130 67
-1.995 0.495 0.695 42 130 67
-1.905 0.495 0.695 42 130 67
-1.895 0.405 0.605 42 130 67
-1.805 0.405 0.605 42 130 67
-1.895 0.495 0.605 42 130 67
-1.805 0.495 0.605 42 130 67
-1.895 0.405 0.695 42 130 67
-1.805 0.405 0.695 42 130 67
-1.895 0.495 0.695 42 130 67
-1.805 0.495 0.695 42 130 67
-1.795 0.405 0.605 42 130 67
-1.705 0.405 0.605 42 130 67
-1.795 0.495 0.605 42 130 67
-1.705 0.495 0.605 42 130 67
-1.795 0.405 0.695 42 130 67
-1.705 0.405 0.695 42 130 67
-1.795 0.495 0.695 42 130 67
-1.705 0.495 0.695 42 130 67
-1.695 0.405 0.605 42 130 67
-1.605 0.405 0.605 42 130 67
-1.695 0.495 0.605 42 130 67
-1.605 0.495 0.605 42 130 67
-1.695 0.405 0.695 42 130 67
-1.605 0.405 0.695 42 130 67
-1.695 0.495 0.695 42 130 67
-1.605 0.495 0.695 42 130 67
-1.595 0.405 0.605 42 130 67
-1.505 0.405 0.605 42 130 67
-1.595 0.495 0.605 42 130 67
-1.505 0.495 0.605 42 130 67
-1.595 0.405 0.695 42 130 67
-1.505 0.405 0.695 42 130 67
-1.595 0.495 0.695 42 130 67
-1.505 0.495 0.695 42 130 67
-1.495 0.405 0.605 42 130 67
-1.405 0.405 0.605 42 130 67
-1.495 0.495 0.605 42 130 67
-1.405 0.495 0.605 42 130 67
-1.495 0.405 0.695 42 130 67
-1.405 0.405 0.695 42 130 67
-1.495 0.495 0.695 42 130 67
-1.405 0.495 0.695 42 130 67
-1.395 0.405 0.605 42 130 67
-1.305 0.405 0.605 42 130 67
-1.395 0.495 0.605 42 130 67
-1.305 0.495 0.605 42 130 67
-1.395 0.405 0.695 42 130 67
-1.305 0.405 0.695 42 130 67
-1.395 0.495 0.695 42 130 67
-1.305 0.495 0.695 42 130 67
-1.295 0.405 0.605 42 130 67
-1.205 0.405 0.605 42 130 67
-1.295 0.495 0.605 42 130 67
-1.205 0.495 0.605 42 130 67
-1.295 0.405 0.695 42 130 67
-1.205 0.405 0.695 42 130 67
-1.295 0.495 0.695 42 130 67
-1.205 0.495 0.695 42 130 67
-2.195 -0.495 0.705 42 130 67
-2.105 -0.495 0.705 42 130 67
-2.195 -0.405 0.705 42 130 67
-2.105 -0.405 0.705 42 130 67
-2.195 -0.495 0.795 42 130 67
-2.105 -0.495 0.795 42 130 67
-2.195 -0.405 0.795 42 130 67
-2.105 -0.405 0.795 42 130 67
-2.095 -0.495 0.705 42 130 67
-2.005 -0.495 0.705 42 130 67
-2.095 -0.405 0.705 42 130 67
-2.005 -0.405 0.705 42 130 67
-2.095 -0.495 0.795 42 130 67
-2.005 -0.495 0.795 42 130 67
-2.095 -0.405 0.795 42 130 67
-2.005 -0.405 0.795 42 130 67
-1.995 -0.495 0.705 42 130 67
-1.905 -0.495 0.705 42 130 67
-1.995 -0.405 0.705 42 130 67
-1.905 -0.405 0.705 42 130 67
-1.995 -0.495 0.795 42 130 67
-1.905 -0.495 0.795 42 130 67
-1.995 -0.405 0.795 42 130 67
-1.905 -0.405 0.795 42 130 67
-1.895 -0.495 0.705 42 130 67
-1.805 -0.495 0.705 42 130 67
-1.895 -0.405 0.705 42 130 67
-1.805 -0.405 0.705 42 130 67
-1.895 -0.495 0.795 42 130 67
-1.805 -0.495 0.795 42 130 67
-1.895 -0.405 0.795 42 130 67
-1.805 -0.405 0.795 42 130 67
-1.795 -0.495 0.705 42 130 67
-1.705 -0.495 0.705 42 130 67
-1.795 -0.405 0.705 42 130 67
-1.705 -0.405 0.705 42 130 67
-1.795 -0.495 0.795 42 130 67
-1.705 -0.495 0.795 42 130 67
-1.795 -0.405 0.795 42 130 67
-1.705 -0.405 0.795 42 130 67
-1.695 -0.495 0.705 42 130 67
-1.605 -0.495 0.705 42 130 67
-1.695 -0.405 0.705 42 130 67
-1.605 -0.405 0.705 42 130 67
-1.695 -0.495 0.795 42 130 67
-1.605 -0.495 0.795 42 130 67
-1.695 -0.405 0.795 42 130 67
-1.605 -0.405 0.795 42 130 67
-1.595 -0.495 0.705 42 130 67
-1.505 -0.495 0.705 42 130 67
-1.595 -0.405 0.705 42 130 67
-1.505 -0.405 0.705 42 130 67
-1.595 -0.495 0.795 42 130 67
-1.505 -0.495 0.795 42 130 67
-1.595 -0.405 0.795 42 130 67
-1.505 -0.405 0.795 42 130 67
-1.495 -0.495 0.705 42 130 67
-1.405 -0.495 0.705 42 130 67
-1.495 -0.405 0.705 42 130 67
-1.405 -0.405 0.705 42 130 67
-1.495 -0.495 0.795 42 130 67
-1.405 -0.495 0.795 42 130 67
-1.495 -0.405 0.795 42 130 67
-1.405 -0.405 0.795 42 130 67
-1.395 -0.495 0.705 42 130 67
-1.305 -0.495 0.705 42 130 67
-1.395 -0.405 0.705 42 130 67
-1.305 -0.405 0.705 42 130 67
-1.395 -0.495 0.795 42 130 67
-1.305 -0.495 0.795 42 130 67
-1.395 -0.405 0.795 42 130 67
-1.305 -0.405 0.795 42 130 67
-1.295 -0.495 0.705 42 130 67
-1.205 -0.495 0.705 42 130 67
-1.295 -0.405 0.705 42 130 67
-1.205 -0.405 0.705 42 130 67
-1.295 -0.495 0.795 42 130 67
-1.205 -0.495 0.795 42 130 67
-1.295 -0.405 0.795 42 130 67
-1.205 -0.405 0.795 42 130 67
-2.195 -0.395 0.705 42 130 67
-2.105 -0.395 0.705 42 130 67
-2.195 -0.305 0.705 42 130 67
-2.105 -0.305 0.705 42 130 67
-2.195 -0.395 0.795 42 130 67
-2.105 -0.395 0.795 42 130 67
-2.195 -0.305 0.795 42 130 67
-2.105 -0.305 0.795 42 130 67
-2.095 -0.395 0.705 42 130 67
-2.005 -0.395 0.705 42 130 67
-2.095 -0.305 0.705 42 130 67
-2.005 -0.305 0.705 42 130 67
-2.095 -0.395 0.795 42 130 67
-2.005 -0.395 0.795 42 130 67
-2.095 -0.305 0.795 42 130 67
-2.005 -0.305 0.795 42 130 67
-1.995 -0.395 0.705 42 130 67
-1.905 -0.395 0.705 42 130 67
-1.995 -0.305 0.705 42 130 67
-1.905 -0.305 0.705 42 130 67
-1.995 -0.395 0.795 42 130 67
-1.905 -0.395 0.795 42 130 67
-1.995 -0.305 0.795 42 130 67
-1.905 -0.305 0.795 42 130 67
-1.895 -0.395 0.705 42 130 67
-1.805 -0.395 0.705 42 130 67
-1.895 -0.305 0.705 42 130 67
-1.805 -0.305 0.705 42 130 67
-1.895 -0.395 0.795 42 130 67
-1.805 -0.395 0.795 42 130 67
-1.895 -0.305 0.795 42 130 67
-1.805 -0.305 0.795 42 130 67
-1.795 -0.395 0.705 42 130 67
-1.705 -0.395 0.705 42 130 67
-1.795 -0.305 0.705 42 130 67
-1.705 -0.305 0.705 42 130 67
-1.795 -0.395 0.795 42 130 67
-1.705 -0.395 0.795 42 130 67
-1.795 -0.305 0.795 42 130 67
-1.705 -0.305 0.795 42 130 67
-1.695 -0.395 0.705 42 130 67
-1.605 -0.395 0.705 42 130 67
-1.695 -0.305 0.705 42 130 67
-1.605 -0.305 0.705 42 130 67
-1.695 -0.395 0.795 42 130 67
-1.605 -0.395 0.795 42 130 67
-1.695 -0.305 0.795 42 130 67
-1.605 -0.305 0.795 42 130 67
-1.595 -0.395 0.705 42 130 67
-1.505 -0.395 0.705 42 130 67
-1.595 -0.305 0.705 42 130 67
-1.505 -0.305 0.705 42 130 67
-1.595 -0.395 0.795 42 130 67
-1.505 -0.395 0.795 42 130 67
-1.595 -0.305 0.795 42 130 67
-1.505 -0.305 0.795 42 130 67
-1.495 -0.395 0.705 42 130 67
-1.405 -0.395 0.705 42 130 67
-1.495 -0.305 0.705 42 130 67
-1.405 -0.305 0.705 42 130 67
-1.495 -0.395 0.795 42 130 67
-1.405 -0.395 0.795 42 130 67
-1.495 -0.305 0.795 42 130 67
-1.405 -0.305 0.795 42 130 67
-1.395 -0.395 0.705 42 130 67
-1.305 -0.395 0.705 42 130 67
-1.395 -0.305 0.705 42 130 67
-1.305 -0.305 0.705 42 130 67
-1.395 -0.395 0.795 42 130 67
-1.305 -0.395 0.795 42 130 67
-1.395 -0.305 0.795 42 130 67
-1.305 -0.305 0.795 42 130 67
-1.295 -0.395 0.705 42 130 67
-1.205 -0.395 0.705 42 130 67
-1.295 -0.305 0.705 42 130 67
-1.205 -0.305 0.705 42 130 67
-1.295 -0.395 0.795 42 130 67
-1.205 -0.395 0.795 42 130 67
-1.295 -0.305 0.795 42 130 67
-1.205 -0.305 0.795 42 130 67
-2.195 -0.295 0.705 42 130 67
-2.105 -0.295 0.705 42 130 67
-2.195 -0.205 0.705 42 130 67
-2.105 -0.205 0.705 42 130 67
-2.195 -0.295 0.795 42 130 67
-2.105 -0.295 0.795 42 130 67
-2.195 -0.205 0.795 42 130 67
-2.105 -0.205 0.795 42 130 67
-2.095 -0.295 0.705 42 130 67
-2.005 -0.295 0.705 42 130 67
-2.095 -0.205 0.705 42 130 67
-2.005 -0.205 0.705 42 130 67
-2.095 -0.295 0.795 42 130 67
-2.005 -0.295 0.795 42 130 67
-2.095 -0.205 0.795 42 130 67
-2.005 -0.205 0.795 42 130 67
-1.995 -0.295 0.705 42 130 67
-1.905 -0.295 0.705 42 130 67
-1.995 -0.205 0.705 42 130 67
-1.905 -0.205 0.705 42 130 67
-1.995 -0.295 0.795 42 130 67
-1.905 -0.295 0.795 42 130 67
-1.995 -0.205 0.795 42 130 67
-1.905 -0.205 0.795 42 130 67
-1.895 -0.295 0.705 42 130 67
-1.805 -0.295 0.705 42 130 67
-1.895 -0.205 0.705 42 130 67
-1.805 -0.205 0.705 42 130 67
-1.895 -0.295 0.795 42 130 67
-1.805 -0.295 0.795 42 130 67
-1.895 -0.205 0.795 42 130 67
-1.805 -0.205 0.795 42 130 67
-1.795 -0.295 0.705 42 130 67
-1.705 -0.295 0.705 42 130 67
-1.795 -0.205 0.705 42 130 67
-1.705 -0.205 0.705 42 130 67
-1.795 -0.295 0.795 42 130 67
-1.705 -0.295 0.795 42 130 67
-1.795 -0.205 0.795 42 130 67
-1.705 -0.205 0.795 42 130 67
-1.695 -0.295 0.705 42 130 67
-1.605 -0.295 0.705 42 130 67
-1.695 -0.205 0.705 42 130 67
-1.605 -0.205 0.705 42 130 67
-1.695 -0.295 0.795 42 130 67
-1.605 -0.295 0.795 42 130 67
-1.695 -0.205 0.795 42 130 67
-1.605 -0.205 0.795 42 130 67
-1.595 -0.295 0.705 42 130 67
-1.505 -0.295 0.705 42 130 67
-1.595 -0.205 0.705 42 130 67
-1.505 -0.205 0.705 42 130 67
-1.595 -0.295 0.795 42 130 67
-1.505 -0.295 0.795 42 130 67
-1.595 -0.205 0.795 42 130 67
-1.505 -0.205 0.795 42 130 67
-1.495 -0.295 0.705 42 130 67
-1.405 -0.295 0.705 42 130 67
-1.495 -0.205 0.705 42 130 67
-1.405 -0.205 0.705 42 130 67
-1.495 -0.295 0.795 42 130 67
-1.405 -0.295 0.795 42 130 67
-1.495 -0.205 0.795 42 130 67
-1.405 -0.205 0.795 42 130 67
-1.395 -0.295 0.705 42 130 67
-1.305 -0.295 0.705 42 130 67
-1.395 -0.205 0.705 42 130 67
-1.305 -0.205 0.705 42 130 67
-1.395 -0.295 0.795 42 130 67
-1.305 -0.295 0.795 42 130 67
-1.395 -0.205 0.795 42 130 67
-1.305 -0.205 0.795 42 130 67
-1.295 -0.295 0.705 42 130 67
-1.205 -0.295 0.705 42 130 67
-1.295 -0.205 0.705 42 130 67
-1.205 -0.205 0.705 42 130 67
-1.295 -0.295 0.795 42 130 67
-1.205 -0.295 0.795 42 130 67
-1.295 -0.205 0.795 42 130 67
-1.205 -0.205 0.795 42 130 67
-2.195 -0.195 0.705 42 130 67
-2.105 -0.195 0.705 42 130 67
-2.195 -0.105 0.705 42 130 67
-2.105 -0.105 0.705 42 130 67
-2.195 -0.195 0.795 42 130 67
-2.105 -0.195 0.795 42 130 67
-2.195 -0.105 0.795 42 130 67
-2.105 -0.105 0.795 42 130 67
-2.095 -0.195 0.705 42 130 67
-2.005 -0.195 0.705 42 130 67
-2.095 -0.105 0.705 42 130 67
-2.005 -0.105 0.705 42 130 67
-2.095 -0.195 0.795 42 130 67
-2.005 -0.195 0.795 42 130 67
-2.095 -0.105 0.795 42 130 67
-2.005 -0.105 0.795 42 130 67
-1.995 -0.195 0.705 42 130 67
-1.905 -0.195 0.705 42 130 67
-1.995 -0.105 0.705 42 130 67
-1.905 -0.105 0.705 42 130 67
-1.995 -0.195 0.795 42 130 67
-1.905 -0.195 0.795 42 130 67
-1.995 -0.105 0.795 42 130 67
-1.905 -0.105 0.795 42 130 67
-1.895 -0.195 0.705 42 130 67
-1.805 -0.195 0.705 42 130 67
-1.895 -0.105 0.705 42 130 67
-1.805 -0.105 0.705 42 130 67
-1.895 -0.195 0.795 42 130 67
-1.805 -0.195 0.795 42 130 67
-1.895 -0.105 0.795 42 130 67
-1.805 -0.105 0.795 42 130 67
-1.795 -0.195 0.705 42 130 67
-1.705 -0.195 0.705 42 130 67
-1.795 -0.105 0.705 42 130 67
-1.705 -0.105 0.705 42 130 67
-1.795 -0.195 0.795 42 130 67
-1.705 -0.195 0.795 42 130 67
-1.795 -0.105 0.795 42 130 67
-1.705 -0.105 0.795 42 130 67
-1.695 -0.195 0.705 42 130 67
-1.605 -0.195 0.705 42 130 67
-1.695 -0.105 0.705 42 130 67
-1.605 -0.105 0.705 42 130 67
-1.695 -0.195 0.795 42 130 67
-1.605 -0.195 0.795 42 130 67
-1.695 -0.105 0.795 42 130 67
-1.605 -0.105 0.795 42 130 67
-1.595 -0.195 0.705 42 130 67
-1.505 -0.195 0.705 42 130 67
-1.595 -0.105 0.705 42 130 67
-1.505 -0.105 0.705 42 130 67
-1.595 -0.195 0.795 42 130 67
-1.505 -0.195 0.795 42 130 67
-1.595 -0.105 0.795 42 130 67
-1.505 -0.105 0.795 42 130 67
-1.495 -0.195 0.705 42 130 67
-1.405 -0.195 0.705 42 130 67
-1.495 -0.105 0.705 42 130 67
-1.405 -0.105 0.705 42 130 67
-1.495 -0.195 0.795 42 130 67
-1.405 -0.195 0.795 42 130 67
-1.495 -0.105 0.795 42 130 67
-1.405 -0.105 0.795 42 130 67
-1.395 -0.195 0.705 42 130 67
-1.305 -0.195 0.705 42 130 67
-1.395 -0.105 0.705 42 130 67
-1.305 -0.105 0.705 42 130 67
-1.395 -0.195 0.795 42 130 67
-1.305 -0.195 0.795 42 130 67
-1.395 -0.105 0.795 42 130 67
-1.305 -0.105 0.795 42 130 67
-1.295 -0.195 0.705 42 130 67
-1.205 -0.195 0.705 42 130 67
-1.295 -0.105 0.705 42 130 67
-1.205 -0.105 0.705 42 130 67
-1.295 -0.195 0.795 42 130 67
-1.205 -0.195 0.795 42 130 67
-1.295 -0.105 0.795 42 130 67
-1.205 -0.105 0.795 42 130 67
-2.195 -0.095 0.705 42 130 67
-2.105 -0.095 0.705 42 130 67
-2.195 -0.00500003 0.705 42 130 67
-2.105 -0.00500003 0.705 42 130 67
-2.195 -0.095 0.795 42 130 67
-2.105 -0.095 0.795 42 130 67
-2.195 -0.00500003 0.795 42 130 67
-2.105 -0.00500003 0.795 42 130 67
-2.095 -0.095 0.705 42 130 67
-2.005 -0.095 0.705 42 130 67
-2.095 -0.00500003 0.705 42 130 67
-2.005 -0.00500003 0.705 42 130 67
-2.095 -0.095 0.795 42 130 67
-2.005 -0.095 0.795 42 130 67
-2.095 -0.00500003 0.795 42 130 67
-2.005 -0.00500003 0.795 42 130 67
-1.995 -0.095 0.705 42 130 67
-1.905 -0.095 0.705 42 130 67
-1.995 -0.00500003 0.705 42 130 67
-1.905 -0.00500003 0.705 42 130 67
-1.995 -0.095 0.795 42 130 67
-1.905 -0.095 0.795 42 130 67
-1.995 -0.00500003 0.795 42 130 67
-1.905 -0.00500003 0.795 42 130 67
-1.895 -0.095 0.705 42 130 67
-1.805 -0.095 0.705 42 130 67
-1.895 -0.00500003 0.705 42 130 67
-1.805 -0.00500003 0.705 42 130 67
-1.895 -0.095 0.795 42 130 67
-1.805 -0.095 0.795 42 130 67
-1.895 -0.00500003 0.795 42 130 67
-1.805 -0.00500003 0.795 42 130 67
-1.795 -0.095 0.705 42 130 67
-1.705 -0.095 0.705 42 130 67
-1.795 -0.00500003 0.705 42 130 67
-1.705 -0.00500003 0.705 42 130 67
-1.795 -0.095 0.795 42 130 67
-1.705 -0.095 0.795 42 130 67
-1.795 -0.00500003 0.795 42 130 67
-1.705 -0.00500003 0.795 42 130 67
-1.695 -0.095 0.705 42 130 67
-1.605 -0.095 0.705 42 130 67
-1.695 -0.00500003 0.705 42 130 67
-1.605 -0.00500003 0.705 42 130 67
-1.695 -0.095 0.795 42 130 67
-1.605 -0.095 0.795 42 130 67
-1.695 -0.00500003 0.795 42 130 67
-1.605 -0.00500003 0.795 42 130 67
-1.595 -0.095 0.705 42 130 67
-1.505 -0.095 0.705 42 130 67
-1.595 -0.00500003 0.705 42 130 67
-1.505 -0.00500003 0.705 42 130 67
-1.595 -0.095 0.795 42 130 67
-1.505 -0.095 0.795 42 130 67
-1.595 -0.00500003 0.795 42 130 67
-1.505 -0.00500003 0.795 42 130 67
-1.495 -0.095 0.705 42 130 67
-1.405 -0.095 0.705 42 130 67
-1.495 -0.00500003 0.705 42 130 67
-1.405 -0.00500003 0.705 42 130 67
-1.495 -0.095 0.795 42 130 67
-1.405 -0.095 0.795 42 130 67
-1.495 -0.00500003 0.795 42 130 67
-1.405 -0.00500003 0.795 42 130 67
-1.395 -0.095 0.705 42 130 67
-1.305 -0.095 0.705 42 130 67
-1.395 -0.00500003 0.705 42 130 67
-1.305 -0.00500003 0.705 42 130 67
-1.395 -0.095 0.795 42 130 67
-1.305 -0.095 0.795 42 130 67
-1.395 -0.00500003 0.795 42 130 67
-1.305 -0.00500003 0.795 42 130 67
-1.295 -0.095 0.705 42 130 67
-1.205 -0.095 0.705 42 130 67
-1.295 -0.00500003 0.705 42 130 67
-1.205 -0.00500003 0.705 42 130 67
-1.295 -0.095 0.795 42 130 67
-1.205 -0.095 0.795 42 130 67
-1.295 -0.00500003 0.795 42 130 67
-1.205 -0.00500003 0.795 42 130 67
-2.195 0.00500005 0.705 42 130 67
-2.105 0.00500005 0.705 42 130 67
-2.195 0.095 0.705 42 130 67
-2.105 0.095 0.705 42 130 67
-2.195 0.00500005 0.795 42 130 67
-2.105 0.00500005 0.795 42 130 67
-2.195 0.095 0.795 42 130 67
-2.105 0.095 0.795 42 130 67
-2.095 0.00500005 0.705 42 130 67
-2.005 0.00500005 0.705 42 130 67
-2.095 0.095 0.705 42 130 67
-2.005 0.095 0.705 42 130 67
-2.095 0.00500005 0.795 42 130 67
-2.005 0.00500005 0.795 42 130 67
-2.095 0.095 0.795 42 130 67
-2.005 0.095 0.795 42 130 67
-1.995 0.00500005 0.705 42 130 67
-1.905 0.00500005 0.705 42 130 67
-1.995 0.095 0.705 42 130 67
-1.905 0.095 0.705 42 130 67
-1.995 0.00500005 0.795 42 130 67
-1.905 0.00500005 0.795 42 130 67
-1.995 0.095 0.795 42 130 67
-1.905 0.095 0.795 42 130 67
-1.895 0.00500005 0.705 42 130 67
-1.805 0.00500005 0.705 42 130 67
-1.895 0.095 0.705 42 130 67
-1.805 0.095 0.705 42 130 67
-1.895 0.00500005 0.795 42 130 67
-1.805 0.00500005 0.795 42 130 67
-1.895 0.095 0.795 42 130 67
-1.805 0.095 0.795 42 130 67
-1.795 0.00500005 0.705 42 130 67
-1.705 0.00500005 0.705 42 130 67
-1.795 0.095 0.705 42 130 67
-1.705 0.095 0.705 42 130 67
-1.795 0.00500005 0.795 42 130 67
-1.705 0.00500005 0.795 42 130 67
-1.795 0.095 0.795 42 130 67
-1.705 0.095 0.795 42 130 67
-1.695 0.00500005 0.705 42 130 67
-1.605 0.00500005 0.705 42 130 67
-1.695 0.095 0.705 42 130 67
-1.605 0.095 0.705 42 130 67
-1.695 0.00500005 0.795 42 130 67
-1.605 0.00500005 0.795 42 130 67
-1.695 0.095 0.795 42 130 67
-1.605 0.095 0.795 42 130 67
-1.595 0.00500005 0.705 42 130 67
-1.505 0.00500005 0.705 42 130 67
-1.595 0.095 0.705 42 130 67
-1.505 0.095 0.705 42 130 67
-1.595 0.00500005 0.795 42 130 67
-1.505 0.00500005 0.795 42 130 67
-1.595 0.095 0.795 42 130 67
-1.505 0.095 0.795 42 130 67
-1.495 0.00500005 0.705 42 130 67
-1.405 0.00500005 0.705 42 130 67
-1.495 0.095 0.705 42 130 67
-1.405 0.095 0.705 42 130 67
-1.495 0.00500005 0.795 42 130 67
-1.405 0.00500005 0.795 42 130 67
-1.495 0.095 0.795 42 130 67
-1.405 0.095 0.795 42 130 67
-1.395 0.00500005 0.705 42 130 67
-1.305 0.00500005 0.705 42 130 67
-1.395 0.095 0.705 42 130 67
-1.305 0.095 0.705 42 130 67
-1.395 0.00500005 0.795 42 130 67
-1.305 0.00500005 0.795 42 130 67
-1.395 0.095 0.795 42 130 67
-1.305 0.095 0.795 42 130 67
-1.295 0.00500005 0.705 42 130 67
-1.205 0.00500005 0.705 42 130 67
-1.295 0.095 0.705 42 130 67
-1.205 0.095 0.705 42 130 67
-1.295 0.00500005 0.795 42 130 67
-1.205 0.00500005 0.795 42 130 67
-1.295 0.095 0.795 42 130 67
-1.205 0.095 0.795 42 130 67
-2.195 0.105 0.705 42 130 67
-2.105 0.105 0.705 42 130 67
-2.195 0.195 0.705 42 130 67
-2.105 0.195 0.705 42 130 67
-2.195 0.105 0.795 42 130 67
-2.105 0.105 0.795 42 130 67
-2.195 0.195 0.795 42 130 67
-2.105 0.195 0.795 42 130 67
-2.095 0.105 0.705 42 130 67
-2.005 0.105 0.705 42 130 67
-2.095 0.195 0.705 42 130 67
-2.005 0.195 0.705 42 130 67
-2.095 0.105 0.795 42 130 67
-2.005 0.105 0.795 42 130 67
-2.095 0.195 0.795 42 130 67
-2.005 0.195 0.795 42 130 67
-1.995 0.105 0.705 42 130 67
-1.905 0.105 0.705 42 130 67
-1.995 0.195 0.705 42 130 67
-1.905 0.195 0.705 42 130 67
-1.995 0.105 0.795 42 130 67
-1.905 0.105 0.795 42 130 67
-1.995 0.195 0.795 42 130 67
-1.905 0.195 0.795 42 130 67
-1.895 0.105 0.705 42 130 67
-1.805 0.105 0.705 42 130 67
-1.895 0.195 0.705 42 130 67
-1.805 0.195 0.705 42 130 67
-1.895 0.105 0.795 42 130 67
-1.805 0.105 0.795 42 130 67
-1.895 0.195 0.795 42 130 67
-1.805 0.195 0.795 42 130 67
-1.795 0.105 0.705 42 130 67
-1.705 0.105 0.705 42 130 67
-1.795 0.195 0.705 42 130 67
-1.705 0.195 0.705 42 130 67
-1.795 0.105 0.795 42 130 67
-1.705 0.105 0.795 42 130 67
-1.795 0.195 0.795 42 130 67
-1.705 0.195 0.795 42 130 67
-1.695 0.105 0.705 42 130 67
-1.605 0.105 0.705 42 130 67
-1.695 0.195 0.705 42 130 67
-1.605 0.195 0.705 42 130 67
-1.695 0.105 0.795 42 130 67
-1.605 0.105 0.795 42 130 67
-1.695 0.195 0.795 42 130 67
-1.605 0.195 0.795 42 130 67
-1.595 0.105 0.705 42 130 67
-1.505 0.105 0.705 42 130 67
-1.595 0.195 0.705 42 130 67
-1.505 0.195 0.705 42 130 67
-1.595 0.105 0.795 42 130 67
-1.505 0.105 0.795 42 130 67
-1.595 0.195 0.795 42 130 67
-1.505 0.195 0.795 42 130 67
-1.495 0.105 0.705 42 130 67
-1.405 0.105 0.705 42 130 67
-1.495 0.195 0.705 42 130 67
-1.405 0.195 0.705 42 130 67
-1.495 0.105 0.795 42 130 67
-1.405 0.105 0.795 42 130 67
-1.495 0.195 0.795 42 130 67
-1.405 0.195 0.795 42 130 67
-1.395 0.105 0.705 42 130 67
-1.305 0.105 0.705 42 130 67
-1.395 0.195 0.705 42 130 67
-1.305 0.195 0.705 42 130 67
-1.395 0.105 0.795 42 130 67
-1.305 0.105 0.795 42 130 67
-1.395 0.195 0.795 42 130 67
-1.305 0.195 0.795 42 130 67
-1.295 0.105 0.705 42 130 67
-1.205 0.105 0.705 42 130 67
-1.295 0.195 0.705 42 130 67
-1.205 0.195 0.705 42 130 67
-1.295 0.105 0.795 42 130 67
-1.205 0.105 0.795 42 130 67
-1.295 0.195 0.795 42 130 67
-1.205 0.195 0.795 42 130 67
-2.195 0.205 0.705 42 130 67
-2.105 0.205 0.705 42 130 67
-2.195 0.295 0.705 42 130 67
-2.105 0.295 0.705 42 130 67
-2.195 0.205 0.795 42 130 67
-2.105 0.205 0.795 42 130 67
-2.195 0.295 0.795 42 130 67
-2.105 0.295 0.795 42 130 67
-2.095 0.205 0.705 42 130 67
-2.005 0.205 0.705 42 130 67
-2.095 0.295 0.705 42 130 67
-2.005 0.295 0.705 42 130 67
-2.095 0.205 0.795 42 130 67
-2.005 0.205 0.795 42 130 67
-2.095 0.295 0.795 42 130 67
-2.005 0.295 0.795 42 130 67
-1.995 0.205 0.705 42 130 67
-1.905 0.205 0.705 42 130 67
-1.995 0.295 0.705 42 130 67
-1.905 0.295 0.705 42 130 67
-1.995 0.205 0.795 42 130 67
-1.905 0.205 0.795 42 130 67
-1.995 0.295 0.795 42 130 67
-1.905 0.295 0.795 42 130 67
-1.895 0.205 0.705 42 130 67
-1.805 0.205 0.705 42 130 67
-1.895 0.295 0.705 42 130 67
-1.805 0.295 0.705 42 130 67
-1.895 0.205 0.795 42 130 67
-1.805 0.205 0.795 42 130 67
-1.895 0.295 0.795 42 130 67
-1.805 0.295 0.795 42 130 67
-1.795 0.205 0.705 42 130 67
-1.705 0.205 0.705 42 130 67
-1.795 0.295 0.705 42 130 67
-1.705 0.295 0.705 42 130 67
-1.795 0.205 0.795 42 130 67
-1.705 0.205 0.795 42 130 67
-1.795 0.295 0.795 42 130 67
-1.705 0.295 0.795 42 130 67
-1.695 0.205 0.705 42 130 67
-1.605 0.205 0.705 42 130 67
-1.695 0.295 0.705 42 130 67
-1.605 0.295 0.705 42 130 67
-1.695 0.205 0.795 42 130 67
-1.605 0.205 0.795 42 130 67
-1.695 0.295 0.795 42 130 67
-1.605 0.295 0.795 42 130 67
-1.595 0.205 0.705 42 130 67
-1.505 0.205 0.705 42 130 67
-1.595 0.295 0.705 42 130 67
-1.505 0.295 0.705 42 130 67
-1.595 0.205 0.795 42 130 67
-1.505 0.205 0.795 42 130 67
-1.595 0.295 0.795 42 130 67
-1.505 0.295 0.795 42 130 67
-1.495 0.205 0.705 42 130 67
-1.405 0.205 0.705 42 130 67
-1.495 0.295 0.705 42 130 67
-1.405 0.295 0.705 42 130 67
-1.495 0.205 0.795 42 130 67
-1.405 0.205 0.795 42 130 67
-1.495 0.295 0.795 42 130 67
-1.405 0.295 0.795 42 130 67
-1.395 0.205 0.705 42 130 67
-1.305 0.205 0.705 42 130 67
-1.395 0.295 0.705 42 130 67
-1.305 0.295 0.705 42 130 67
-1.395 0.205 0.795 42 130 67
-1.305 0.205 0.795 42 130 67
-1.395 0.295 0.795 42 130 67
-1.305 0.295 0.795 42 130 67
-1.295 0.205 0.705 42 130 67
-1.205 0.205 0.705 42 130 67
-1.295 0.295 0.705 42 130 67
-1.205 0.295 0.705 42 130 67
-1.295 0.205 0.795 42 130 67
-1.205 0.205 0.795 42 130 67
-1.295 0.295 0.795 42 130 67
-1.205 0.295 0.795 42 130 67
-2.195 0.305 0.705 42 130 67
-2.105 0.305 0.705 42 130 67
-2.195 0.395 0.705 42 130 67
-2.105 0.395 0.705 42 130 67
-2.195 0.305 0.795 42 130 67
-2.105 0.305 0.795 42 130 67
-2.195 0.395 0.795 42 130 67
-2.105 0.395 0.795 42 130 67
-2.095 0.305 0.705 42 130 67
-2.005 0.305 0.705 42 130 67
-2.095 0.395 0.705 42 130 67
-2.005 0.395 0.705 42 130 67
-2.095 0.305 0.795 42 130 67
-2.005 0.305 0.795 42 130 67
-2.095 0.395 0.795 42 130 67
-2.005 0.395 0.795 42 130 67
-1.995 0.305 0.705 42 130 67
-1.905 0.305 0.705 42 130 67
-1.995 0.395 0.705 42 130 67
-1.905 0.395 0.705 42 130 67
-1.995 0.305 0.795 42 130 67
-1.905 0.305 0.795 42 130 67
-1.995 0.395 0.795 42 130 67
-1.905 0.395 0.795 42 130 67
-1.895 0.305 0.705 42 130 67
-1.805 0.305 0.705 42 130 67
-1.895 0.395 0.705 42 130 67
-1.805 0.395 0.705 42 130 67
-1.895 0.305 0.795 42 130 67
-1.805 0.305 0.795 42 130 67
-1.895 0.395 0.795 42 130 67
-1.805 0.395 0.795 42 130 67
-1.795 0.305 0.705 42 130 67
-1.705 0.305 0.705 42 130 67
-1.795 0.395 0.705 42 130 67
-1.705 0.395 0.705 42 130 67
-1.795 0.305 0.795 42 130 67
-1.705 0.305 0.795 42 130 67
-1.795 0.395 0.795 42 130 67
-1.705 0.395 0.795 42 130 67
-1.695 0.305 0.705 42 130 67
-1.605 0.305 0.705 42 130 67
-1.695 0.395 0.705 42 130 67
-1.605 0.395 0.705 42 130 67
-1.695 0.305 0.795 42 130 67
-1.605 0.305 0.795 42 130 67
-1.695 0.395 0.795 42 130 67
-1.605 0.395 0.795 42 130 67
-1.595 0.305 0.705 42 130 67
-1.505 0.305 0.705 42 130 67
-1.595 0.395 0.705 42 130 67
-1.505 0.395 0.705 42 130 67
-1.595 0.305 0.795 42 130 67
-1.505 0.305 0.795 42 130 67
-1.595 0.395 0.795 42 130 67
-1.505 0.395 0.795 42 130 67
-1.495 0.305 0.705 42 130 67
-1.405 0.305 0.705 42 130 67
-1.495 0.395 0.705 42 130 67
-1.405 0.395 0.705 42 130 67
-1.495 0.305 0.795 42 130 67
-1.405 0.305 0.795 42 130 67
-1.495 0.395 0.795 42 130 67
-1.405 0.395 0.795 42 130 67
-1.395 0.305 0.705 42 130 67
-1.305 0.305 0.705 42 130 67
-1.395 0.395 0.705 42 130 67
-1.305 0.395 0.705 42 130 67
-1.395 0.305 0.795 42 130 67
-1.305 0.305 0.795 42 130 67
-1.395 0.395 0.795 42 130 67
-1.305 0.395 0.795 42 130 67
-1.295 0.305 0.705 42 130 67
-1.205 0.305 0.705 42 130 67
-1.295 0.395 0.705 42 130 67
-1.205 0.395 0.705 42 130 67
-1.295 0.305 0.795 42 130 67
-1.205 0.305 0.795 42 130 67
-1.295 0.395 0.795 42 130 67
-1.205 0.395 0.795 42 130 67
-2.195 0.405 0.705 42 130 67
-2.105 0.405 0.705 42 130 67
-2.195 0.495 0.705 42 130 67
-2.105 0.495 0.705 42 130 67
-2.195 0.405 0.795 42 130 67
-2.105 0.405 0.795 42 130 67
-2.195 0.495 0.795 42 130 67
-2.105 0.495 0.795 42 130 67
-2.095 0.405 0.705 42 130 67
-2.005 0.405 0.705 42 130 67
-2.095 0.495 0.705 42 130 67
-2.005 0.495 0.705 42 130 67
-2.095 0.405 0.795 42 130 67
-2.005 0.405 0.795 42 130 67
-2.095 0.495 0.795 42 130 67
-2.005 0.495 0.795 42 130 67
-1.995 0.405 0.705 42 130 67
-1.905 0.405 0.705 42 130 67
-1.995 0.495 0.705 42 130 67
-1.905 0.495 0.705 42 130 67
-1.995 0.405 0.795 42 130 67
-1.905 0.405 0.795 42 130 67
-1.995 0.495 0.795 42 130 67
-1.905 0.495 0.795 42 130 67
-1.895 0.405 0.705 42 130 67
-1.805 0.405 0.705 42 130 67
-1.895 0.495 0.705 42 130 67
-1.805 0.495 0.705 42 130 67
-1.895 0.405 0.795 42 130 67
-1.805 0.405 0.795 42 130 67
-1.895 0.495 0.795 42 130 67
-1.805 0.495 0.795 42 130 67
-1.795 0.405 0.705 42 130 67
-1.705 0.405 0.705 42 130 67
-1.795 0.495 0.705 42 130 67
-1.705 0.495 0.705 42 130 67
-1.795 0.405 0.795 42 130 67
-1.705 0.405 0.795 42 130 67
-1.795 0.495 0.795 42 130 67
-1.705 0.495 0.795 42 130 67
-1.695 0.405 0.705 42 130 67
-1.605 0.405 0.705 42 130 67
-1.695 0.495 0.705 42 130 67
-1.605 0.495 0.705 42 130 67
-1.695 0.405 0.795 42 130 67
-1.605 0.405 0.795 42 130 67
-1.695 0.495 0.795 42 130 67
-1.605 0.495 0.795 42 130 67
-1.595 0.405 0.705 42 130 67
-1.505 0.405 0.705 42 130 67
-1.595 0.495 0.705 42 130 67
-1.505 0.495 0.705 42 130 67
-1.595 0.405 0.795 42 130 67
-1.505 0.405 0.795 42 130 67
-1.595 0.495 0.795 42 130 67
-1.505 0.495 0.795 42 130 67
-1.495 0.405 0.705 42 130 67
-1.405 0.405 0.705 42 130 67
-1.495 0.495 0.705 42 130 67
-1.405 0.495 0.705 42 130 67
-1.495 0.405 0.795 42 130 67
-1.405 0.405 0.795 42 130 67
-1.495 0.495 0.795 42 130 67
-1.405 0.495 0.795 42 130 67
-1.395 0.405 0.705 42 130 67
-1.305 0.405 0.705 42 130 67
-1.395 0.495 0.705 42 130 67
-1.305 0.495 0.705 42 130 67
-1.395 0.405 0.795 42 130 67
-1.305 0.405 0.795 42 130 67
-1.395 0.495 0.795 42 130 67
-1.305 0.495 0.795 42 130 67
-1.295 0.405 0.705 42 130 67
-1.205 0.405 0.705 42 130 67
-1.295 0.495 0.705 42 130 67
-1.205 0.495 0.705 42 130 67
-1.295 0.405 0.795 42 130 67
-1.205 0.405 0.795 42 130 67
-1.295 0.495 0.795 42 130 67
-1.205 0.495 0.795 42 130 67
-2.195 -0.495 0.805 38 116 60
-2.105 -0.495 0.805 38 116 60
-2.195 -0.405 0.805 38 116 60
-2.105 -0.405 0.805 38 116 60
-2.195 -0.495 0.895 38 116 60
-2.105 -0.495 0.895 38 116 60
-2.195 -0.405 0.895 38 116 60
-2.105 -0.405 0.895 38 116 60
-2.095 -0.495 0.805 38 116 60
-2.005 -0.495 0.805 38 116 60
-2.095 -0.405 0.805 38 116 60
-2.005 -0.405 0.805 38 116 60
-2.095 -0.495 0.895 38 116 60
-2.005 -0.495 0.895 38 116 60
-2.095 -0.405 0.895 38 116 60
-2.005 -0.405 0.895 38 116 60
-1.995 -0.495 0.805 38 116 60
-1.905 -0.495 0.805 38 116 60
-1.995 -0.405 0.805 38 116 60
-1.905 -0.405 0.805 38 116 60
-1.995 -0.495 0.895 38 116 60
-1.905 -0.495 0.895 38 116 60
-1.995 -0.405 0.895 38 116 60
-1.905 -0.405 0.895 38 116 60
-1.895 -0.495 0.805 38 116 60
-1.805 -0.495 0.805 38 116 60
-1.895 -0.405 0.805 38 116 60
-1.805 -0.405 0.805 38 116 60
-1.895 -0.495 0.895 38 116 60
-1.805 -0.495 0.895 38 116 60
-1.895 -0.405 0.895 38 116 60
-1.805 -0.405 0.895 38 116 60
-1.795 -0.495 0.805 38 116 60
-1.705 -0.495 0.805 38 116 60
-1.795 -0.405 0.805 38 116 60
-1.705 -0.405 0.805 38 116 60
-1.795 -0.495 0.895 38 116 60
-1.705 -0.495 0.895 38 116 60
-1.795 -0.405 0.895 38 116 60
-1.705 -0.405 0.895 38 116 60
-1.695 -0.495 0.805 38 116 60
-1.605 -0.495 0.805 38 116 60
-1.695 -0.405 0.805 38 116 60
-1.605 -0.405 0.805 38 116 60
-1.695 -0.495 0.895 38 116 60
-1.605 -0.495 0.895 38 116 60
-1.695 -0.405 0.895 38 116 60
-1.605 -0.405 0.895 38 116 60
-1.595 -0.495 0.805 38 116 60
-1.505 -0.495 0.805 38 116 60
-1.595 -0.405 0.805 38 116 60
-1.505 -0.405 0.805 38 116 60
-1.595 -0.495 0.895 38 116 60
-1.505 -0.495 0.895 38 116 60
-1.595 -0.405 0.895 38 116 60
-1.505 -0.405 0.895 38 116 60
-1.495 -0.495 0.805 38 116 60
-1.405 -0.495 0.805 38 116 60
-1.495 -0.405 0.805 38 116 60
-1.405 -0.405 0.805 38 116 60
-1.495 -0.495 0.895 38 116 60
-1.405 -0.495 0.895 38 116 60
-1.495 -0.405 0.895 38 116 60
-1.405 -0.405 0.895 38 116 60
-1.395 -0.495 0.805 38 116 60
-1.305 -0.495 0.805 38 116 60
-1.395 -0.405 0.805 38 116 60
-1.305 -0.405 0.805 38 116 60
-1.395 -0.495 0.895 38 116 60
-1.305 -0.495 0.895 38 116 60
-1.395 -0.405 0.895 38 116 60
-1.305 -0.405 0.895 38 116 60
-1.295 -0.495 0.805 38 116 60
-1.205 -0.495 0.805 38 116 60
-1.295 -0.405 0.805 38 116 60
-1.205 -0.405 0.805 38 116 60
-1.295 -0.495 0.895 38 116 60
-1.205 -0.495 0.895 38 116 60
-1.295 -0.405 0.895 38 116 60
-1.205 -0.405 0.895 38 116 60
-2.195 -0.395 0.805 38 116 60
-2.105 -0.395 0.805 38 116 60
-2.195 -0.305 0.805 38 116 60
-2.105 -0.305 0.805 38 116 60
-2.195 -0.395 0.895 38 116 60
-2.105 -0.395 0.895 38 116 60
-2.195 -0.305 0.895 38 116 60
-2.105 -0.305 0.895 38 116 60
-2.095 -0.395 0.805 38 116 60
-2.005 -0.395 0.805 38 116 60
-2.095 -0.305 0.805 38 116 60
-2.005 -0.305 0.805 38 116 60
-2.095 -0.395 0.895 38 116 60
-2.005 -0.395 0.895 38 116 60
-2.095 -0.305 0.895 38 116 60
-2.005 -0.305 0.895 38 116 60
-1.995 -0.395 0.805 38 116 60
-1.905 -0.395 0.805 38 116 60
-1.995 -0.305 0.805 38 116 60
-1.905 -0.305 0.805 38 116 60
-1.995 -0.395 0.895 38 116 60
-1.905 -0.395 0.895 38 116 60
-1.995 -0.305 0.895 38 116 60
-1.905 -0.305 0.895 38 116 60
-1.895 -0.395 0.805 38 116 60
-1.805 -0.395 0.805 38 116 60
-1.895 -0.305 0.805 38 116 60
-1.805 -0.305 0.805 38 116 60
-1.895 -0.395 0.895 38 116 60
-1.805 -0.395 0.895 38 116 60
-1.895 -0.305 0.895 38 116 60
-1.805 -0.305 0.895 38 116 60
-1.795 -0.395 0.805 38 116 60
-1.705 -0.395 0.805 38 116 60
-1.795 -0.305 0.805 38 116 60
-1.705 -0.305 0.805 38 116 60
-1.795 -0.395 0.895 38 116 60
-1.705 -0.395 0.895 38 116 60
-1.795 -0.305 0.895 38 116 60
-1.705 -0.305 0.895 38 116 60
-1.695 -0.395 0.805 38 116 60
-1.605 -0.395 0.805 38 116 60
-1.695 -0.305 0.805 38 116 60
-1.605 -0.305 0.805 38 116 60
-1.695 -0.395 0.895 38 116 60
-1.605 -0.395 0.895 38 116 60
-1.695 -0.305 0.895 38 116 60
-1.605 -0.305 0.895 38 116 60
-1.595 -0.395 0.805 38 116 60
-1.505 -0.395 0.805 38 116 60
-1.595 -0.305 0.805 38 116 60
-1.505 -0.305 0.805 38 116 60
-1.595 -0.395 0.895 38 116 60
-1.505 -0.395 0.895 38 116 60
-1.595 -0.305 0.895 38 116 60
-1.505 -0.305 0.895 38 116 60
-1.495 -0.395 0.805 38 116 60
-1.405 -0.395 0.805 38 116 60
-1.495 -0.305 0.805 38 116 60
-1.405 -0.305 0.805 38 116 60
-1.495 -0.395 0.895 38 116 60
-1.405 -0.395 0.895 38 116 60
-1.495 -0.305 0.895 38 116 60
-1.405 -0.305 0.895 38 116 60
-1.395 -0.395 0.805 38 116 60
-1.305 -0.395 0.805 38 116 60
-1.395 -0.305 0.805 38 116 60
-1.305 -0.305 0.805 38 116 60
-1.395 -0.395 0.895 38 116 60
-1.305 -0.395 0.895 38 116 60
-1.395 -0.305 0.895 38 116 60
-1.305 -0.305 0.895 38 116 60
-1.295 -0.395 0.805 38 116 60
-1.205 -0.395 0.805 38 116 60
-1.295 -0.305 0.805 38 116 60
-1.205 -0.305 0.805 38 116 60
-1.295 -0.395 0.895 38 116 60
-1.205 -0.395 0.895 38 116 60
-1.295 -0.305 0.895 38 116 60
-1.205 -0.305 0.895 38 116 60
-2.195 -0.295 0.805 38 116 60
-2.105 -0.295 0.805 38 116 60
-2.195 -0.205 0.805 38 116 60
-2.105 -0.205 0.805 38 116 60
-2.195 -0.295 0.895 38 116 60
-2.105 -0.295 0.895 38 116 60
-2.195 -0.205 0.895 38 116 60
-2.105 -0.205 0.895 38 116 60
-2.095 -0.295 0.805 38 116 60
-2.005 -0.295 0.805 38 116 60
-2.095 -0.205 0.805 38 116 60
-2.005 -0.205 0.805 38 116 60
-2.095 -0.295 0.895 38 116 60
-2.005 -0.295 0.895 38 116 60
-2.095 -0.205 0.895 38 116 60
-2.005 -0.205 0.895 38 116 60
-1.995 -0.295 0.805 38 116 60
-1.905 -0.295 0.805 38 116 60
-1.995 -0.205 0.805 38 116 60
-1.905 -0.205 0.805 38 116 60
-1.995 -0.295 0.895 38 116 60
-1.905 -0.295 0.895 38 116 60
-1.995 -0.205 0.895 38 116 60
-1.905 -0.205 0.895 38 116 60
-1.895 -0.295 0.805 38 116 60
-1.805 -0.295 0.805 38 116 60
-1.895 -0.205 0.805 38 116 60
-1.805 -0.205 0.805 38 116 60
-1.895 -0.295 0.895 38 116 60
-1.805 -0.295 0.895 38 116 60
-1.895 -0.205 0.895 38 116 60
-1.805 -0.205 0.895 38 116 60
-1.795 -0.295 0.805 38 116 60
-1.705 -0.295 0.805 38 116 60
-1.795 -0.205 0.805 38 116 60
-1.705 -0.205 0.805 38 116 60
-1.795 -0.295 0.895 38 116 60
-1.705 -0.295 0.895 38 116 60
-1.795 -0.205 0.895 38 116 60
-1.705 -0.205 0.895 38 116 60
-1.695 -0.295 0.805 38 116 60
-1.605 -0.295 0.805 38 116 60
-1.695 -0.205 0.805 38 116 60
-1.605 -0.205 0.805 38 116 60
-1.695 -0.295 0.895 38 116 60
-1.605 -0.295 0.895 38 116 60
-1.695 -0.205 0.895 38 116 60
-1.605 -0.205 0.895 38 116 60
-1.595 -0.295 0.805 38 116 60
-1.505 -0.295 0.805 38 116 60
-1.595 -0.205 0.805 38 116 60
-1.505 -0.205 0.805 38 116 60
-1.595 -0.295 0.895 38 116 60
-1.505 -0.295 0.895 38 116 60
-1.595 -0.205 0.895 38 116 60
-1.505 -0.205 0.895 38 116 60
-1.495 -0.295 0.805 38 116 60
-1.405 -0.295 0.805 38 116 60
-1.495 -0.205 0.805 38 116 60
-1.405 -0.205 0.805 38 116 60
-1.495 -0.295 0.895 38 116 60
-1.405 -0.295 0.895 38 116 60
-1.495 -0.205 0.895 38 116 60
-1.405 -0.205 0.895 38 116 60
-1.395 -0.295 0.805 38 116 60
-1.305 -0.295 0.805 38 116 60
-1.395 -0.205 0.805 38 116 60
-1.305 -0.205 0.805 38 116 60
-1.395 -0.295 0.895 38 116 60
-1.305 -0.295 0.895 38 116 60
-1.395 -0.205 0.895 38 116 60
-1.305 -0.205 0.895 38 116 60
-1.295 -0.295 0.805 38 116 60
-1.205 -0.295 0.805 38 116 60
-1.295 -0.205 0.805 38 116 60
-1.205 -0.205 0.805 38 116 60
-1.295 -0.295 0.895 38 116 60
-1.205 -0.295 0.895 38 116 60
-1.295 -0.205 0.895 38 116 60
-1.205 -0.205 0.895 38 116 60
-2.195 -0.195 0.805 38 116 60
-2.105 -0.195 0.805 38 116 60
-2.195 -0.105 0.805 38 116 60
-2.105 -0.105 0.805 38 116 60
-2.195 -0.195 0.895 38 116 60
-2.105 -0.195 0.895 38 116 60
-2.195 -0.105 0.895 38 116 60
-2.105 -0.105 0.895 38 116 60
-2.095 -0.195 0.805 38 116 60
-2.005 -0.195 0.805 38 116 60
-2.095 -0.105 0.805 38 116 60
-2.005 -0.105 0.805 38 116 60
-2.095 -0.195 0.895 38 116 60
-2.005 -0.195 0.895 38 116 60
-2.095 -0.105 0.895 38 116 60
-2.005 -0.105 0.895 38 116 60
-1.995 -0.195 0.805 38 116 60
-1.905 -0.195 0.805 38 116 60
-1.995 -0.105 0.805 38 116 60
-1.905 -0.105 0.805 38 116 60
-1.995 -0.195 0.895 38 116 60
-1.905 -0.195 0.895 38 116 60
-1.995 -0.105 0.895 38 116 60
-1.905 -0.105 0.895 38 116 60
-1.895 -0.195 0.805 38 116 60
-1.805 -0.195 0.805 38 116 60
-1.895 -0.105 0.805 38 116 60
-1.805 -0.105 0.805 38 116 60
-1.895 -0.195 0.895 38 116 60
-1.805 -0.195 0.895 38 116 60
-1.895 -0.105 0.895 38 116 60
-1.805 -0.105 0.895 38 116 60
-1.795 -0.195 0.805 38 116 60
-1.705 -0.195 0.805 38 116 60
-1.795 -0.105 0.805 38 116 60
-1.705 -0.105 0.805 38 116 60
-1.795 -0.195 0.895 38 116 60
-1.705 -0.195 0.895 38 116 60
-1.795 -0.105 0.895 38 116 60
-1.705 -0.105 0.895 38 116 60
-1.695 -0.195 0.805 38 116 60
-1.605 -0.195 0.805 38 116 60
-1.695 -0.105 0.805 38 116 60
-1.605 -0.105 0.805 38 116 60
-1.695 -0.195 0.895 38 116 60
-1.605 -0.195 0.895 38 116 60
-1.695 -0.105 0.895 38 116 60
-1.605 -0.105 0.895 38 116 60
-1.595 -0.195 0.805 38 116 60
-1.505 -0.195 0.805 38 116 60
-1.595 -0.105 0.805 38 116 60
-1.505 -0.105 0.805 38 116 60
-1.595 -0.195 0.895 38 116 60
-1.505 -0.195 0.895 38 116 60
-1.595 -0.105 0.895 38 116 60
-1.505 -0.105 0.895 38 116 60
-1.495 -0.195 0.805 38 116 60
-1.405 -0.195 0.805 38 116 60
-1.495 -0.105 0.805 38 116 60
-1.405 -0.105 0.805 38 116 60
-1.495 -0.195 0.895 38 116 60
-1.405 -0.195 0.895 38 116 60
-1.495 -0.105 0.895 38 116 60
-1.405 -0.105 0.895 38 116 60
-1.395 -0.195 0.805 38 116 60
-1.305 -0.195 0.805 38 116 60
-1.395 -0.105 0.805 38 116 60
-1.305 -0.105 0.805 38 116 60
-1.395 -0.195 0.895 38 116 60
-1.305 -0.195 0.895 38 116 60
-1.395 -0.105 0.895 38 116 60
-1.305 -0.105 0.895 38 116 60
-1.295 -0.195 0.805 38 116 60
-1.205 -0.195 0.805 38 116 60
-1.295 -0.105 0.805 38 116 60
-1.205 -0.105 0.805 38 116 60
-1.295 -0.195 0.895 38 116 60
-1.205 -0.195 0.895 38 116 60
-1.295 -0.105 0.895 38 116 60
-1.205 -0.105 0.895 38 116 60
-2.195 -0.095 0.805 38 116 60
-2.105 -0.095 0.805 38 116 60
-2.195 -0.00500003 0.805 38 116 60
-2.105 -0.00500003 0.805 38 116 60
-2.195 -0.095 0.895 38 116 60
-2.105 -0.095 0.895 38 116 60
-2.195 -0.00500003 0.895 38 116 60
-2.105 -0.00500003 0.895 38 116 60
-2.095 -0.095 0.805 38 116 60
-2.005 -0.095 0.805 38 116 60
-2.095 -0.00500003 0.805 38 116 60
-2.005 -0.00500003 0.805 38 116 60
-2.095 -0.095 0.895 38 116 60
-2.005 -0.095 0.895 38 116 60
-2.095 -0.00500003 0.895 38 116 60
-2.005 -0.00500003 0.895 38 116 60
-1.995 -0.095 0.805 38 116 60
-1.905 -0.095 0.805 38 116 60
-1.995 -0.00500003 0.805 38 116 60
-1.905 -0.00500003 0.805 38 116 60
-1.995 -0.095 0.895 38 116 60
-1.905 -0.095 0.895 38 116 60
-1.995 -0.00500003 0.895 38 116 60
-1.905 -0.00500003 0.895 38 116 60
-1.895 -0.095 0.805 38 116 60
-1.805 -0.095 0.805 38 116 60
-1.895 -0.00500003 0.805 38 116 60
-1.805 -0.00500003 0.805 38 116 60
-1.895 -0.095 0.895 38 116 60
-1.805 -0.095 0.895 38 116 60
-1.895 -0.00500003 0.895 38 116 60
-1.805 -0.00500003 0.895 38 116 60
-1.795 -0.095 0.805 38 116 60
-1.705 -0.095 0.805 38 116 60
-1.795 -0.00500003 0.805 38 116 60
-1.705 -0.00500003 0.805 38 116 60
-1.795 -0.095 0.895 38 116 60
-1.705 -0.095 0.895 38 116 60
-1.795 -0.00500003 0.895 38 116 60
-1.705 -0.00500003 0.895 38 116 60
-1.695 -0.095 0.805 38 116 60
-1.605 -0.095 0.805 38 116 60
-1.695 -0.00500003 0.805 38 116 60
-1.605 -0.00500003 0.805 38 116 60
-1.695 -0.095 0.895 38 116 60
-1.605 -0.095 0.895 38 116 60
-1.695 -0.00500003 0.895 38 116 60
-1.605 -0.00500003 0.895 38 116 60
-1.595 -0.095 0.805 38 116 60
-1.505 -0.095 0.805 38 116 60
-1.595 -0.00500003 0.805 38 116 60
-1.505 -0.00500003 0.805 38 116 60
-1.595 -0.095 0.895 38 116 60
-1.505 -0.095 0.895 38 116 60
-1.595 -0.00500003 0.895 38 116 60
-1.505 -0.00500003 0.895 38 116 60
-1.495 -0.095 0.805 38 116 60
-1.405 -0.095 0.805 38 116 60
-1.495 -0.00500003 0.805 38 116 60
-1.405 -0.00500003 0.805 38 116 60
-1.495 -0.095 0.895 38 116 60
-1.405 -0.095 0.895 38 116 60
-1.495 -0.00500003 0.895 38 116 60
-1.405 -0.00500003 0.895 38 116 60
-1.395 -0.095 0.805 38 116 60
-1.305 -0.095 0.805 38 116 60
-1.395 -0.00500003 0.805 38 116 60
-1.305 -0.00500003 0.805 38 116 60
-1.395 -0.095 0.895 38 116 60
-1.305 -0.095 0.895 38 116 60
-1.395 -0.00500003 0.895 38 116 60
-1.305 -0.00500003 0.895 38 116 60
-1.295 -0.095 0.805 38 116 60
-1.205 -0.095 0.805 38 116 60
-1.295 -0.00500003 0.805 38 116 60
-1.205 -0.00500003 0.805 38 116 60
-1.295 -0.095 0.895 38 116 60
-1.205 -0.095 0.895 38 116 60
-1.295 -0.00500003 0.895 38 116 60
-1.205 -0.00500003 0.895 38 116 60
-2.195 0.00500005 0.805 38 116 60
-2.105 0.00500005 0.805 38 116 60
-2.195 0.095 0.805 38 116 60
-2.105 0.095 0.805 38 116 60
-2.195 0.00500005 0.895 38 116 60
-2.105 0.00500005 0.895 38 116 60
-2.195 0.095 0.895 38 116 60
-2.105 0.095 0.895 38 116 60
-2.095 0.00500005 0.805 38 116 60
-2.005 0.00500005 0.805 38 116 60
-2.095 0.095 0.805 38 116 60
-2.005 0.095 0.805 38 116 60
-2.095 0.00500005 0.895 38 116 60
-2.005 0.00500005 0.895 38 116 60
-2.095 0.095 0.895 38 116 60
-2.005 0.095 0.895 38 116 60
-1.995 0.00500005 0.805 38 116 60
-1.905 0.00500005 0.805 38 116 60
-1.995 0.095 0.805 38 116 60
-1.905 0.095 0.805 38 116 60
-1.995 0.00500005 0.895 38 116 60
-1.905 0.00500005 0.895 38 116 60
-1.995 0.095 0.895 38 116 60
-1.905 0.095 0.895 38 116 60
-1.895 0.00500005 0.805 38 116 60
-1.805 0.00500005 0.805 38 116 60
-1.895 0.095 0.805 38 116 60
-1.805 0.095 0.805 38 116 60
-1.895 0.00500005 0.895 38 116 60
-1.805 0.00500005 0.895 38 116 60
-1.895 0.095 0.895 38 116 60
-1.805 0.095 0.895 38 116 60
-1.795 0.00500005 0.805 38 116 60
-1.705 0.00500005 0.805 38 116 60
-1.795 0.095 0.805 38 116 60
-1.705 0.095 0.805 38 116 60
-1.795 0.00500005 0.895 38 116 60
-1.705 0.00500005 0.895 38 116 60
-1.795 0.095 0.895 38 116 60
-1.705 0.095 0.895 38 116 60
-1.695 0.00500005 0.805 38 116 60
-1.605 0.00500005 0.805 38 116 60
-1.695 0.095 0.805 38 116 60
-1.605 0.095 0.805 38 116 60
-1.695 0.00500005 0.895 38 116 60
-1.605 0.00500005 0.895 38 116 60
-1.695 0.095 0.895 38 116 60
-1.605 0.095 0.895 38 116 60
-1.595 0.00500005 0.805 38 116 60
-1.505 0.00500005 0.805 38 116 60
-1.595 0.095 0.805 38 116 60
-1.505 0.095 0.805 38 116 60
-1.595 0.00500005 0.895 38 116 60
-1.505 0.00500005 0.895 38 116 60
-1.595 0.095 0.895 38 116 60
-1.505 0.095 0.895 38 116 60
-1.495 0.00500005 0.805 38 116 60
-1.405 0.00500005 0.805 38 116 60
-1.495 0.095 0.805 38 116 60
-1.405 0.095 0.805 38 116 60
-1.495 0.00500005 0.895 38 116 60
-1.405 0.00500005 0.895 38 116 60
-1.495 0.095 0.895 38 116 60
-1.405 0.095 0.895 38 116 60
-1.395 0.00500005 0.805 38 116 60
-1.305 0.00500005 0.805 38 116 60
-1.395 0.095 0.805 38 116 60
-1.305 0.095 0.805 38 116 60
-1.395 0.00500005 0.895 38 116 60
-1.305 0.00500005 0.895 38 116 60
-1.395 0.095 0.895 38 116 60
-1.305 0.095 0.895 38 116 60
-1.295 0.00500005 0.805 38 116 60
-1.205 0.00500005 0.805 38 116 60
-1.295 0.095 0.805 38 116 60
-1.205 0.095 0.805 38 116 60
-1.295 0.00500005 0.895 38 116 60
-1.205 0.00500005 0.895 38 116 60
-1.295 0.095 0.895 38 116 60
-1.205 0.095 0.895 38 116 60
-2.195 0.105 0.805 38 116 60
-2.105 0.105 0.805 38 116 60
-2.195 0.195 0.805 38 116 60
-2.105 0.195 0.805 38 116 60
-2.195 0.105 0.895 38 116 60
-2.105 0.105 0.895 38 116 60
-2.195 0.195 0.895 38 116 60
-2.105 0.195 0.895 38 116 60
-2.095 0.105 0.805 38 116 60
-2.005 0.105 0.805 38 116 60
-2.095 0.195 0.805 38 116 60
-2.005 0.195 0.805 38 116 60
-2.095 0.105 0.895 38 116 60
-2.005 0.105 0.895 38 116 60
-2.095 0.195 0.895 38 116 60
-2.005 0.195 0.895 38 116 60
-1.995 0.105 0.805 38 116 60
-1.905 0.105 0.805 38 116 60
-1.995 0.195 0.805 38 116 60
-1.905 0.195 0.805 38 116 60
-1.995 0.105 0.895 38 116 60
-1.905 0.105 0.895 38 116 60
-1.995 0.195 0.895 38 116 60
-1.905 0.195 0.895 38 116 60
-1.895 0.105 0.805 38 116 60
-1.805 0.105 0.805 38 116 60
-1.895 0.195 0.805 38 116 60
-1.805 0.195 0.805 38 116 60
-1.895 0.105 0.895 38 116 60
-1.805 0.105 0.895 38 116 60
-1.895 0.195 0.895 38 116 60
-1.805 0.195 0.895 38 116 60
-1.795 0.105 0.805 38 116 60
-1.705 0.105 0.805 38 116 60
-1.795 0.195 0.805 38 116 60
-1.705 0.195 0.805 38 116 60
-1.795 0.105 0.895 38 116 60
-1.705 0.105 0.895 38 116 60
-1.795 0.195 0.895 38 116 60
-1.705 0.195 0.895 38 116 60
-1.695 0.105 0.805 38 116 60
-1.605 0.105 0.805 38 116 60
-1.695 0.195 0.805 38 116 60
-1.605 0.195 0.805 38 116 60
-1.695 0.105 0.895 38 116 60
-1.605 0.105 0.895 38 116 60
-1.695 0.195 0.895 38 116 60
-1.605 0.195 0.895 38 116 60
-1.595 0.105 0.805 38 116 60
-1.505 0.105 0.805 38 116 60
-1.595 0.195 0.805 38 116 60
-1.505 0.195 0.805 38 116 60
-1.595 0.105 0.895 38 116 60
-1.505 0.105 0.895 38 116 60
-1.595 0.195 0.895 38 116 60
-1.505 0.195 0.895 38 116 60
-1.495 0.105 0.805 38 116 60
-1.405 0.105 0.805 38 116 60
-1.495 0.195 0.805 38 116 60
-1.405 0.195 0.805 38 116 60
-1.495 0.105 0.895 38 116 60
-1.405 0.105 0.895 38 116 60
-1.495 0.195 0.895 38 116 60
-1.405 0.195 0.895 38 116 60
-1.395 0.105 0.805 38 116 60
-1.305 0.105 0.805 38 116 60
-1.395 0.195 0.805 38 116 60
-1.305 0.195 0.805 38 116 60
-1.395 0.105 0.895 38 116 60
-1.305 0.105 0.895 38 116 60
-1.395 0.195 0.895 38 116 60
-1.305 0.195 0.895 38 116 60
-1.295 0.105 0.805 38 116 60
-1.205 0.105 0.805 38 116 60
-1.295 0.195 0.805 38 116 60
-1.205 0.195 0.805 38 116 60
-1.295 0.105 0.895 38 116 60
-1.205 0.105 0.895 38 116 60
-1.295 0.195 0.895 38 116 60
-1.205 0.195 0.895 38 116 60
-2.195 0.205 0.805 38 116 60
-2.105 0.205 0.805 38 116 60
-2.195 0.295 0.805 38 116 60
-2.105 0.295 0.805 38 116 60
-2.195 0.205 0.895 38 116 60
-2.105 0.205 0.895 38 116 60
-2.195 0.295 0.895 38 116 60
-2.105 0.295 0.895 38 116 60
-2.095 0.205 0.805 38 116 60
-2.005 0.205 0.805 38 116 60
-2.095 0.295 0.805 38 116 60
-2.005 0.295 0.805 38 116 60
-2.095 0.205 0.895 38 116 60
-2.005 0.205 0.895 38 116 60
-2.095 0.295 0.895 38 116 60
-2.005 0.295 0.895 38 116 60
-1.995 0.205 0.805 38 116 60
-1.905 0.205 0.805 38 116 60
-1.995 0.295 0.805 38 116 60
-1.905 0.295 0.805 38 116 60
-1.995 0.205 0.895 38 116 60
-1.905 0.205 0.895 38 116 60
-1.995 0.295 0.895 38 116 60
-1.905 0.295 0.895 38 116 60
-1.895 0.205 0.805 38 116 60
-1.805 0.205 0.805 38 116 60
-1.895 0.295 0.805 38 116 60
-1.805 0.295 0.805 38 116 60
-1.895 0.205 0.895 38 116 60
-1.805 0.205 0.895 38 116 60
-1.895 0.295 0.895 38 116 60
-1.805 0.295 0.895 38 116 60
-1.795 0.205 0.805 38 116 60
-1.705 0.205 0.805 38 116 60
-1.795 0.295 0.805 38 116 60
-1.705 0.295 0.805 38 116 60
-1.795 0.205 0.895 38 116 60
-1.705 0.205 0.895 38 116 60
-1.795 0.295 0.895 38 116 60
-1.705 0.295 0.895 38 116 60
-1.695 0.205 0.805 38 116 60
-1.605 0.205 0.805 38 116 60
-1.695 0.295 0.805 38 116 60
-1.605 0.295 0.805 38 116 60
-1.695 0.205 0.895 38 116 60
-1.605 0.205 0.895 38 116 60
-1.695 0.295 0.895 38 116 60
-1.605 0.295 0.895 38 116 60
-1.595 0.205 0.805 38 116 60
-1.505 0.205 0.805 38 116 60
-1.595 0.295 0.805 38 116 60
-1.505 0.295 0.805 38 116 60
-1.595 0.205 0.895 38 116 60
-1.505 0.205 0.895 38 116 60
-1.595 0.295 0.895 38 116 60
-1.505 0.295 0.895 38 116 60
-1.495 0.205 0.805 38 116 60
-1.405 0.205 0.805 38 116 60
-1.495 0.295 0.805 38 116 60
-1.405 0.295 0.805 38 116 60
-1.495 0.205 0.895 38 116 60
-1.405 0.205 0.895 38 116 60
-1.495 0.295 0.895 38 116 60
-1.405 0.295 0.895 38 116 60
-1.395 0.205 0.805 38 116 60
-1.305 0.205 0.805 38 116 60
-1.395 0.295 0.805 38 116 60
-1.305 0.295 0.805 38 116 60
-1.395 0.205 0.895 38 116 60
-1.305 0.205 0.895 38 116 60
-1.395 0.295 0.895 38 116 60
-1.305 0.295 0.895 38 116 60
-1.295 0.205 0.805 38 116 60
-1.205 0.205 0.805 38 116 60
-1.295 0.295 0.805 38 116 60
-1.205 0.295 0.805 38 116 60
-1.295 0.205 0.895 38 116 60
-1.205 0.205 0.895 38 116 60
-1.295 0.295 0.895 38 116 60
-1.205 0.295 0.895 38 116 60
-2.195 0.305 0.805 38 116 60
-2.105 0.305 0.805 38 116 60
-2.195 0.395 0.805 38 116 60
-2.105 0.395 0.805 38 116 60
-2.195 0.305 0.895 38 116 60
-2.105 0.305 0.895 38 116 60
-2.195 0.395 0.895 38 116 60
-2.105 0.395 0.895 38 116 60
-2.095 0.305 0.805 38 116 60
-2.005 0.305 0.805 38 116 60
-2.095 0.395 0.805 38 116 60
-2.005 0.395 0.805 38 116 60
-2.095 0.305 0.895 38 116 60
-2.005 0.305 0.895 38 116 60
-2.095 0.395 0.895 38 116 60
-2.005 0.395 0.895 38 116 60
-1.995 0.305 0.805 38 116 60
-1.905 0.305 0.805 38 116 60
-1.995 0.395 0.805 38 116 60
-1.905 0.395 0.805 38 116 60
-1.995 0.305 0.895 38 116 60
-1.905 0.305 0.895 38 116 60
-1.995 0.395 0.895 38 116 60
-1.905 0.395 0.895 38 116 60
-1.895 0.305 0.805 38 116 60
-1.805 0.305 0.805 38 116 60
-1.895 0.395 0.805 38 116 60
-1.805 0.395 0.805 38 116 60
-1.895 0.305 0.895 38 116 60
-1.805 0.305 0.895 38 116 60
-1.895 0.395 0.895 38 116 60
-1.805 0.395 0.895 38 116 60
-1.795 0.305 0.805 38 116 60
-1.705 0.305 0.805 38 116 60
-1.795 0.395 0.805 38 116 60
-1.705 0.395 0.805 38 116 60
-1.795 0.305 0.895 38 116 60
-1.705 0.305 0.895 38 116 60
-1.795 0.395 0.895 38 116 60
-1.705 0.395 0.895 38 116 60
-1.695 0.305 0.805 38 116 60
-1.605 0.305 0.805 38 116 60
-1.695 0.395 0.805 38 116 60
-1.605 0.395 0.805 38 116 60
-1.695 0.305 0.895 38 116 60
-1.605 0.305 0.895 38 116 60
-1.695 0.395 0.895 38 116 60
-1.605 0.395 0.895 38 116 60
-1.595 0.305 0.805 38 116 60
-1.505 0.305 0.805 38 116 60
-1.595 0.395 0.805 38 116 60
-1.505 0.395 0.805 38 116 60
-1.595 0.305 0.895 38 116 60
-1.505 0.305 0.895 38 116 60
-1.595 0.395 0.895 38 116 60
-1.505 0.395 0.895 38 116 60
-1.495 0.305 0.805 38 116 60
-1.405 0.305 0.805 38 116 60
-1.495 0.395 0.805 38 116 60
-1.405 0.395 0.805 38 116 60
-1.495 0.305 0.895 38 116 60
-1.405 0.305 0.895 38 116 60
-1.495 0.395 0.895 38 116 60
-1.405 0.395 0.895 38 116 60
-1.395 0.305 0.805 38 116 60
-1.305 0.305 0.805 38 116 60
-1.395 0.395 0.805 38 116 60
-1.305 0.395 0.805 38 116 60
-1.395 0.305 0.895 38 116 60
-1.305 0.305 0.895 38 116 60
-1.395 0.395 0.895 38 116 60
-1.305 0.395 0.895 38 116 60
-1.295 0.305 0.805 38 116 60
-1.205 0.305 0.805 38 116 60
-1.295 0.395 0.805 38 116 60
-1.205 0.395 0.805 38 116 60
-1.295 0.305 0.895 38 116 60
-1.205 0.305 0.895 38 116 60
-1.295 0.395 0.895 38 116 60
-1.205 0.395 0.895 38 116 60
-2.195 0.405 0.805 38 116 60
-2.105 0.405 0.805 38 116 60
-2.195 0.495 0.805 38 116 60
-2.105 0.495 0.805 38 116 60
-2.195 0.405 0.895 38 116 60
-2.105 0.405 0.895 38 116 60
-2.195 0.495 0.895 38 116 60
-2.105 0.495 0.895 38 116 60
-2.095 0.405 0.805 38 116 60
-2.005 0.405 0.805 38 116 60
-2.095 0.495 0.805 38 116 60
-2.005 0.495 0.805 38 116 60
-2.095 0.405 0.895 38 116 60
-2.005 0.405 0.895 38 116 60
-2.095 0.495 0.895 38 116 60
-2.005 0.495 0.895 38 116 60
-1.995 0.405 0.805 38 116 60
-1.905 0.405 0.805 38 116 60
-1.995 0.495 0.805 38 116 60
-1.905 0.495 0.805 38 116 60
-1.995 0.405 0.895 38 116 60
-1.905 0.405 0.895 38 116 60
-1.995 0.495 0.895 38 116 60
-1.905 0.495 0.895 38 116 60
-1.895 0.405 0.805 38 116 60
-1.805 0.405 0.805 38 116 60
-1.895 0.495 0.805 38 116 60
-1.805 0.495 0.805 38 116 60
-1.895 0.405 0.895 38 116 60
-1.805 0.405 0.895 38 116 60
-1.895 0.495 0.895 38 116 60
-1.805 0.495 0.895 38 116 60
-1.795 0.405 0.805 38 116 60
-1.705 0.405 0.805 38 116 60
-1.795 0.495 0.805 38 116 60
-1.705 0.495 0.805 38 116 60
-1.795 0.405 0.895 38 116 60
-1.705 0.405 0.895 38 116 60
-1.795 0.495 0.895 38 116 60
-1.705 0.495 0.895 38 116 60
-1.695 0.405 0.805 38 116 60
-1.605 0.405 0.805 38 116 60
-1.695 0.495 0.805 38 116 60
-1.605 0.495 0.805 38 116 60
-1.695 0.405 0.895 38 116 60
-1.605 0.405 0.895 38 116 60
-1.695 0.495 0.895 38 116 60
-1.605 0.495 0.895 38 116 60
-1.595 0.405 0.805 38 116 60
-1.505 0.405 0.805 38 116 60
-1.595 0.495 0.805 38 116 60
-1.505 0.495 0.805 38 116 60
-1.595 0.405 0.895 38 116 60
-1.505 0.405 0.895 38 116 60
-1.595 0.495 0.895 38 116 60
-1.505 0.495 0.895 38 116 60
-1.495 0.405 0.805 38 116 60
-1.405 0.405 0.805 38 116 60
-1.495 0.495 0.805 38 116 60
-1.405 0.495 0.805 38 116 60
-1.495 0.405 0.895 38 116 60
-1.405 0.405 0.895 38 116 60
-1.495 0.495 0.895 38 116 60
-1.405 0.495 0.895 38 116 60
-1.395 0.405 0.805 38 116 60
-1.305 0.405 0.805 38 116 60
-1.395 0.495 0.805 38 116 60
-1.305 0.495 0.805 38 116 60
-1.395 0.405 0.895 38 116 60
-1.305 0.405 0.895 38 116 60
-1.395 0.495 0.895 38 116 60
-1.305 0.495 0.895 38 116 60
-1.295 0.405 0.805 38 116 60
-1.205 0.405 0.805 38 116 60
-1.295 0.495 0.805 38 116 60
-1.205 0.495 0.805 38 116 60
-1.295 0.405 0.895 38 116 60
-1.205 0.405 0.895 38 116 60
-1.295 0.495 0.895 38 116 60
-1.205 0.495 0.895 38 116 60
-2.195 -0.495 0.905 38 116 60
-2.105 -0.495 0.905 38 116 60
-2.195 -0.405 0.905 38 116 60
-2.105 -0.405 0.905 38 116 60
-2.195 -0.495 0.995 38 116 60
-2.105 -0.495 0.995 38 116 60
-2.195 -0.405 0.995 38 116 60
-2.105 -0.405 0.995 38 116 60
-2.095 -0.495 0.905 38 116 60
-2.005 -0.495 0.905 38 116 60
-2.095 -0.405 0.905 38 116 60
-2.005 -0.405 0.905 38 116 60
-2.095 -0.495 0.995 38 116 60
-2.005 -0.495 0.995 38 116 60
-2.095 -0.405 0.995 38 116 60
-2.005 -0.405 0.995 38 116 60
-1.995 -0.495 0.905 38 116 60
-1.905 -0.495 0.905 38 116 60
-1.995 -0.405 0.905 38 116 60
-1.905 -0.405 0.905 38 116 60
-1.995 -0.495 0.995 38 116 60
-1.905 -0.495 0.995 38 116 60
-1.995 -0.405 0.995 38 116 60
-1.905 -0.405 0.995 38 116 60
-1.895 -0.495 0.905 38 116 60
-1.805 -0.495 0.905 38 116 60
-1.895 -0.405 0.905 38 116 60
-1.805 -0.405 0.905 38 116 60
-1.895 -0.495 0.995 38 116 60
-1.805 -0.495 0.995 38 116 60
-1.895 -0.405 0.995 38 116 60
-1.805 -0.405 0.995 38 116 60
-1.795 -0.495 0.905 38 116 60
-1.705 -0.495 0.905 38 116 60
-1.795 -0.405 0.905 38 116 60
-1.705 -0.405 0.905 38 116 60
-1.795 -0.495 0.995 38 116 60
-1.705 -0.495 0.995 38 116 60
-1.795 -0.405 0.995 38 116 60
-1.705 -0.405 0.995 38 116 60
-1.695 -0.495 0.905 38 116 60
-1.605 -0.495 0.905 38 116 60
-1.695 -0.405 0.905 38 116 60
-1.605 -0.405 0.905 38 116 60
-1.695 -0.495 0.995 38 116 60
-1.605 -0.495 0.995 38 116 60
-1.695 -0.405 0.995 38 116 60
-1.605 -0.405 0.995 38 116 60
-1.595 -0.495 0.905 38 116 60
-1.505 -0.495 0.905 38 116 60
-1.595 -0.405 0.905 38 116 60
-1.505 -0.405 0.905 38 116 60
-1.595 -0.495 0.995 38 116 60
-1.505 -0.495 0.995 38 116 60
-1.595 -0.405 0.995 38 116 60
-1.505 -0.405 0.995 38 116 60
-1.495 -0.495 0.905 38 116 60
-1.405 -0.495 0.905 38 116 60
-1.495 -0.405 0.905 38 116 60
-1.405 -0.405 0.905 38 116 60
-1.495 -0.495 0.995 38 116 60
-1.405 -0.495 0.995 38 116 60
-1.495 -0.405 0.995 38 116 60
-1.405 -0.405 0.995 38 116 60
-1.395 -0.495 0.905 38 116 60
-1.305 -0.495 0.905 38 116 60
-1.395 -0.405 0.905 38 116 60
-1.305 -0.405 0.905 38 116 60
-1.395 -0.495 0.995 38 116 60
-1.305 -0.495 0.995 38 116 60
-1.395 -0.405 0.995 38 116 60
-1.305 -0.405 0.995 38 116 60
-1.295 -0.495 0.905 38 116 60
-1.205 -0.495 0.905 38 116 60
-1.295 -0.405 0.905 38 116 60
-1.205 -0.405 0.905 38 116 60
-1.295 -0.495 0.995 38 116 60
-1.205 -0.495 0.995 38 116 60
-1.295 -0.405 0.995 38 116 60
-1.205 -0.405 0.995 38 116 60
-2.195 -0.395 0.905 38 116 60
-2.105 -0.395 0.905 38 116 60
-2.195 -0.305 0.905 38 116 60
-2.105 -0.305 0.905 38 116 60
-2.195 -0.395 0.995 38 116 60
-2.105 -0.395 0.995 38 116 60
-2.195 -0.305 0.995 38 116 60
-2.105 -0.305 0.995 38 116 60
-2.095 -0.395 0.905 38 116 60
-2.005 -0.395 0.905 38 116 60
-2.095 -0.305 0.905 38 116 60
-2.005 -0.305 0.905 38 116 60
-2.095 -0.395 0.995 38 116 60
-2.005 -0.395 0.995 38 116 60
-2.095 -0.305 0.995 38 116 60
-2.005 -0.305 0.995 38 116 60
-1.995 -0.395 0.905 38 116 60
-1.905 -0.395 0.905 38 116 60
-1.995 -0.305 0.905 38 116 60
-1.905 -0.305 0.905 38 116 60
-1.995 -0.395 0.995 38 116 60
-1.905 -0.395 0.995 38 116 60
-1.995 -0.305 0.995 38 116 60
-1.905 -0.305 0.995 38 116 60
-1.895 -0.395 0.905 38 116 60
-1.805 -0.395 0.905 38 116 60
-1.895 -0.305 0.905 38 116 60
-1.805 -0.305 0.905 38 116 60
-1.895 -0.395 0.995 38 116 60
-1.805 -0.395 0.995 38 116 60
-1.895 -0.305 0.995 38 116 60
-1.805 -0.305 0.995 38 116 60
-1.795 -0.395 0.905 38 116 60
-1.705 -0.395 0.905 38 116 60
-1.795 -0.305 0.905 38 116 60
-1.705 -0.305 0.905 38 116 60
-1.795 -0.395 0.995 38 116 60
-1.705 -0.395 0.995 38 116 60
-1.795 -0.305 0.995 38 116 60
-1.705 -0.305 0.995 38 116 60
-1.695 -0.395 0.905 38 116 60
-1.605 -0.395 0.905 38 116 60
-1.695 -0.305 0.905 38 116 60
-1.605 -0.305 0.905 38 116 60
-1.695 -0.395 0.995 38 116 60
-1.605 -0.395 0.995 38 116 60
-1.695 -0.305 0.995 38 116 60
-1.605 -0.305 0.995 38 116 60
-1.595 -0.395 0.905 38 116 60
-1.505 -0.395 0.905 38 116 60
-1.595 -0.305 0.905 38 116 60
-1.505 -0.305 0.905 38 116 60
-1.595 -0.395 0.995 38 116 60
-1.505 -0.395 0.995 38 116 60
-1.595 -0.305 0.995 38 116 60
-1.505 -0.305 0.995 38 116 60
-1.495 -0.395 0.905 38 116 60
-1.405 -0.395 0.905 38 116 60
-1.495 -0.305 0.905 38 116 60
-1.405 -0.305 0.905 38 116 60
-1.495 -0.395 0.995 38 116 60
-1.405 -0.395 0.995 38 116 60
-1.495 -0.305 0.995 38 116 60
-1.405 -0.305 0.995 38 116 60
-1.395 -0.395 0.905 38 116 60
-1.305 -0.395 0.905 38 116 60
-1.395 -0.305 0.905 38 116 60
-1.305 -0.305 0.905 38 116 60
-1.395 -0.395 0.995 38 116 60
-1.305 -0.395 0.995 38 116 60
-1.395 -0.305 0.995 38 116 60
-1.305 -0.305 0.995 38 116 60
-1.295 -0.395 0.905 38 116 60
-1.205 -0.395 0.905 38 116 60
-1.295 -0.305 0.905 38 116 60
-1.205 -0.305 0.905 38 116 60
-1.295 -0.395 0.995 38 116 60
-1.205 -0.395 0.995 38 116 60
-1.295 -0.305 0.995 38 116 60
-1.205 -0.305 0.995 38 116 60
-2.195 -0.295 0.905 38 116 60
-2.105 -0.295 0.905 38 116 60
-2.195 -0.205 0.905 38 116 60
-2.105 -0.205 0.905 38 116 60
-2.195 -0.295 0.995 38 116 60
-2.105 -0.295 0.995 38 116 60
-2.195 -0.205 0.995 38 116 60
-2.105 -0.205 0.995 38 116 60
-2.095 -0.295 0.905 38 116 60
-2.005 -0.295 0.905 38 116 60
-2.095 -0.205 0.905 38 116 60
-2.005 -0.205 0.905 38 116 60
-2.095 -0.295 0.995 38 116 60
-2.005 -0.295 0.995 38 116 60
-2.095 -0.205 0.995 38 116 60
-2.005 -0.205 0.995 38 116 60
-1.995 -0.295 0.905 38 116 60
-1.905 -0.295 0.905 38 116 60
-1.995 -0.205 0.905 38 116 60
-1.905 -0.205 0.905 38 116 60
-1.995 -0.295 0.995 38 116 60
-1.905 -0.295 0.995 38 116 60
-1.995 -0.205 0.995 38 116 60
-1.905 -0.205 0.995 38 116 60
-1.895 -0.295 0.905 38 116 60
-1.805 -0.295 0.905 38 116 60
-1.895 -0.205 0.905 38 116 60
-1.805 -0.205 0.905 38 116 60
-1.895 -0.295 0.995 38 116 60
-1.805 -0.295 0.995 38 116 60
-1.895 -0.205 0.995 38 116 60
-1.805 -0.205 0.995 38 116 60
-1.795 -0.295 0.905 38 116 60
-1.705 -0.295 0.905 38 116 60
-1.795 -0.205 0.905 38 116 60
-1.705 -0.205 0.905 38 116 60
-1.795 -0.295 0.995 38 116 60
-1.705 -0.295 0.995 38 116 60
-1.795 -0.205 0.995 38 116 60
-1.705 -0.205 0.995 38 116 60
-1.695 -0.295 0.905 38 116 60
-1.605 -0.295 0.905 38 116 60
-1.695 -0.205 0.905 38 116 60
-1.605 -0.205 0.905 38 116 60
-1.695 -0.295 0.995 38 116 60
-1.605 -0.295 0.995 38 116 60
-1.695 -0.205 0.995 38 116 60
-1.605 -0.205 0.995 38 116 60
-1.595 -0.295 0.905 38 116 60
-1.505 -0.295 0.905 38 116 60
-1.595 -0.205 0.905 38 116 60
-1.505 -0.205 0.905 38 116 60
-1.595 -0.295 0.995 38 116 60
-1.505 -0.295 0.995 38 116 60
-1.595 -0.205 0.995 38 116 60
-1.505 -0.205 0.995 38 116 60
-1.495 -0.295 0.905 38 116 60
-1.405 -0.295 0.905 38 116 60
-1.495 -0.205 0.905 38 116 60
-1.405 -0.205 0.905 38 116 60
-1.495 -0.295 0.995 38 116 60
-1.405 -0.295 0.995 38 116 60
-1.495 -0.205 0.995 38 116 60
-1.405 -0.205 0.995 38 116 60
-1.395 -0.295 0.905 38 116 60
-1.305 -0.295 0.905 38 116 60
-1.395 -0.205 0.905 38 116 60
-1.305 -0.205 0.905 38 116 60
-1.395 -0.295 0.995 38 116 60
-1.305 -0.295 0.995 38 116 60
-1.395 -0.205 0.995 38 116 60
-1.305 -0.205 0.995 38 116 60
-1.295 -0.295 0.905 38 116 60
-1.205 -0.295 0.905 38 116 60
-1.295 -0.205 0.905 38 116 60
-1.205 -0.205 0.905 38 116 60
-1.295 -0.295 0.995 38 116 60
-1.205 -0.295 0.995 38 116 60
-1.295 -0.205 0.995 38 116 60
-1.205 -0.205 0.995 38 116 60
-2.195 -0.195 0.905 38 116 60
-2.105 -0.195 0.905 38 116 60
-2.195 -0.105 0.905 38 116 60
-2.105 -0.105 0.905 38 116 60
-2.195 -0.195 0.995 38 116 60
-2.105 -0.195 0.995 38 116 60
-2.195 -0.105 0.995 38 116 60
-2.105 -0.105 0.995 38 116 60
-2.095 -0.195 0.905 38 116 60
-2.005 -0.195 0.905 38 116 60
-2.095 -0.105 0.905 38 116 60
-2.005 -0.105 0.905 38 116 60
-2.095 -0.195 0.995 38 116 60
-2.005 -0.195 0.995 38 116 60
-2.095 -0.105 0.995 38 116 60
-2.005 -0.105 0.995 38 116 60
-1.995 -0.195 0.905 38 116 60
-1.905 -0.195 0.905 38 116 60
-1.995 -0.105 0.905 38 116 60
-1.905 -0.105 0.905 38 116 60
-1.995 -0.195 0.995 38 116 60
-1.905 -0.195 0.995 38 116 60
-1.995 -0.105 0.995 38 116 60
-1.905 -0.105 0.995 38 116 60
-1.895 -0.195 0.905 38 116 60
-1.805 -0.195 0.905 38 116 60
-1.895 -0.105 0.905 38 116 60
-1.805 -0.105 0.905 38 116 60
-1.895 -0.195 0.995 38 116 60
-1.805 -0.195 0.995 38 116 60
-1.895 -0.105 0.995 38 116 60
-1.805 -0.105 0.995 38 116 60
-1.795 -0.195 0.905 38 116 60
-1.705 -0.195 0.905 38 116 60
-1.795 -0.105 0.905 38 116 60
-1.705 -0.105 0.905 38 116 60
-1.795 -0.195 0.995 38 116 60
-1.705 -0.195 0.995 38 116 60
-1.795 -0.105 0.995 38 116 60
-1.705 -0.105 0.995 38 116 60
-1.695 -0.195 0.905 38 116 60
-1.605 -0.195 0.905 38 116 60
-1.695 -0.105 0.905 38 116 60
-1.605 -0.105 0.905 38 116 60
-1.695 -0.195 0.995 38 116 60
-1.605 -0.195 0.995 38 116 60
-1.695 -0.105 0.995 38 116 60
-1.605 -0.105 0.995 38 116 60
-1.595 -0.195 0.905 38 116 60
-1.505 -0.195 0.905 38 116 60
-1.595 -0.105 0.905 38 116 60
-1.505 -0.105 0.905 38 116 60
-1.595 -0.195 0.995 38 116 60
-1.505 -0.195 0.995 38 116 60
-1.595 -0.105 0.995 38 116 60
-1.505 -0.105 0.995 38 116 60
-1.495 -0.195 0.905 38 116 60
-1.405 -0.195 0.905 38 116 60
-1.495 -0.105 0.905 38 116 60
-1.405 -0.105 0.905 38 116 60
-1.495 -0.195 0.995 38 116 60
-1.405 -0.195 0.995 38 116 60
-1.495 -0.105 0.995 38 116 60
-1.405 -0.105 0.995 38 116 60
-1.395 -0.195 0.905 38 116 60
-1.305 -0.195 0.905 38 116 60
-1.395 -0.105 0.905 38 116 60
-1.305 -0.105 0.905 38 116 60
-1.395 -0.195 0.995 38 116 60
-1.305 -0.195 0.995 38 116 60
-1.395 -0.105 0.995 38 116 60
-1.305 -0.105 0.995 38 116 60
-1.295 -0.195 0.905 38 116 60
-1.205 -0.195 0.905 38 116 60
-1.295 -0.105 0.905 38 116 60
-1.205 -0.105 0.905 38 116 60
-1.295 -0.195 0.995 38 116 60
-1.205 -0.195 0.995 38 116 60
-1.295 -0.105 0.995 38 116 60
-1.205 -0.105 0.995 38 116 60
-2.195 -0.095 0.905 38 116 60
-2.105 -0.095 0.905 38 116 60
-2.195 -0.00500003 0.905 38 116 60
-2.105 -0.00500003 0.905 38 116 60
-2.195 -0.095 0.995 38 116 60
-2.105 -0.095 0.995 38 116 60
-2.195 -0.00500003 0.995 38 116 60
-2.105 -0.00500003 0.995 38 116 60
-2.095 -0.095 0.905 38 116 60
-2.005 -0.095 0.905 38 116 60
-2.095 -0.00500003 0.905 38 116 60
-2.005 -0.00500003 0.905 38 116 60
-2.095 -0.095 0.995 38 116 60
-2.005 -0.095 0.995 38 116 60
-2.095 -0.00500003 0.995 38 116 60
-2.005 -0.00500003 0.995 38 116 60
-1.995 -0.095 0.905 38 116 60
-1.905 -0.095 0.905 38 116 60
-1.995 -0.00500003 0.905 38 116 60
-1.905 -0.00500003 0.905 38 116 60
-1.995 -0.095 0.995 38 116 60
-1.905 -0.095 0.995 38 116 60
-1.995 -0.00500003 0.995 38 116 60
-1.905 -0.00500003 0.995 38 116 60
-1.895 -0.095 0.905 38 116 60
-1.805 -0.095 0.905 38 116 60
-1.895 -0.00500003 0.905 38 116 60
-1.805 -0.00500003 0.905 38 116 60
-1.895 -0.095 0.995 38 116 60
-1.805 -0.095 0.995 38 116 60
-1.895 -0.00500003 0.995 38 116 60
-1.805 -0.00500003 0.995 38 116 60
-1.795 -0.095 0.905 38 116 60
-1.705 -0.095 0.905 38 116 60
-1.795 -0.00500003 0.905 38 116 60
-1.705 -0.00500003 0.905 38 116 60
-1.795 -0.095 0.995 38 116 60
-1.705 -0.095 0.995 38 116 60
-1.795 -0.00500003 0.995 38 116 60
-1.705 -0.00500003 0.995 38 116 60
-1.695 -0.095 0.905 38 116 60
-1.605 -0.095 0.905 38 116 60
-1.695 -0.00500003 0.905 38 116 60
-1.605 -0.00500003 0.905 38 116 60
-1.695 -0.095 0.995 38 116 60
-1.605 -0.095 0.995 38 116 60
-1.695 -0.00500003 0.995 38 116 60
-1.605 -0.00500003 0.995 38 116 60
-1.595 -0.095 0.905 38 116 60
-1.505 -0.095 0.905 38 116 60
-1.595 -0.00500003 0.905 38 116 60
-1.505 -0.00500003 0.905 38 116 60
-1.595 -0.095 0.995 38 116 60
-1.505 -0.095 0.995 38 116 60
-1.595 -0.00500003 0.995 38 116 60
-1.505 -0.00500003 0.995 38 116 60
-1.495 -0.095 0.905 38 116 60
-1.405 -0.095 0.905 38 116 60
-1.495 -0.00500003 0.905 38 116 60
-1.405 -0.00500003 0.905 38 116 60
-1.495 -0.095 0.995 38 116 60
-1.405 -0.095 0.995 38 116 60
-1.495 -0.00500003 0.995 38 116 60
-1.405 -0.00500003 0.995 38 116 60
-1.395 -0.095 0.905 38 116 60
-1.305 -0.095 0.905 38 116 60
-1.395 -0.00500003 0.905 38 116 60
-1.305 -0.00500003 0.905 38 116 60
-1.395 -0.095 0.995 38 116 60
-1.305 -0.095 0.995 38 116 60
-1.395 -0.00500003 0.995 38 116 60
-1.305 -0.00500003 0.995 38 116 60
-1.295 -0.095 0.905 38 116 60
-1.205 -0.095 0.905 38 116 60
-1.295 -0.00500003 0.905 38 116 60
-1.205 -0.00500003 0.905 38 116 60
-1.295 -0.095 0.995 38 116 60
-1.205 -0.095 0.995 38 116 60
-1.295 -0.00500003 0.995 38 116 60
-1.205 -0.00500003 0.995 38 116 60
-2.195 0.00500005 0.905 38 116 60
-2.105 0.00500005 0.905 38 116 60
-2.195 0.095 0.905 38 116 60
-2.105 0.095 0.905 38 116 60
-2.195 0.00500005 0.995 38 116 60
-2.105 0.00500005 0.995 38 116 60
-2.195 0.095 0.995 38 116 60
-2.105 0.095 0.995 38 116 60
-2.095 0.00500005 0.905 38 116 60
-2.005 0.00500005 0.905 38 116 60
-2.095 0.095 0.905 38 116 60
-2.005 0.095 0.905 38 116 60
-2.095 0.00500005 0.995 38 116 60
-2.005 0.00500005 0.995 38 116 60
-2.095 0.095 0.995 38 116 60
-2.005 0.095 0.995 38 116 60
-1.995 0.00500005 0.905 38 116 60
-1.905 0.00500005 0.905 38 116 60
-1.995 0.095 0.905 38 116 60
-1.905 0.095 0.905 38 116 60
-1.995 0.00500005 0.995 38 116 60
-1.905 0.00500005 0.995 38 116 60
-1.995 0.095 0.995 38 116 60
-1.905 0.095 0.995 38 116 60
-1.895 0.00500005 0.905 38 116 60
-1.805 0.00500005 0.905 38 116 60
-1.895 0.095 0.905 38 116 60
-1.805 0.095 0.905 38 116 60
-1.895 0.00500005 0.995 38 116 60
-1.805 0.00500005 0.995 38 116 60
-1.895 0.095 0.995 38 116 60
-1.805 0.095 0.995 38 116 60
-1.795 0.00500005 0.905 38 116 60
-1.705 0.00500005 0.905 38 116 60
-1.795 0.095 0.905 38 116 60
-1.705 0.095 0.905 38 116 60
-1.795 0.00500005 0.995 38 116 60
-1.705 0.00500005 0.995 38 116 60
-1.795 0.095 0.995 38 116 60
-1.705 0.095 0.995 38 116 60
-1.695 0.00500005 0.905 38 116 60
-1.605 0.00500005 0.905 38 116 60
-1.695 0.095 0.905 38 116 60
-1.605 0.095 0.905 38 116 60
-1.695 0.00500005 0.995 38 116 60
-1.605 0.00500005 0.995 38 116 60
-1.695 0.095 0.995 38 116 60
-1.605 0.095 0.995 38 116 60
-1.595 0.00500005 0.905 38 116 60
-1.505 0.00500005 0.905 38 116 60
-1.595 0.095 0.905 38 116 60
-1.505 0.095 0.905 38 116 60
-1.595 0.00500005 0.995 38 116 60
-1.505 0.00500005 0.995 38 116 60
-1.595 0.095 0.995 38 116 60
-1.505 0.095 0.995 38 116 60
-1.495 0.00500005 0.905 38 116 60
-1.405 0.00500005 0.905 38 116 60
-1.495 0.095 0.905 38 116 60
-1.405 0.095 0.905 38 116 60
-1.495 0.00500005 0.995 38 116 60
-1.405 0.00500005 0.995 38 116 60
-1.495 0.095 0.995 38 116 60
-1.405 0.095 0.995 38 116 60
-1.395 0.00500005 0.905 38 116 60
-1.305 0.00500005 0.905 38 116 60
-1.395 0.095 0.905 38 116 60
-1.305 0.095 0.905 38 116 60
-1.395 0.00500005 0.995 38 116 60
-1.305 0.00500005 0.995 38 116 60
-1.395 0.095 0.995 38 116 60
-1.305 0.095 0.995 38 116 60
-1.295 0.00500005 0.905 38 116 60
-1.205 0.00500005 0.905 38 116 60
-1.295 0.095 0.905 38 116 60
-1.205 0.095 0.905 38 116 60
-1.295 0.00500005 0.995 38 116 60
-1.205 0.00500005 0.995 38 116 60
-1.295 0.095 0.995 38 116 60
-1.205 0.095 0.995 38 116 60
-2.195 0.105 0.905 38 116 60
-2.105 0.105 0.905 38 116 60
-2.195 0.195 0.905 38 116 60
-2.105 0.195 0.905 38 116 60
-2.195 0.105 0.995 38 116 60
-2.105 0.105 0.995 38 116 60
-2.195 0.195 0.995 38 116 60
-2.105 0.195 0.995 38 116 60
-2.095 0.105 0.905 38 116 60
-2.005 0.105 0.905 38 116 60
-2.095 0.195 0.905 38 116 60
-2.005 0.195 0.905 38 116 60
-2.095 0.105 0.995 38 116 60
-2.005 0.105 0.995 38 116 60
-2.095 0.195 0.995 38 116 60
-2.005 0.195 0.995 38 116 60
-1.995 0.105 0.905 38 116 60
-1.905 0.105 0.905 38 116 60
-1.995 0.195 0.905 38 116 60
-1.905 0.195 0.905 38 116 60
-1.995 0.105 0.995 38 116 60
-1.905 0.105 0.995 38 116 60
-1.995 0.195 0.995 38 116 60
-1.905 0.195 0.995 38 116 60
-1.895 0.105 0.905 38 116 60
-1.805 0.105 0.905 38 116 60
-1.895 0.195 0.905 38 116 60
-1.805 0.195 0.905 38 116 60
-1.895 0.105 0.995 38 116 60
-1.805 0.105 0.995 38 116 60
-1.895 0.195 0.995 38 116 60
-1.805 0.195 0.995 38 116 60
-1.795 0.105 0.905 38 116 60
-1.705 0.105 0.905 38 116 60
-1.795 0.195 0.905 38 116 60
-1.705 0.195 0.905 38 116 60
-1.795 0.105 0.995 38 116 60
-1.705 0.105 0.995 38 116 60
-1.795 0.195 0.995 38 116 60
-1.705 0.195 0.995 38 116 60
-1.695 0.105 0.905 38 116 60
-1.605 0.105 0.905 38 116 60
-1.695 0.195 0.905 38 116 60
-1.605 0.195 0.905 38 116 60
-1.695 0.105 0.995 38 116 60
-1.605 0.105 0.995 38 116 60
-1.695 0.195 0.995 38 116 60
-1.605 0.195 0.995 38 116 60
-1.595 0.105 0.905 38 116 60
-1.505 0.105 0.905 38 116 60
-1.595 0.195 0.905 38 116 60
-1.505 0.195 0.905 38 116 60
-1.595 0.105 0.995 38 116 60
-1.505 0.105 0.995 38 116 60
-1.595 0.195 0.995 38 116 60
-1.505 0.195 0.995 38 116 60
-1.495 0.105 0.905 38 116 60
-1.405 0.105 0.905 38 116 60
-1.495 0.195 0.905 38 116 60
-1.405 0.195 0.905 38 116 60
-1.495 0.105 0.995 38 116 60
-1.405 0.105 0.995 38 116 60
-1.495 0.195 0.995 38 116 60
-1.405 0.195 0.995 38 116 60
-1.395 0.105 0.905 38 116 60
-1.305 0.105 0.905 38 116 60
-1.395 0.195 0.905 38 116 60
-1.305 0.195 0.905 38 116 60
-1.395 0.105 0.995 38 116 60
-1.305 0.105 0.995 38 116 60
-1.395 0.195 0.995 38 116 60
-1.305 0.195 0.995 38 116 60
-1.295 0.105 0.905 38 116 60
-1.205 0.105 0.905 38 116 60
-1.295 0.195 0.905 38 116 60
-1.205 0.195 0.905 38 116 60
-1.295 0.105 0.995 38 116 60
-1.205 0.105 0.995 38 116 60
-1.295 0.195 0.995 38 116 60
-1.205 0.195 0.995 38 116 60
-2.195 0.205 0.905 38 116 60
-2.105 0.205 0.905 38 116 60
-2.195 0.295 0.905 38 116 60
-2.105 0.295 0.905 38 116 60
-2.195 0.205 0.995 38 116 60
-2.105 0.205 0.995 38 116 60
-2.195 0.295 0.995 38 116 60
-2.105 0.295 0.995 38 116 60
-2.095 0.205 0.905 38 116 60
-2.005 0.205 0.905 38 116 60
-2.095 0.295 0.905 38 116 60
-2.005 0.295 0.905 38 116 60
-2.095 0.205 0.995 38 116 60
-2.005 0.205 0.995 38 116 60
-2.095 0.295 0.995 38 116 60
-2.005 0.295 0.995 38 116 60
-1.995 0.205 0.905 38 116 60
-1.905 0.205 0.905 38 116 60
-1.995 0.295 0.905 38 116 60
-1.905 0.295 0.905 38 116 60
-1.995 0.205 0.995 38 116 60
-1.905 0.205 0.995 38 116 60
-1.995 0.295 0.995 38 116 60
-1.905 0.295 0.995 38 116 60
-1.895 0.205 0.905 38 116 60
-1.805 0.205 0.905 38 116 60
-1.895 0.295 0.905 38 116 60
-1.805 0.295 0.905 38 116 60
-1.895 0.205 0.995 38 116 60
-1.805 0.205 0.995 38 116 60
-1.895 0.295 0.995 38 116 60
-1.805 0.295 0.995 38 116 60
-1.795 0.205 0.905 38 116 60
-1.705 0.205 0.905 38 116 60
-1.795 0.295 0.905 38 116 60
-1.705 0.295 0.905 38 116 60
-1.795 0.205 0.995 38 116 60
-1.705 0.205 0.995 38 116 60
-1.795 0.295 0.995 38 116 60
-1.705 0.295 0.995 38 116 60
-1.695 0.205 0.905 38 116 60
-1.605 0.205 0.905 38 116 60
-1.695 0.295 0.905 38 116 60
-1.605 0.295 0.905 38 116 60
-1.695 0.205 0.995 38 116 60
-1.605 0.205 0.995 38 116 60
-1.695 0.295 0.995 38 116 60
-1.605 0.295 0.995 38 116 60
-1.595 0.205 0.905 38 116 60
-1.505 0.205 0.905 38 116 60
-1.595 0.295 0.905 38 116 60
-1.505 0.295 0.905 38 116 60
-1.595 0.205 0.995 38 116 60
-1.505 0.205 0.995 38 116 60
-1.595 0.295 0.995 38 116 60
-1.505 0.295 0.995 38 116 60
-1.495 0.205 0.905 38 116 60
-1.405 0.205 0.905 38 116 60
-1.495 0.295 0.905 38 116 60
-1.405 0.295 0.905 38 116 60
-1.495 0.205 0.995 38 116 60
-1.405 0.205 0.995 38 116 60
-1.495 0.295 0.995 38 116 60
-1.405 0.295 0.995 38 116 60
-1.395 0.205 0.905 38 116 60
-1.305 0.205 0.905 38 116 60
-1.395 0.295 0.905 38 116 60
-1.305 0.295 0.905 38 116 60
-1.395 0.205 0.995 38 116 60
-1.305 0.205 0.995 38 116 60
-1.395 0.295 0.995 38 116 60
-1.305 0.295 0.995 38 116 60
-1.295 0.205 0.905 38 116 60
-1.205 0.205 0.905 38 116 60
-1.295 0.295 0.905 38 116 60
-1.205 0.295 0.905 38 116 60
-1.295 0.205 0.995 38 116 60
-1.205 0.205 0.995 38 116 60
-1.295 0.295 0.995 38 116 60
-1.205 0.295 0.995 38 116 60
-2.195 0.305 0.905 38 116 60
-2.105 0.305 0.905 38 116 60
-2.195 0.395 0.905 38 116 60
-2.105 0.395 0.905 38 116 60
-2.195 0.305 0.995 38 116 60
-2.105 0.305 0.995 38 116 60
-2.195 0.395 0.995 38 116 60
-2.105 0.395 0.995 38 116 60
-2.095 0.305 0.905 38 116 60
-2.005 0.305 0.905 38 116 60
-2.095 0.395 0.905 38 116 60
-2.005 0.395 0.905 38 116 60
-2.095 0.305 0.995 38 116 60
-2.005 0.305 0.995 38 116 60
-2.095 0.395 0.995 38 116 60
-2.005 0.395 0.995 38 116 60
-1.995 0.305 0.905 38 116 60
-1.905 0.305 0.905 38 116 60
-1.995 0.395 0.905 38 116 60
-1.905 0.395 0.905 38 116 60
-1.995 0.305 0.995 38 116 60
-1.905 0.305 0.995 38 116 60
-1.995 0.395 0.995 38 116 60
-1.905 0.395 0.995 38 116 60
-1.895 0.305 0.905 38 116 60
-1.805 0.305 0.905 38 116 60
-1.895 0.395 0.905 38 116 60
-1.805 0.395 0.905 38 116 60
-1.895 0.305 0.995 38 116 60
-1.805 0.305 0.995 38 116 60
-1.895 0.395 0.995 38 116 60
-1.805 0.395 0.995 38 116 60
-1.795 0.305 0.905 38 116 60
-1.705 0.305 0.905 38 116 60
-1.795 0.395 0.905 38 116 60
-1.705 0.395 0.905 38 116 60
-1.795 0.305 0.995 38 116 60
-1.705 0.305 0.995 38 116 60
-1.795 0.395 0.995 38 116 60
-1.705 0.395 0.995 38 116 60
-1.695 0.305 0.905 38 116 60
-1.605 0.305 0.905 38 116 60
-1.695 0.395 0.905 38 116 60
-1.605 0.395 0.905 38 116 60
-1.695 0.305 0.995 38 116 60
-1.605 0.305 0.995 38 116 60
-1.695 0.395 0.995 38 116 60
-1.605 0.395 0.995 38 116 60
-1.595 0.305 0.905 38 116 60
-1.505 0.305 0.905 38 116 60
-1.595 0.395 0.905 38 116 60
-1.505 0.395 0.905 38 116 60
-1.595 0.305 0.995 38 116 60
-1.505 0.305 0.995 38 116 60
-1.595 0.395 0.995 38 116 60
-1.505 0.395 0.995 38 116 60
-1.495 0.305 0.905 38 116 60
-1.405 0.305 0.905 38 116 60
-1.495 0.395 0.905 38 116 60
-1.405 0.395 0.905 38 116 60
-1.495 0.305 0.995 38 116 60
-1.405 0.305 0.995 38 116 60
-1.495 0.395 0.995 38 116 60
-1.405 0.395 0.995 38 116 60
-1.395 0.305 0.905 38 116 60
-1.305 0.305 0.905 38 116 60
-1.395 0.395 0.905 38 116 60
-1.305 0.395 0.905 38 116 60
-1.395 0.305 0.995 38 116 60
-1.305 0.305 0.995 38 116 60
-1.395 0.395 0.995 38 116 60
-1.305 0.395 0.995 38 116 60
-1.295 0.305 0.905 38 116 60
-1.205 0.305 0.905 38 116 60
-1.295 0.395 0.905 38 116 60
-1.205 0.395 0.905 38 116 60
-1.295 0.305 0.995 38 116 60
-1.205 0.305 0.995 38 116 60
-1.295 0.395 0.995 38 116 60
-1.205 0.395 0.995 38 116 60
-2.195 0.405 0.905 38 116 60
-2.105 0.405 0.905 38 116 60
-2.195 0.495 0.905 38 116 60
-2.105 0.495 0.905 38 116 60
-2.195 0.405 0.995 38 116 60
-2.105 0.405 0.995 38 116 60
-2.195 0.495 0.995 38 116 60
-2.105 0.495 0.995 38 116 60
-2.095 0.405 0.905 38 116 60
-2.005 0.405 0.905 38 116 60
-2.095 0.495 0.905 38 116 60
-2.005 0.495 0.905 38 116 60
-2.095 0.405 0.995 38 116 60
-2.005 0.405 0.995 38 116 60
-2.095 0.495 0.995 38 116 60
-2.005 0.495 0.995 38 116 60
-1.995 0.405 0.905 38 116 60
-1.905 0.405 0.905 38 116 60
-1.995 0.495 0.905 38 116 60
-1.905 0.495 0.905 38 116 60
-1.995 0.405 0.995 38 116 60
-1.905 0.405 0.995 38 116 60
-1.995 0.495 0.995 38 116 60
-1.905 0.495 0.995 38 116 60
-1.895 0.405 0.905 38 116 60
-1.805 0.405 0.905 38 116 60
-1.895 0.495 0.905 38 116 60
-1.805 0.495 0.905 38 116 60
-1.895 0.405 0.995 38 116 60
-1.805 0.405 0.995 38 116 60
-1.895 0.495 0.995 38 116 60
-1.805 0.495 0.995 38 116 60
-1.795 0.405 0.905 38 116 60
-1.705 0.405 0.905 38 116 60
-1.795 0.495 0.905 38 116 60
-1.705 0.495 0.905 38 116 60
-1.795 0.405 0.995 38 116 60
-1.705 0.405 0.995 38 116 60
-1.795 0.495 0.995 38 116 60
-1.705 0.495 0.995 38 116 60
-1.695 0.405 0.905 38 116 60
-1.605 0.405 0.905 38 116 60
-1.695 0.495 0.905 38 116 60
-1.605 0.495 0.905 38 116 60
-1.695 0.405 0.995 38 116 60
-1.605 0.405 0.995 38 116 60
-1.695 0.495 0.995 38 116 60
-1.605 0.495 0.995 38 116 60
-1.595 0.405 0.905 38 116 60
-1.505 0.405 0.905 38 116 60
-1.595 0.495 0.905 38 116 60
-1.505 0.495 0.905 38 116 60
-1.595 0.405 0.995 38 116 60
-1.505 0.405 0.995 38 116 60
-1.595 0.495 0.995 38 116 60
-1.505 0.495 0.995 38 116 60
-1.495 0.405 0.905 38 116 60
-1.405 0.405 0.905 38 116 60
-1.495 0.495 0.905 38 116 60
-1.405 0.495 0.905 38 116 60
-1.495 0.405 0.995 38 116 60
-1.405 0.405 0.995 38 116 60
-1.495 0.495 0.995 38 116 60
-1.405 0.495 0.995 38 116 60
-1.395 0.405 0.905 38 116 60
-1.305 0.405 0.905 38 116 60
-1.395 0.495 0.905 38 116 60
-1.305 0.495 0.905 38 116 60
-1.395 0.405 0.995 38 116 60
-1.305 0.405 0.995 38 116 60
-1.395 0.495 0.995 38 116 60
-1.305 0.495 0.995 38 116 60
-1.295 0.405 0.905 38 116 60
-1.205 0.405 0.905 38 116 60
-1.295 0.495 0.905 38 116 60
-1.205 0.495 0.905 38 116 60
-1.295 0.405 0.995 38 116 60
-1.205 0.405 0.995 38 116 60
-1.295 0.495 0.995 38 116 60
-1.205 0.495 0.995 38 116 60
-2.195 -0.495 1.005 42 130 67
-2.105 -0.495 1.005 42 130 67
-2.195 -0.405 1.005 42 130 67
-2.105 -0.405 1.005 42 130 67
-2.195 -0.495 1.095 42 130 67
-2.105 -0.495 1.095 42 130 67
-2.195 -0.405 1.095 42 130 67
-2.105 -0.405 1.095 42 130 67
-2.095 -0.495 1.005 42 130 67
-2.005 -0.495 1.005 42 130 67
-2.095 -0.405 1.005 42 130 67
-2.005 -0.405 1.005 42 130 67
-2.095 -0.495 1.095 42 130 67
-2.005 -0.495 1.095 42 130 67
-2.095 -0.405 1.095 42 130 67
-2.005 -0.405 1.095 42 130 67
-1.995 -0.495 1.005 42 130 67
-1.905 -0.495 1.005 42 130 67
-1.995 -0.405 1.005 42 130 67
-1.905 -0.405 1.005 42 130 67
-1.995 -0.495 1.095 42 130 67
-1.905 -0.495 1.095 42 130 67
-1.995 -0.405 1.095 42 130 67
-1.905 -0.405 1.095 42 130 67
-1.895 -0.495 1.005 42 130 67
-1.805 -0.495 1.005 42 130 67
-1.895 -0.405 1.005 42 130 67
-1.805 -0.405 1.005 42 130 67
-1.895 -0.495 1.095 42 130 67
-1.805 -0.495 1.095 42 130 67
-1.895 -0.405 1.095 42 130 67
-1.805 -0.405 1.095 42 130 67
-1.795 -0.495 1.005 42 130 67
-1.705 -0.495 1.005 42 130 67
-1.795 -0.405 1.005 42 130 67
-1.705 -0.405 1.005 42 130 67
-1.795 -0.495 1.095 42 130 67
-1.705 -0.495 1.095 42 130 67
-1.795 -0.405 1.095 42 130 67
-1.705 -0.405 1.095 42 130 67
-1.695 -0.495 1.005 42 130 67
-1.605 -0.495 1.005 42 130 67
-1.695 -0.405 1.005 42 130 67
-1.605 -0.405 1.005 42 130 67
-1.695 -0.495 1.095 42 130 67
-1.605 -0.495 1.095 42 130 67
-1.695 -0.405 1.095 42 130 67
-1.605 -0.405 1.095 42 130 67
-1.595 -0.495 1.005 42 130 67
-1.505 -0.495 1.005 42 130 67
-1.595 -0.405 1.005 42 130 67
-1.505 -0.405 1.005 42 130 67
-1.595 -0.495 1.095 42 130 67
-1.505 -0.495 1.095 42 130 67
-1.595 -0.405 1.095 42 130 67
-1.505 -0.405 1.095 42 130 67
-1.495 -0.495 1.005 42 130 67
-1.405 -0.495 1.005 42 130 67
-1.495 -0.405 1.005 42 130 67
-1.405 -0.405 1.005 42 130 67
-1.495 -0.495 1.095 42 130 67
-1.405 -0.495 1.095 42 130 67
-1.495 -0.405 1.095 42 130 67
-1.405 -0.405 1.095 42 130 67
-1.395 -0.495 1.005 42 130 67
-1.305 -0.495 1.005 42 130 67
-1.395 -0.405 1.005 42 130 67
-1.305 -0.405 1.005 42 130 67
-1.395 -0.495 1.095 42 130 67
-1.305 -0.495 1.095 42 130 67
-1.395 -0.405 1.095 42 130 67
-1.305 -0.405 1.095 42 130 67
-1.295 -0.495 1.005 42 130 67
-1.205 -0.495 1.005 42 130 67
-1.295 -0.405 1.005 42 130 67
-1.205 -0.405 1.005 42 130 67
-1.295 -0.495 1.095 42 130 67
-1.205 -0.495 1.095 42 130 67
-1.295 -0.405 1.095 42 130 67
-1.205 -0.405 1.095 42 130 67
-2.195 -0.395 1.005 42 130 67
-2.105 -0.395 1.005 42 130 67
-2.195 -0.305 1.005 42 130 67
-2.105 -0.305 1.005 42 130 67
-2.195 -0.395 1.095 42 130 67
-2.105 -0.395 1.095 42 130 67
-2.195 -0.305 1.095 42 130 67
-2.105 -0.305 1.095 42 130 67
-2.095 -0.395 1.005 42 130 67
-2.005 -0.395 1.005 42 130 67
-2.095 -0.305 1.005 42 130 67
-2.005 -0.305 1.005 42 130 67
-2.095 -0.395 1.095 42 130 67
-2.005 -0.395 1.095 42 130 67
-2.095 -0.305 1.095 42 130 67
-2.005 -0.305 1.095 42 130 67
-1.995 -0.395 1.005 42 130 67
-1.905 -0.395 1.005 42 130 67
-1.995 -0.305 1.005 42 130 67
-1.905 -0.305 1.005 42 130 67
-1.995 -0.395 1.095 42 130 67
-1.905 -0.395 1.095 42 130 67
-1.995 -0.305 1.095 42 130 67
-1.905 -0.305 1.095 42 130 67
-1.895 -0.395 1.005 42 130 67
-1.805 -0.395 1.005 42 130 67
-1.895 -0.305 1.005 42 130 67
-1.805 -0.305 1.005 42 130 67
-1.895 -0.395 1.095 42 130 67
-1.805 -0.395 1.095 42 130 67
-1.895 -0.305 1.095 42 130 67
-1.805 -0.305 1.095 42 130 67
-1.795 -0.395 1.005 42 130 67
-1.705 -0.395 1.005 42 130 67
-1.795 -0.305 1.005 42 130 67
-1.705 -0.305 1.005 42 130 67
-1.795 -0.395 1.095 42 130 67
-1.705 -0.395 1.095 42 130 67
-1.795 -0.305 1.095 42 130 67
-1.705 -0.305 1.095 42 130 67
-1.695 -0.395 1.005 42 130 67
-1.605 -0.395 1.005 42 130 67
-1.695 -0.305 1.005 42 130 67
-1.605 -0.305 1.005 42 130 67
-1.695 -0.395 1.095 42 130 67
-1.605 -0.395 1.095 42 130 67
-1.695 -0.305 1.095 42 130 67
-1.605 -0.305 1.095 42 130 67
-1.595 -0.395 1.005 42 130 67
-1.505 -0.395 1.005 42 130 67
-1.595 -0.305 1.005 42 130 67
-1.505 -0.305 1.005 42 130 67
-1.595 -0.395 1.095 42 130 67
-1.505 -0.395 1.095 42 130 67
-1.595 -0.305 1.095 42 130 67
-1.505 -0.305 1.095 42 130 67
-1.495 -0.395 1.005 42 130 67
-1.405 -0.395 1.005 42 130 67
-1.495 -0.305 1.005 42 130 67
-1.405 -0.305 1.005 42 130 67
-1.495 -0.395 1.095 42 130 67
-1.405 -0.395 1.095 42 130 67
-1.495 -0.305 1.095 42 130 67
-1.405 -0.305 1.095 42 130 67
-1.395 -0.395 1.005 42 130 67
-1.305 -0.395 1.005 42 130 67
-1.395 -0.305 1.005 42 130 67
-1.305 -0.305 1.005 42 130 67
-1.395 -0.395 1.095 42 130 67
-1.305 -0.395 1.095 42 130 67
-1.395 -0.305 1.095 42 130 67
-1.305 -0.305 1.095 42 130 67
-1.295 -0.395 1.005 42 130 67
-1.205 -0.395 1.005 42 130 67
-1.295 -0.305 1.005 42 130 67
-1.205 -0.305 1.005 42 130 67
-1.295 -0.395 1.095 42 130 67
-1.205 -0.395 1.095 42 130 67
-1.295 -0.305 1.095 42 130 67
-1.205 -0.305 1.095 42 130 67
-2.195 -0.295 1.005 42 130 67
-2.105 -0.295 1.005 42 130 67
-2.195 -0.205 1.005 42 130 67
-2.105 -0.205 1.005 42 130 67
-2.195 -0.295 1.095 42 130 67
-2.105 -0.295 1.095 42 130 67
-2.195 -0.205 1.095 42 130 67
-2.105 -0.205 1.095 42 130 67
-2.095 -0.295 1.005 42 130 67
-2.005 -0.295 1.005 42 130 67
-2.095 -0.205 1.005 42 130 67
-2.005 -0.205 1.005 42 130 67
-2.095 -0.295 1.095 42 130 67
-2.005 -0.295 1.095 42 130 67
-2.095 -0.205 1.095 42 130 67
-2.005 -0.205 1.095 42 130 67
-1.995 -0.295 1.005 42 130 67
-1.905 -0.295 1.005 42 130 67
-1.995 -0.205 1.005 42 130 67
-1.905 -0.205 1.005 42 130 67
-1.995 -0.295 1.095 42 130 67
-1.905 -0.295 1.095 42 130 67
-1.995 -0.205 1.095 42 130 67
-1.905 -0.205 1.095 42 130 67
-1.895 -0.295 1.005 42 130 67
-1.805 -0.295 1.005 42 130 67
-1.895 -0.205 1.005 42 130 67
-1.805 -0.205 1.005 42 130 67
-1.895 -0.295 1.095 42 130 67
-1.805 -0.295 1.095 42 130 67
-1.895 -0.205 1.095 42 130 67
-1.805 -0.205 1.095 42 130 67
-1.795 -0.295 1.005 42 130 67
-1.705 -0.295 1.005 42 130 67
-1.795 -0.205 1.005 42 130 67
-1.705 -0.205 1.005 42 130 67
-1.795 -0.295 1.095 42 130 67
-1.705 -0.295 1.095 42 130 67
-1.795 -0.205 1.095 42 130 67
-1.705 -0.205 1.095 42 130 67
-1.695 -0.295 1.005 42 130 67
-1.605 -0.295 1.005 42 130 67
-1.695 -0.205 1.005 42 130 67
-1.605 -0.205 1.005 42 130 67
-1.695 -0.295 1.095 42 130 67
-1.605 -0.295 1.095 42 130 67
-1.695 -0.205 1.095 42 130 67
-1.605 -0.205 1.095 42 130 67
-1.595 -0.295 1.005 42 130 67
-1.505 -0.295 1.005 42 130 67
-1.595 -0.205 1.005 42 130 67
-1.505 -0.205 1.005 42 130 67
-1.595 -0.295 1.095 42 130 67
-1.505 -0.295 1.095 42 130 67
-1.595 -0.205 1.095 42 130 67
-1.505 -0.205 1.095 42 130 67
-1.495 -0.295 1.005 42 130 67
-1.405 -0.295 1.005 42 130 67
-1.495 -0.205 1.005 42 130 67
-1.405 -0.205 1.005 42 130 67
-1.495 -0.295 1.095 42 130 67
-1.405 -0.295 1.095 42 130 67
-1.495 -0.205 1.095 42 130 67
-1.405 -0.205 1.095 42 130 67
-1.395 -0.295 1.005 42 130 67
-1.305 -0.295 1.005 42 130 67
-1.395 -0.205 1.005 42 130 67
-1.305 -0.205 1.005 42 130 67
-1.395 -0.295 1.095 42 130 67
-1.305 -0.295 1.095 42 130 67
-1.395 -0.205 1.095 42 130 67
-1.305 -0.205 1.095 42 130 67
-1.295 -0.295 1.005 42 130 67
-1.205 -0.295 1.005 42 130 67
-1.295 -0.205 1.005 42 130 67
-1.205 -0.205 1.005 42 130 67
-1.295 -0.295 1.095 42 130 67
-1.205 -0.295 1.095 42 130 67
-1.295 -0.205 1.095 42 130 67
-1.205 -0.205 1.095 42 130 67
-2.195 -0.195 1.005 42 130 67
-2.105 -0.195 1.005 42 130 67
-2.195 -0.105 1.005 42 130 67
-2.105 -0.105 1.005 42 130 67
-2.195 -0.195 1.095 42 130 67
-2.105 -0.195 1.095 42 130 67
-2.195 -0.105 1.095 42 130 67
-2.105 -0.105 1.095 42 130 67
-2.095 -0.195 1.005 42 130 67
-2.005 -0.195 1.005 42 130 67
-2.095 -0.105 1.005 42 130 67
-2.005 -0.105 1.005 42 130 67
-2.095 -0.195 1.095 42 130 67
-2.005 -0.195 1.095 42 130 67
-2.095 -0.105 1.095 42 130 67
-2.005 -0.105 1.095 42 130 67
-1.995 -0.195 1.005 42 130 67
-1.905 -0.195 1.005 42 130 67
-1.995 -0.105 1.005 42 130 67
-1.905 -0.105 1.005 42 130 67
-1.995 -0.195 1.095 42 130 67
-1.905 -0.195 1.095 42 130 67
-1.995 -0.105 1.095 42 130 67
-1.905 -0.105 1.095 42 130 67
-1.895 -0.195 1.005 42 130 67
-1.805 -0.195 1.005 42 130 67
-1.895 -0.105 1.005 42 130 67
-1.805 -0.105 1.005 42 130 67
-1.895 -0.195 1.095 42 130 67
-1.805 -0.195 1.095 42 130 67
-1.895 -0.105 1.095 42 130 67
-1.805 -0.105 1.095 42 130 67
-1.795 -0.195 1.005 42 130 67
-1.705 -0.195 1.005 42 130 67
-1.795 -0.105 1.005 42 130 67
-1.705 -0.105 1.005 42 130 67
-1.795 -0.195 1.095 42 130 67
-1.705 -0.195 1.095 42 130 67
-1.795 -0.105 1.095 42 130 67
-1.705 -0.105 1.095 42 130 67
-1.695 -0.195 1.005 42 130 67
-1.605 -0.195 1.005 42 130 67
-1.695 -0.105 1.005 42 130 67
-1.605 -0.105 1.005 42 130 67
-1.695 -0.195 1.095 42 130 67
-1.605 -0.195 1.095 42 130 67
-1.695 -0.105 1.095 42 130 67
-1.605 -0.105 1.095 42 130 67
-1.595 -0.195 1.005 42 130 67
-1.505 -0.195 1.005 42 130 67
-1.595 -0.105 1.005 42 130 67
-1.505 -0.105 1.005 42 130 67
-1.595 -0.195 1.095 42 130 67
-1.505 -0.195 1.095 42 130 67
-1.595 -0.105 1.095 42 130 67
-1.505 -0.105 1.095 42 130 67
-1.495 -0.195 1.005 42 130 67
-1.405 -0.195 1.005 42 130 67
-1.495 -0.105 1.005 42 130 67
-1.405 -0.105 1.005 42 130 67
-1.495 -0.195 1.095 42 130 67
-1.405 -0.195 1.095 42 130 67
-1.495 -0.105 1.095 42 130 67
-1.405 -0.105 1.095 42 130 67
-1.395 -0.195 1.005 42 130 67
-1.305 -0.195 1.005 42 130 67
-1.395 -0.105 1.005 42 130 67
-1.305 -0.105 1.005 42 130 67
-1.395 -0.195 1.095 42 130 67
-1.305 -0.195 1.095 42 130 67
-1.395 -0.105 1.095 42 130 67
-1.305 -0.105 1.095 42 130 67
-1.295 -0.195 1.005 42 130 67
-1.205 -0.195 1.005 42 130 67
-1.295 -0.105 1.005 42 130 67
-1.205 -0.105 1.005 42 130 67
-1.295 -0.195 1.095 42 130 67
-1.205 -0.195 1.095 42 130 67
-1.295 -0.105 1.095 42 130 67
-1.205 -0.105 1.095 42 130 67
-2.195 -0.095 1.005 42 130 67
-2.105 -0.095 1.005 42 130 67
-2.195 -0.00500003 1.005 42 130 67
-2.105 -0.00500003 1.005 42 130 67
-2.195 -0.095 1.095 42 130 67
-2.105 -0.095 1.095 42 130 67
-2.195 -0.00500003 1.095 42 130 67
-2.105 -0.00500003 1.095 42 130 67
-2.095 -0.095 1.005 42 130 67
-2.005 -0.095 1.005 42 130 67
-2.095 -0.00500003 1.005 42 130 67
-2.005 -0.00500003 1.005 42 130 67
-2.095 -0.095 1.095 42 130 67
-2.005 -0.095 1.095 42 130 67
-2.095 -0.00500003 1.095 42 130 67
-2.005 -0.00500003 1.095 42 130 67
-1.995 -0.095 1.005 42 130 67
-1.905 -0.095 1.005 42 130 67
-1.995 -0.00500003 1.005 42 130 67
-1.905 -0.00500003 1.005 42 130 67
-1.995 -0.095 1.095 42 130 67
-1.905 -0.095 1.095 42 130 67
-1.995 -0.00500003 1.095 42 130 67
-1.905 -0.00500003 1.095 42 130 67
-1.895 -0.095 1.005 42 130 67
-1.805 -0.095 1.005 42 130 67
-1.895 -0.00500003 1.005 42 130 67
-1.805 -0.00500003 1.005 42 130 67
-1.895 -0.095 1.095 42 130 67
-1.805 -0.095 1.095 42 130 67
-1.895 -0.00500003 1.095 42 130 67
-1.805 -0.00500003 1.095 42 130 67
-1.795 -0.095 1.005 42 130 67
-1.705 -0.095 1.005 42 130 67
-1.795 -0.00500003 1.005 42 130 67
-1.705 -0.00500003 1.005 42 130 67
-1.795 -0.095 1.095 42 130 67
-1.705 -0.095 1.095 42 130 67
-1.795 -0.00500003 1.095 42 130 67
-1.705 -0.00500003 1.095 42 130 67
-1.695 -0.095 1.005 42 130 67
-1.605 -0.095 1.005 42 130 67
-1.695 -0.00500003 1.005 42 130 67
-1.605 -0.00500003 1.005 42 130 67
-1.695 -0.095 1.095 42 130 67
-1.605 -0.095 1.095 42 130 67
-1.695 -0.00500003 1.095 42 130 67
-1.605 -0.00500003 1.095 42 130 67
-1.595 -0.095 1.005 42 130 67
-1.505 -0.095 1.005 42 130 67
-1.595 -0.00500003 1.005 42 130 67
-1.505 -0.00500003 1.005 42 130 67
-1.595 -0.095 1.095 42 130 67
-1.505 -0.095 1.095 42 130 67
-1.595 -0.00500003 1.095 42 130 67
-1.505 -0.00500003 1.095 42 130 67
-1.495 -0.095 1.005 42 130 67
-1.405 -0.095 1.005 42 130 67
-1.495 -0.00500003 1.005 42 130 67
-1.405 -0.00500003 1.005 42 130 67
-1.495 -0.095 1.095 42 130 67
-1.405 -0.095 1.095 42 130 67
-1.495 -0.00500003 1.095 42 130 67
-1.405 -0.00500003 1.095 42 130 67
-1.395 -0.095 1.005 42 130 67
-1.305 -0.095 1.005 42 130 67
-1.395 -0.00500003 1.005 42 130 67
-1.305 -0.00500003 1.005 42 130 67
-1.395 -0.095 1.095 42 130 67
-1.305 -0.095 1.095 42 130 67
-1.395 -0.00500003 1.095 42 130 67
-1.305 -0.00500003 1.095 42 130 67
-1.295 -0.095 1.005 42 130 67
-1.205 -0.095 1.005 42 130 67
-1.295 -0.00500003 1.005 42 130 67
-1.205 -0.00500003 1.005 42 130 67
-1.295 -0.095 1.095 42 130 67
-1.205 -0.095 1.095 42 130 67
-1.295 -0.00500003 1.095 42 130 67
-1.205 -0.00500003 1.095 42 130 67
-2.195 0.00500005 1.005 42 130 67
-2.105 0.00500005 1.005 42 130 67
-2.195 0.095 1.005 42 130 67
-2.105 0.095 1.005 42 130 67
-2.195 0.00500005 1.095 42 130 67
-2.105 0.00500005 1.095 42 130 67
-2.195 0.095 1.095 42 130 67
-2.105 0.095 1.095 42 130 67
-2.095 0.00500005 1.005 42 130 67
-2.005 0.00500005 1.005 42 130 67
-2.095 0.095 1.005 42 130 67
-2.005 0.095 1.005 42 130 67
-2.095 0.00500005 1.095 42 130 67
-2.005 0.00500005 1.095 42 130 67
-2.095 0.095 1.095 42 130 67
-2.005 0.095 1.095 42 130 67
-1.995 0.00500005 1.005 42 130 67
-1.905 0.00500005 1.005 42 130 67
-1.995 0.095 1.005 42 130 67
-1.905 0.095 1.005 42 130 67
-1.995 0.00500005 1.095 42 130 67
-1.905 0.00500005 1.095 42 130 67
-1.995 0.095 1.095 42 130 67
-1.905 0.095 1.095 42 130 67
-1.895 0.00500005 1.005 42 130 67
-1.805 0.00500005 1.005 42 130 67
-1.895 0.095 1.005 42 130 67
-1.805 0.095 1.005 42 130 67
-1.895 0.00500005 1.095 42 130 67
-1.805 0.00500005 1.095 42 130 67
-1.895 0.095 1.095 42 130 67
-1.805 0.095 1.095 42 130 67
-1.795 0.00500005 1.005 42 130 67
-1.705 0.00500005 1.005 42 130 67
-1.795 0.095 1.005 42 130 67
-1.705 0.095 1.005 42 130 67
-1.795 0.00500005 1.095 42 130 67
-1.705 0.00500005 1.095 42 130 67
-1.795 0.095 1.095 42 130 67
-1.705 0.095 1.095 42 130 67
-1.695 0.00500005 1.005 42 130 67
-1.605 0.00500005 1.005 42 130 67
-1.695 0.095 1.005 42 130 67
-1.605 0.095 1.005 42 130 67
-1.695 0.00500005 1.095 42 130 67
-1.605 0.00500005 1.095 42 130 67
-1.695 0.095 1.095 42 130 67
-1.605 0.095 1.095 42 130 67
-1.595 0.00500005 1.005 42 130 67
-1.505 0.00500005 1.005 42 130 67
-1.595 0.095 1.005 42 130 67
-1.505 0.095 1.005 42 130 67
-1.595 0.00500005 1.095 42 130 67
-1.505 0.00500005 1.095 42 130 67
-1.595 0.095 1.095 42 130 67
-1.505 0.095 1.095 42 130 67
-1.495 0.00500005 1.005 42 130 67
-1.405 0.00500005 1.005 42 130 67
-1.495 0.095 1.005 42 130 67
-1.405 0.095 1.005 42 130 67
-1.495 0.00500005 1.095 42 130 67
-1.405 0.00500005 1.095 42 130 67
-1.495 0.095 1.095 42 130 67
-1.405 0.095 1.095 42 130 67
-1.395 0.00500005 1.005 42 130 67
-1.305 0.00500005 1.005 42 130 67
-1.395 0.095 1.005 42 130 67
-1.305 0.095 1.005 42 130 67
-1.395 0.00500005 1.095 42 130 67
-1.305 0.00500005 1.095 42 130 67
-1.395 0.095 1.095 42 130 67
-1.305 0.095 1.095 42 130 67
-1.295 0.00500005 1.005 42 130 67
-1.205 0.00500005 1.005 42 130 67
-1.295 0.095 1.005 42 130 67
-1.205 0.095 1.005 42 130 67
-1.295 0.00500005 1.095 42 130 67
-1.205 0.00500005 1.095 42 130 67
-1.295 0.095 1.095 42 130 67
-1.205 0.095 1.095 42 130 67
-2.195 0.105 1.005 42 130 67
-2.105 0.105 1.005 42 130 67
-2.195 0.195 1.005 42 130 67
-2.105 0.195 1.005 42 130 67
-2.195 0.105 1.095 42 130 67
-2.105 0.105 1.095 42 130 67
-2.195 0.195 1.095 42 130 67
-2.105 0.195 1.095 42 130 67
-2.095 0.105 1.005 42 130 67
-2.005 0.105 1.005 42 130 67
-2.095 0.195 1.005 42 130 67
-2.005 0.195 1.005 42 130 67
-2.095 0.105 1.095 42 130 67
-2.005 0.105 1.095 42 130 67
-2.095 0.195 1.095 42 130 67
-2.005 0.195 1.095 42 130 67
-1.995 0.105 1.005 42 130 67
-1.905 0.105 1.005 42 130 67
-1.995 0.195 1.005 42 130 67
-1.905 0.195 1.005 42 130 67
-1.995 0.105 1.095 42 130 67
-1.905 0.105 1.095 42 130 67
-1.995 0.195 1.095 42 130 67
-1.905 0.195 1.095 42 130 67
-1.895 0.105 1.005 42 130 67
-1.805 0.105 1.005 42 130 67
-1.895 0.195 1.005 42 130 67
-1.805 0.195 1.005 42 130 67
-1.895 0.105 1.095 42 130 67
-1.805 0.105 1.095 42 130 67
-1.895 0.195 1.095 42 130 67
-1.805 0.195 1.095 42 130 67
-1.795 0.105 1.005 42 130 67
-1.705 0.105 1.005 42 130 67
-1.795 0.195 1.005 42 130 67
-1.705 0.195 1.005 42 130 67
-1.795 0.105 1.095 42 130 67
-1.705 0.105 1.095 42 130 67
-1.795 0.195 1.095 42 130 67
-1.705 0.195 1.095 42 130 67
-1.695 0.105 1.005 42 130 67
-1.605 0.105 1.005 42 130 67
-1.695 0.195 1.005 42 130 67
-1.605 0.195 1.005 42 130 67
-1.695 0.105 1.095 42 130 67
-1.605 0.105 1.095 42 130 67
-1.695 0.195 1.095 42 130 67
-1.605 0.195 1.095 42 130 67
-1.595 0.105 1.005 42 130 67
-1.505 0.105 1.005 42 130 67
-1.595 0.195 1.005 42 130 67
-1.505 0.195 1.005 42 130 67
-1.595 0.105 1.095 42 130 67
-1.505 0.105 1.095 42 130 67
-1.595 0.195 1.095 42 130 67
-1.505 0.195 1.095 42 130 67
-1.495 0.105 1.005 42 130 67
-1.405 0.105 1.005 42 130 67
-1.495 0.195 1.005 42 130 67
-1.405 0.195 1.005 42 130 67
-1.495 0.105 1.095 42 130 67
-1.405 0.105 1.095 42 130 67
-1.495 0.195 1.095 42 130 67
-1.405 0.195 1.095 42 130 67
-1.395 0.105 1.005 42 130 67
-1.305 0.105 1.005 42 130 67
-1.395 0.195 1.005 42 130 67
-1.305 0.195 1.005 42 130 67
-1.395 0.105 1.095 42 130 67
-1.305 0.105 1.095 42 130 67
-1.395 0.195 1.095 42 130 67
-1.305 0.195 1.095 42 130 67
-1.295 0.105 1.005 42 130 67
-1.205 0.105 1.005 42 130 67
-1.295 0.195 1.005 42 130 67
-1.205 0.195 1.005 42 130 67
-1.295 0.105 1.095 42 130 67
-1.205 0.105 1.095 42 130 67
-1.295 0.195 1.095 42 130 67
-1.205 0.195 1.095 42 130 67
-2.195 0.205 1.005 42 130 67
-2.105 0.205 1.005 42 130 67
-2.195 0.295 1.005 42 130 67
-2.105 0.295 1.005 42 130 67
-2.195 0.205 1.095 42 130 67
-2.105 0.205 1.095 42 130 67
-2.195 0.295 1.095 42 130 67
-2.105 0.295 1.095 42 130 67
-2.095 0.205 1.005 42 130 67
-2.005 0.205 1.005 42 130 67
-2.095 0.295 1.005 42 130 67
-2.005 0.295 1.005 42 130 67
-2.095 0.205 1.095 42 130 67
-2.005 0.205 1.095 42 130 67
-2.095 0.295 1.095 42 130 67
-2.005 0.295 1.095 42 130 67
-1.995 0.205 1.005 42 130 67
-1.905 0.205 1.005 42 130 67
-1.995 0.295 1.005 42 130 67
-1.905 0.295 1.005 42 130 67
-1.995 0.205 1.095 42 130 67
-1.905 0.205 1.095 42 130 67
-1.995 0.295 1.095 42 130 67
-1.905 0.295 1.095 42 130 67
-1.895 0.205 1.005 42 130 67
-1.805 0.205 1.005 42 130 67
-1.895 0.295 1.005 42 130 67
-1.805 0.295 1.005 42 130 67
-1.895 0.205 1.095 42 130 67
-1.805 0.205 1.095 42 130 67
-1.895 0.295 1.095 42 130 67
-1.805 0.295 1.095 42 130 67
-1.795 0.205 1.005 42 130 67
-1.705 0.205 1.005 42 130 67
-1.795 0.295 1.005 42 130 67
-1.705 0.295 1.005 42 130 67
-1.795 0.205 1.095 42 130 67
-1.705 0.205 1.095 42 130 67
-1.795 0.295 1.095 42 130 67
-1.705 0.295 1.095 42 130 67
-1.695 0.205 1.005 42 130 67
-1.605 0.205 1.005 42 130 67
-1.695 0.295 1.005 42 130 67
-1.605 0.295 1.005 42 130 67
-1.695 0.205 1.095 42 130 67
-1.605 0.205 1.095 42 130 67
-1.695 0.295 1.095 42 130 67
-1.605 0.295 1.095 42 130 67
-1.595 0.205 1.005 42 130 67
-1.505 0.205 1.005 42 130 67
-1.595 0.295 1.005 42 130 67
-1.505 0.295 1.005 42 130 67
-1.595 0.205 1.095 42 130 67
-1.505 0.205 1.095 42 130 67
-1.595 0.295 1.095 42 130 67
-1.505 0.295 1.095 42 130 67
-1.495 0.205 1.005 42 130 67
-1.405 0.205 1.005 42 130 67
-1.495 0.295 1.005 42 130 67
-1.405 0.295 1.005 42 130 67
-1.495 0.205 1.095 42 130 67
-1.405 0.205 1.095 42 130 67
-1.495 0.295 1.095 42 130 67
-1.405 0.295 1.095 42 130 67
-1.395 0.205 1.005 42 130 67
-1.305 0.205 1.005 42 130 67
-1.395 0.295 1.005 42 130 67
-1.305 0.295 1.005 42 130 67
-1.395 0.205 1.095 42 130 67
-1.305 0.205 1.095 42 130 67
-1.395 0.295 1.095 42 130 67
-1.305 0.295 1.095 42 130 67
-1.295 0.205 1.005 42 130 67
-1.205 0.205 1.005 42 130 67
-1.295 0.295 1.005 42 130 67
-1.205 0.295 1.005 42 130 67
-1.295 0.205 1.095 42 130 67
-1.205 0.205 1.095 42 130 67
-1.295 0.295 1.095 42 130 67
-1.205 0.295 1.095 42 130 67
-2.195 0.305 1.005 42 130 67
-2.105 0.305 1.005 42 130 67
-2.195 0.395 1.005 42 130 67
-2.105 0.395 1.005 42 130 67
-2.195 0.305 1.095 42 130 67
-2.105 0.305 1.095 42 130 67
-2.195 0.395 1.095 42 130 67
-2.105 0.395 1.095 42 130 67
-2.095 0.305 1.005 42 130 67
-2.005 0.305 1.005 42 130 67
-2.095 0.395 1.005 42 130 67
-2.005 0.395 1.005 42 130 67
-2.095 0.305 1.095 42 130 67
-2.005 0.305 1.095 42 130 67
-2.095 0.395 1.095 42 130 67
-2.005 0.395 1.095 42 130 67
-1.995 0.305 1.005 42 130 67
-1.905 0.305 1.005 42 130 67
-1.995 0.395 1.005 42 130 67
-1.905 0.395 1.005 42 130 67
-1.995 0.305 1.095 42 130 67
-1.905 0.305 1.095 42 130 67
-1.995 0.395 1.095 42 130 67
-1.905 0.395 1.095 42 130 67
-1.895 0.305 1.005 42 130 67
-1.805 0.305 1.005 42 130 67
-1.895 0.395 1.005 42 130 67
-1.805 0.395 1.005 42 130 67
-1.895 0.305 1.095 42 130 67
-1.805 0.305 1.095 42 130 67
-1.895 0.395 1.095 42 130 67
-1.805 0.395 1.095 42 130 67
-1.795 0.305 1.005 42 130 67
-1.705 0.305 1.005 42 130 67
-1.795 0.395 1.005 42 130 67
-1.705 0.395 1.005 42 130 67
-1.795 0.305 1.095 42 130 67
-1.705 0.305 1.095 42 130 67
-1.795 0.395 1.095 42 130 67
-1.705 0.395 1.095 42 130 67
-1.695 0.305 1.005 42 130 67
-1.605 0.305 1.005 42 130 67
-1.695 0.395 1.005 42 130 67
-1.605 0.395 1.005 42 130 67
-1.695 0.305 1.095 42 130 67
-1.605 0.305 1.095 42 130 67
-1.695 0.395 1.095 42 130 67
-1.605 0.395 1.095 42 130 67
-1.595 0.305 1.005 42 130 67
-1.505 0.305 1.005 42 130 67
-1.595 0.395 1.005 42 130 67
-1.505 0.395 1.005 42 130 67
-1.595 0.305 1.095 42 130 67
-1.505 0.305 1.095 42 130 67
-1.595 0.395 1.095 42 130 67
-1.505 0.395 1.095 42 130 67
-1.495 0.305 1.005 42 130 67
-1.405 0.305 1.005 42 130 67
-1.495 0.395 1.005 42 130 67
-1.405 0.395 1.005 42 130 67
-1.495 0.305 1.095 42 130 67
-1.405 0.305 1.095 42 130 67
-1.495 0.395 1.095 42 130 67
-1.405 0.395 1.095 42 130 67
-1.395 0.305 1.005 42 130 67
-1.305 0.305 1.005 42 130 67
-1.395 0.395 1.005 42 130 67
-1.305 0.395 1.005 42 130 67
-1.395 0.305 1.095 42 130 67
-1.305 0.305 1.095 42 130 67
-1.395 0.395 1.095 42 130 67
-1.305 0.395 1.095 42 130 67
-1.295 0.305 1.005 42 130 67
-1.205 0.305 1.005 42 130 67
-1.295 0.395 1.005 42 130 67
-1.205 0.395 1.005 42 130 67
-1.295 0.305 1.095 42 130 67
-1.205 0.305 1.095 42 130 67
-1.295 0.395 1.095 42 130 67
-1.205 0.395 1.095 42 130 67
-2.195 0.405 1.005 42 130 67
-2.105 0.405 1.005 42 130 67
-2.195 0.495 1.005 42 130 67
-2.105 0.495 1.005 42 130 67
-2.195 0.405 1.095 42 130 67
-2.105 0.405 1.095 42 130 67
-2.195 0.495 1.095 42 130 67
-2.105 0.495 1.095 42 130 67
-2.095 0.405 1.005 42 130 67
-2.005 0.405 1.005 42 130 67
-2.095 0.495 1.005 42 130 67
-2.005 0.495 1.005 42 130 67
-2.095 0.405 1.095 42 130 67
-2.005 0.405 1.095 42 130 67
-2.095 0.495 1.095 42 130 67
-2.005 0.495 1.095 42 130 67
-1.995 0.405 1.005 42 130 67
-1.905 0.405 1.005 42 130 67
-1.995 0.495 1.005 42 130 67
-1.905 0.495 1.005 42 130 67
-1.995 0.405 1.095 42 130 67
-1.905 0.405 1.095 42 130 67
-1.995 0.495 1.095 42 130 67
-1.905 0.495 1.095 42 130 67
-1.895 0.405 1.005 42 130 67
-1.805 0.405 1.005 42 130 67
-1.895 0.495 1.005 42 130 67
-1.805 0.495 1.005 42 130 67
-1.895 0.405 1.095 42 130 67
-1.805 0.405 1.095 42 130 67
-1.895 0.495 1.095 42 130 67
-1.805 0.495 1.095 42 130 67
-1.795 0.405 1.005 42 130 67
-1.705 0.405 1.005 42 130 67
-1.795 0.495 1.005 42 130 67
-1.705 0.495 1.005 42 130 67
-1.795 0.405 1.095 42 130 67
-1.705 0.405 1.095 42 130 67
-1.795 0.495 1.095 42 130 67
-1.705 0.495 1.095 42 130 67
-1.695 0.405 1.005 42 130 67
-1.605 0.405 1.005 42 130 67
-1.695 0.495 1.005 42 130 67
-1.605 0.495 1.005 42 130 67
-1.695 0.405 1.095 42 130 67
-1.605 0.405 1.095 42 130 67
-1.695 0.495 1.095 42 130 67
-1.605 0.495 1.095 42 130 67
-1.595 0.405 1.005 42 130 67
-1.505 0.405 1.005 42 130 67
-1.595 0.495 1.005 42 130 67
-1.505 0.495 1.005 42 130 67
-1.595 0.405 1.095 42 130 67
-1.505 0.405 1.095 42 130 67
-1.595 0.495 1.095 42 130 67
-1.505 0.495 1.095 42 130 67
-1.495 0.405 1.005 42 130 67
-1.405 0.405 1.005 42 130 67
-1.495 0.495 1.005 42 130 67
-1.405 0.495 1.005 42 130 67
-1.495 0.405 1.095 42 130 67
-1.405 0.405 1.095 42 130 67
-1.495 0.495 1.095 42 130 67
-1.405 0.495 1.095 42 130 67
-1.395 0.405 1.005 42 130 67
-1.305 0.405 1.005 42 130 67
-1.395 0.495 1.005 42 130 67
-1.305 0.495 1.005 42 130 67
-1.395 0.405 1.095 42 130 67
-1.305 0.405 1.095 42 130 67
-1.395 0.495 1.095 42 130 67
-1.305 0.495 1.095 42 130 67
-1.295 0.405 1.005 42 130 67
-1.205 0.405 1.005 42 130 67
-1.295 0.495 1.005 42 130 67
-1.205 0.495 1.005 42 130 67
-1.295 0.405 1.095 42 130 67
-1.205 0.405 1.095 42 130 67
-1.295 0.495 1.095 42 130 67
-1.205 0.495 1.095 42 130 67
-2.195 -0.495 1.105 38 116 60
-2.105 -0.495 1.105 38 116 60
-2.195 -0.405 1.105 38 116 60
-2.105 -0.405 1.105 38 116 60
-2.195 -0.495 1.195 38 116 60
-2.105 -0.495 1.195 38 116 60
-2.195 -0.405 1.195 38 116 60
-2.105 -0.405 1.195 38 116 60
-2.095 -0.495 1.105 38 116 60
-2.005 -0.495 1.105 38 116 60
-2.095 -0.405 1.105 38 116 60
-2.005 -0.405 1.105 38 116 60
-2.095 -0.495 1.195 38 116 60
-2.005 -0.495 1.195 38 116 60
-2.095 -0.405 1.195 38 116 60
-2.005 -0.405 1.195 38 116 60
-1.995 -0.495 1.105 38 116 60
-1.905 -0.495 1.105 38 116 60
-1.995 -0.405 1.105 38 116 60
-1.905 -0.405 1.105 38 116 60
-1.995 -0.495 1.195 38 116 60
-1.905 -0.495 1.195 38 116 60
-1.995 -0.405 1.195 38 116 60
-1.905 -0.405 1.195 38 116 60
-1.895 -0.495 1.105 38 116 60
-1.805 -0.495 1.105 38 116 60
-1.895 -0.405 1.105 38 116 60
-1.805 -0.405 1.105 38 116 60
-1.895 -0.495 1.195 38 116 60
-1.805 -0.495 1.195 38 116 60
-1.895 -0.405 1.195 38 116 60
-1.805 -0.405 1.195 38 116 60
-1.795 -0.495 1.105 38 116 60
-1.705 -0.495 1.105 38 116 60
-1.795 -0.405 1.105 38 116 60
-1.705 -0.405 1.105 38 116 60
-1.795 -0.495 1.195 38 116 60
-1.705 -0.495 1.195 38 116 60
-1.795 -0.405 1.195 38 116 60
-1.705 -0.405 1.195 38 116 60
-1.695 -0.495 1.105 38 116 60
-1.605 -0.495 1.105 38 116 60
-1.695 -0.405 1.105 38 116 60
-1.605 -0.405 1.105 38 116 60
-1.695 -0.495 1.195 38 116 60
-1.605 -0.495 1.195 38 116 60
-1.695 -0.405 1.195 38 116 60
-1.605 -0.405 1.195 38 116 60
-1.595 -0.495 1.105 38 116 60
-1.505 -0.495 1.105 38 116 60
-1.595 -0.405 1.105 38 116 60
-1.505 -0.405 1.105 38 116 60
-1.595 -0.495 1.195 38 116 60
-1.505 -0.495 1.195 38 116 60
-1.595 -0.405 1.195 38 116 60
-1.505 -0.405 1.195 38 116 60
-1.495 -0.495 1.105 38 116 60
-1.405 -0.495 1.105 38 116 60
-1.495 -0.405 1.105 38 116 60
-1.405 -0.405 1.105 38 116 60
-1.495 -0.495 1.195 38 116 60
-1.405 -0.495 1.195 38 116 60
-1.495 -0.405 1.195 38 116 60
-1.405 -0.405 1.195 38 116 60
-1.395 -0.495 1.105 38 116 60
-1.305 -0.495 1.105 38 116 60
-1.395 -0.405 1.105 38 116 60
-1.305 -0.405 1.105 38 116 60
-1.395 -0.495 1.195 38 116 60
-1.305 -0.495 1.195 38 116 60
-1.395 -0.405 1.195 38 116 60
-1.305 -0.405 1.195 38 116 60
-1.295 -0.495 1.105 38 116 60
-1.205 -0.495 1.105 38 116 60
-1.295 -0.405 1.105 38 116 60
-1.205 -0.405 1.105 38 116 60
-1.295 -0.495 1.195 38 116 60
-1.205 -0.495 1.195 38 116 60
-1.295 -0.405 1.195 38 116 60
-1.205 -0.405 1.195 38 116 60
-2.195 -0.395 1.105 38 116 60
-2.105 -0.395 1.105 38 116 60
-2.195 -0.305 1.105 38 116 60
-2.105 -0.305 1.105 38 116 60
-2.195 -0.395 1.195 38 116 60
-2.105 -0.395 1.195 38 116 60
-2.195 -0.305 1.195 38 116 60
-2.105 -0.305 1.195 38 116 60
-2.095 -0.395 1.105 38 116 60
-2.005 -0.395 1.105 38 116 60
-2.095 -0.305 1.105 38 116 60
-2.005 -0.305 1.105 38 116 60
-2.095 -0.395 1.195 38 116 60
-2.005 -0.395 1.195 38 116 60
-2.095 -0.305 1.195 38 116 60
-2.005 -0.305 1.195 38 116 60
-1.995 -0.395 1.105 38 116 60
-1.905 -0.395 1.105 38 116 60
-1.995 -0.305 1.105 38 116 60
-1.905 -0.305 1.105 38 116 60
-1.995 -0.395 1.195 38 116 60
-1.905 -0.395 1.195 38 116 60
-1.995 -0.305 1.195 38 116 60
-1.905 -0.305 1.195 38 116 60
-1.895 -0.395 1.105 38 116 60
-1.805 -0.395 1.105 38 116 60
-1.895 -0.305 1.105 38 116 60
-1.805 -0.305 1.105 38 116 60
-1.895 -0.395 1.195 38 116 60
-1.805 -0.395 1.195 38 116 60
-1.895 -0.305 1.195 38 116 60
-1.805 -0.305 1.195 38 116 60
-1.795 -0.395 1.105 38 116 60
-1.705 -0.395 1.105 38 116 60
-1.795 -0.305 1.105 38 116 60
-1.705 -0.305 1.105 38 116 60
-1.795 -0.395 1.195 38 116 60
-1.705 -0.395 1.195 38 116 60
-1.795 -0.305 1.195 38 116 60
-1.705 -0.305 1.195 38 116 60
-1.695 -0.395 1.105 38 116 60
-1.605 -0.395 1.105 38 116 60
-1.695 -0.305 1.105 38 116 60
-1.605 -0.305 1.105 38 116 60
-1.695 -0.395 1.195 38 116 60
-1.605 -0.395 1.195 38 116 60
-1.695 -0.305 1.195 38 116 60
-1.605 -0.305 1.195 38 116 60
-1.595 -0.395 1.105 38 116 60
-1.505 -0.395 1.105 38 116 60
-1.595 -0.305 1.105 38 116 60
-1.505 -0.305 1.105 38 116 60
-1.595 -0.395 1.195 38 116 60
-1.505 -0.395 1.195 38 116 60
-1.595 -0.305 1.195 38 116 60
-1.505 -0.305 1.195 38 116 60
-1.495 -0.395 1.105 38 116 60
-1.405 -0.395 1.105 38 116 60
-1.495 -0.305 1.105 38 116 60
-1.405 -0.305 1.105 38 116 60
-1.495 -0.395 1.195 38 116 60
-1.405 -0.395 1.195 38 116 60
-1.495 -0.305 1.195 38 116 60
-1.405 -0.305 1.195 38 116 60
-1.395 -0.395 1.105 38 116 60
-1.305 -0.395 1.105 38 116 60
-1.395 -0.305 1.105 38 116 60
-1.305 -0.305 1.105 38 116 60
-1.395 -0.395 1.195 38 116 60
-1.305 -0.395 1.195 38 116 60
-1.395 -0.305 1.195 38 116 60
-1.305 -0.305 1.195 38 116 60
-1.295 -0.395 1.105 38 116 60
-1.205 -0.395 1.105 38 116 60
-1.295 -0.305 1.105 38 116 60
-1.205 -0.305 1.105 38 116 60
-1.295 -0.395 1.195 38 116 60
-1.205 -0.395 1.195 38 116 60
-1.295 -0.305 1.195 38 116 60
-1.205 -0.305 1.195 38 116 60
-2.195 -0.295 1.105 38 116 60
-2.105 -0.295 1.105 38 116 60
-2.195 -0.205 1.105 38 116 60
-2.105 -0.205 1.105 38 116 60
-2.195 -0.295 1.195 38 116 60
-2.105 -0.295 1.195 38 116 60
-2.195 -0.205 1.195 38 116 60
-2.105 -0.205 1.195 38 116 60
-2.095 -0.295 1.105 38 116 60
-2.005 -0.295 1.105 38 116 60
-2.095 -0.205 1.105 38 116 60
-2.005 -0.205 1.105 38 116 60
-2.095 -0.295 1.195 38 116 60
-2.005 -0.295 1.195 38 116 60
-2.095 -0.205 1.195 38 116 60
-2.005 -0.205 1.195 38 116 60
-1.995 -0.295 1.105 38 116 60
-1.905 -0.295 1.105 38 116 60
-1.995 -0.205 1.105 38 116 60
-1.905 -0.205 1.105 38 116 60
-1.995 -0.295 1.195 38 116 60
-1.905 -0.295 1.195 38 116 60
-1.995 -0.205 1.195 38 116 60
-1.905 -0.205 1.195 38 116 60
-1.895 -0.295 1.105 38 116 60
-1.805 -0.295 1.105 38 116 60
-1.895 -0.205 1.105 38 116 60
-1.805 -0.205 1.105 38 116 60
-1.895 -0.295 1.195 38 116 60
-1.805 -0.295 1.195 38 116 60
-1.895 -0.205 1.195 38 116 60
-1.805 -0.205 1.195 38 116 60
-1.795 -0.295 1.105 38 116 60
-1.705 -0.295 1.105 38 116 60
-1.795 -0.205 1.105 38 116 60
-1.705 -0.205 1.105 38 116 60
-1.795 -0.295 1.195 38 116 60
-1.705 -0.295 1.195 38 116 60
-1.795 -0.205 1.195 38 116 60
-1.705 -0.205 1.195 38 116 60
-1.695 -0.295 1.105 38 116 60
-1.605 -0.295 1.105 38 116 60
-1.695 -0.205 1.105 38 116 60
-1.605 -0.205 1.105 38 116 60
-1.695 -0.295 1.195 38 116 60
-1.605 -0.295 1.195 38 116 60
-1.695 -0.205 1.195 38 116 60
-1.605 -0.205 1.195 38 116 60
-1.595 -0.295 1.105 38 116 60
-1.505 -0.295 1.105 38 116 60
-1.595 -0.205 1.105 38 116 60
-1.505 -0.205 1.105 38 116 60
-1.595 -0.295 1.195 38 116 60
-1.505 -0.295 1.195 38 116 60
-1.595 -0.205 1.195 38 116 60
-1.505 -0.205 1.195 38 116 60
-1.495 -0.295 1.105 38 116 60
-1.405 -0.295 1.105 38 116 60
-1.495 -0.205 1.105 38 116 60
-1.405 -0.205 1.105 38 116 60
-1.495 -0.295 1.195 38 116 60
-1.405 -0.295 1.195 38 116 60
-1.495 -0.205 1.195 38 116 60
-1.405 -0.205 1.195 38 116 60
-1.395 -0.295 1.105 38 116 60
-1.305 -0.295 1.105 38 116 60
-1.395 -0.205 1.105 38 116 60
-1.305 -0.205 1.105 38 116 60
-1.395 -0.295 1.195 38 116 60
-1.305 -0.295 1.195 38 116 60
-1.395 -0.205 1.195 38 116 60
-1.305 -0.205 1.195 38 116 60
-1.295 -0.295 1.105 38 116 60
-1.205 -0.295 1.105 38 116 60
-1.295 -0.205 1.105 38 116 60
-1.205 -0.205 1.105 38 116 60
-1.295 -0.295 1.195 38 116 60
-1.205 -0.295 1.195 38 116 60
-1.295 -0.205 1.195 38 116 60
-1.205 -0.205 1.195 38 116 60
-2.195 -0.195 1.105 38 116 60
-2.105 -0.195 1.105 38 116 60
-2.195 -0.105 1.105 38 116 60
-2.105 -0.105 1.105 38 116 60
-2.195 -0.195 1.195 38 116 60
-2.105 -0.195 1.195 38 116 60
-2.195 -0.105 1.195 38 116 60
-2.105 -0.105 1.195 38 116 60
-2.095 -0.195 1.105 38 116 60
-2.005 -0.195 1.105 38 116 60
-2.095 -0.105 1.105 38 116 60
-2.005 -0.105 1.105 38 116 60
-2.095 -0.195 1.195 38 116 60
-2.005 -0.195 1.195 38 116 60
-2.095 -0.105 1.195 38 116 60
-2.005 -0.105 1.195 38 116 60
-1.995 -0.195 1.105 38 116 60
-1.905 -0.195 1.105 38 116 60
-1.995 -0.105 1.105 38 116 60
-1.905 -0.105 1.105 38 116 60
-1.995 -0.195 1.195 38 116 60
-1.905 -0.195 1.195 38 116 60
-1.995 -0.105 1.195 38 116 60
-1.905 -0.105 1.195 38 116 60
-1.895 -0.195 1.105 38 116 60
-1.805 -0.195 1.105 38 116 60
-1.895 -0.105 1.105 38 116 60
-1.805 -0.105 1.105 38 116 60
-1.895 -0.195 1.195 38 116 60
-1.805 -0.195 1.195 38 116 60
-1.895 -0.105 1.195 38 116 60
-1.805 -0.105 1.195 38 116 60
-1.795 -0.195 1.105 38 116 60
-1.705 -0.195 1.105 38 116 60
-1.795 -0.105 1.105 38 116 60
-1.705 -0.105 1.105 38 116 60
-1.795 -0.195 1.195 38 116 60
-1.705 -0.195 1.195 38 116 60
-1.795 -0.105 1.195 38 116 60
-1.705 -0.105 1.195 38 116 60
-1.695 -0.195 1.105 38 116 60
-1.605 -0.195 1.105 38 116 60
-1.695 -0.105 1.105 38 116 60
-1.605 -0.105 1.105 38 116 60
-1.695 -0.195 1.195 38 116 60
-1.605 -0.195 1.195 38 116 60
-1.695 -0.105 1.195 38 116 60
-1.605 -0.105 1.195 38 116 60
-1.595 -0.195 1.105 38 116 60
-1.505 -0.195 1.105 38 116 60
-1.595 -0.105 1.105 38 116 60
-1.505 -0.105 1.105 38 116 60
-1.595 -0.195 1.195 38 116 60
-1.505 -0.195 1.195 38 116 60
-1.595 -0.105 1.195 38 116 60
-1.505 -0.105 1.195 38 116 60
-1.495 -0.195 1.105 38 116 60
-1.405 -0.195 1.105 38 116 60
-1.495 -0.105 1.105 38 116 60
-1.405 -0.105 1.105 38 116 60
-1.495 -0.195 1.195 38 116 60
-1.405 -0.195 1.195 38 116 60
-1.495 -0.105 1.195 38 116 60
-1.405 -0.105 1.195 38 116 60
-1.395 -0.195 1.105 38 116 60
-1.305 -0.195 1.105 38 116 60
-1.395 -0.105 1.105 38 116 60
-1.305 -0.105 1.105 38 116 60
-1.395 -0.195 1.195 38 116 60
-1.305 -0.195 1.195 38 116 60
-1.395 -0.105 1.195 38 116 60
-1.305 -0.105 1.195 38 116 60
-1.295 -0.195 1.105 38 116 60
-1.205 -0.195 1.105 38 116 60
-1.295 -0.105 1.105 38 116 60
-1.205 -0.105 1.105 38 116 60
-1.295 -0.195 1.195 38 116 60
-1.205 -0.195 1.195 38 116 60
-1.295 -0.105 1.195 38 116 60
-1.205 -0.105 1.195 38 116 60
-2.195 -0.095 1.105 38 116 60
-2.105 -0.095 1.105 38 116 60
-2.195 -0.00500003 1.105 38 116 60
-2.105 -0.00500003 1.105 38 116 60
-2.195 -0.095 1.195 38 116 60
-2.105 -0.095 1.195 38 116 60
-2.195 -0.00500003 1.195 38 116 60
-2.105 -0.00500003 1.195 38 116 60
-2.095 -0.095 1.105 38 116 60
-2.005 -0.095 1.105 38 116 60
-2.095 -0.00500003 1.105 38 116 60
-2.005 -0.00500003 1.105 38 116 60
-2.095 -0.095 1.195 38 116 60
-2.005 -0.095 1.195 38 116 60
-2.095 -0.00500003 1.195 38 116 60
-2.005 -0.00500003 1.195 38 116 60
-1.995 -0.095 1.105 38 116 60
-1.905 -0.095 1.105 38 116 60
-1.995 -0.00500003 1.105 38 116 60
-1.905 -0.00500003 1.105 38 116 60
-1.995 -0.095 1.195 38 116 60
-1.905 -0.095 1.195 38 116 60
-1.995 -0.00500003 1.195 38 116 60
-1.905 -0.00500003 1.195 38 116 60
-1.895 -0.095 1.105 38 116 60
-1.805 -0.095 1.105 38 116 60
-1.895 -0.00500003 1.105 38 116 60
-1.805 -0.00500003 1.105 38 116 60
-1.895 -0.095 1.195 38 116 60
-1.805 -0.095 1.195 38 116 60
-1.895 -0.00500003 1.195 38 116 60
-1.805 -0.00500003 1.195 38 116 60
-1.795 -0.095 1.105 38 116 60
-1.705 -0.095 1.105 38 116 60
-1.795 -0.00500003 1.105 38 116 60
-1.705 -0.00500003 1.105 38 116 60
-1.795 -0.095 1.195 38 116 60
-1.705 -0.095 1.195 38 116 60
-1.795 -0.00500003 1.195 38 116 60
-1.705 -0.00500003 1.195 38 116 60
-1.695 -0.095 1.105 38 116 60
-1.605 -0.095 1.105 38 116 60
-1.695 -0.00500003 1.105 38 116 60
-1.605 -0.00500003 1.105 38 116 60
-1.695 -0.095 1.195 38 116 60
-1.605 -0.095 1.195 38 116 60
-1.695 -0.00500003 1.195 38 116 60
-1.605 -0.00500003 1.195 38 116 60
-1.595 -0.095 1.105 38 116 60
-1.505 -0.095 1.105 38 116 60
-1.595 -0.00500003 1.105 38 116 60
-1.505 -0.00500003 1.105 38 116 60
-1.595 -0.095 1.195 38 116 60
-1.505 -0.095 1.195 38 116 60
-1.595 -0.00500003 1.195 38 116 60
-1.505 -0.00500003 1.195 38 116 60
-1.495 -0.095 1.105 38 116 60
-1.405 -0.095 1.105 38 116 60
-1.495 -0.00500003 1.105 38 116 60
-1.405 -0.00500003 1.105 38 116 60
-1.495 -0.095 1.195 38 116 60
-1.405 -0.095 1.195 38 116 60
-1.495 -0.00500003 1.195 38 116 60
-1.405 -0.00500003 1.195 38 116 60
-1.395 -0.095 1.105 38 116 60
-1.305 -0.095 1.105 38 116 60
-1.395 -0.00500003 1.105 38 116 60
-1.305 -0.00500003 1.105 38 116 60
-1.395 -0.095 1.195 38 116 60
-1.305 -0.095 1.195 38 116 60
-1.395 -0.00500003 1.195 38 116 60
-1.305 -0.00500003 1.195 38 116 60
-1.295 -0.095 1.105 38 116 60
-1.205 -0.095 1.105 38 116 60
-1.295 -0.00500003 1.105 38 116 60
-1.205 -0.00500003 1.105 38 116 60
-1.295 -0.095 1.195 38 116 60
-1.205 -0.095 1.195 38 116 60
-1.295 -0.00500003 1.195 38 116 60
-1.205 -0.00500003 1.195 38 116 60
-2.195 0.00500005 1.105 38 116 60
-2.105 0.00500005 1.105 38 116 60
-2.195 0.095 1.105 38 116 60
-2.105 0.095 1.105 38 116 60
-2.195 0.00500005 1.195 38 116 60
-2.105 0.00500005 1.195 38 116 60
-2.195 0.095 1.195 38 116 60
-2.105 0.095 1.195 38 116 60
-2.095 0.00500005 1.105 38 116 60
-2.005 0.00500005 1.105 38 116 60
-2.095 0.095 1.105 38 116 60
-2.005 0.095 1.105 38 116 60
-2.095 0.00500005 1.195 38 116 60
-2.005 0.00500005 1.195 38 116 60
-2.095 0.095 1.195 38 116 60
-2.005 0.095 1.195 38 116 60
-1.995 0.00500005 1.105 38 116 60
-1.905 0.00500005 1.105 38 116 60
-1.995 0.095 1.105 38 116 60
-1.905 0.095 1.105 38 116 60
-1.995 0.00500005 1.195 38 116 60
-1.905 0.00500005 1.195 38 116 60
-1.995 0.095 1.195 38 116 60
-1.905 0.095 1.195 38 116 60
-1.895 0.00500005 1.105 38 116 60
-1.805 0.00500005 1.105 38 116 60
-1.895 0.095 1.105 38 116 60
-1.805 0.095 1.105 38 116 60
-1.895 0.00500005 1.195 38 116 60
-1.805 0.00500005 1.195 38 116 60
-1.895 0.095 1.195 38 116 60
-1.805 0.095 1.195 38 116 60
-1.795 0.00500005 1.105 38 116 60
-1.705 0.00500005 1.105 38 116 60
-1.795 0.095 1.105 38 116 60
-1.705 0.095 1.105 38 116 60
-1.795 0.00500005 1.195 38 116 60
-1.705 0.00500005 1.195 38 116 60
-1.795 0.095 1.195 38 116 60
-1.705 0.095 1.195 38 116 60
-1.695 0.00500005 1.105 38 116 60
-1.605 0.00500005 1.105 38 116 60
-1.695 0.095 1.105 38 116 60
-1.605 0.095 1.105 38 116 60
-1.695 0.00500005 1.195 38 116 60
-1.605 0.00500005 1.195 38 116 60
-1.695 0.095 1.195 38 116 60
-1.605 0.095 1.195 38 116 60
-1.595 0.00500005 1.105 38 116 60
-1.505 0.00500005 1.105 38 116 60
-1.595 0.095 1.105 38 116 60
-1.505 0.095 1.105 38 116 60
-1.595 0.00500005 1.195 38 116 60
-1.505 0.00500005 1.195 38 116 60
-1.595 0.095 1.195 38 116 60
-1.505 0.095 1.195 38 116 60
-1.495 0.00500005 1.105 38 116 60
-1.405 0.00500005 1.105 38 116 60
-1.495 0.095 1.105 38 116 60
-1.405 0.095 1.105 38 116 60
-1.495 0.00500005 1.195 38 116 60
-1.405 0.00500005 1.195 38 116 60
-1.495 0.095 1.195 38 116 60
-1.405 0.095 1.195 38 116 60
-1.395 0.00500005 1.105 38 116 60
-1.305 0.00500005 1.105 38 116 60
-1.395 0.095 1.105 38 116 60
-1.305 0.095 1.105 38 116 60
-1.395 0.00500005 1.195 38 116 60
-1.305 0.00500005 1.195 38 116 60
-1.395 0.095 1.195 38 116 60
-1.305 0.095 1.195 38 116 60
-1.295 0.00500005 1.105 38 116 60
-1.205 0.00500005 1.105 38 116 60
-1.295 0.095 1.105 38 116 60
-1.205 0.095 1.105 38 116 60
-1.295 0.00500005 1.195 38 116 60
-1.205 0.00500005 1.195 38 116 60
-1.295 0.095 1.195 38 116 60
-1.205 0.095 1.195 38 116 60
-2.195 0.105 1.105 38 116 60
-2.105 0.105 1.105 38 116 60
-2.195 0.195 1.105 38 116 60
-2.105 0.195 1.105 38 116 60
-2.195 0.105 1.195 38 116 60
-2.105 0.105 1.195 38 116 60
-2.195 0.195 1.195 38 116 60
-2.105 0.195 1.195 38 116 60
-2.095 0.105 1.105 38 116 60
-2.005 0.105 1.105 38 116 60
-2.095 0.195 1.105 38 116 60
-2.005 0.195 1.105 38 116 60
-2.095 0.105 1.195 38 116 60
-2.005 0.105 1.195 38 116 60
-2.095 0.195 1.195 38 116 60
-2.005 0.195 1.195 38 116 60
-1.995 0.105 1.105 38 116 60
-1.905 0.105 1.105 38 116 60
-1.995 0.195 1.105 38 116 60
-1.905 0.195 1.105 38 116 60
-1.995 0.105 1.195 38 116 60
-1.905 0.105 1.195 38 116 60
-1.995 0.195 1.195 38 116 60
-1.905 0.195 1.195 38 116 60
-1.895 0.105 1.105 38 116 60
-1.805 0.105 1.105 38 116 60
-1.895 0.195 1.105 38 116 60
-1.805 0.195 1.105 38 116 60
-1.895 0.105 1.195 38 116 60
-1.805 0.105 1.195 38 116 60
-1.895 0.195 1.195 38 116 60
-1.805 0.195 1.195 38 116 60
-1.795 0.105 1.105 38 116 60
-1.705 0.105 1.105 38 116 60
-1.795 0.195 1.105 38 116 60
-1.705 0.195 1.105 38 116 60
-1.795 0.105 1.195 38 116 60
-1.705 0.105 1.195 38 116 60
-1.795 0.195 1.195 38 116 60
-1.705 0.195 1.195 38 116 60
-1.695 0.105 1.105 38 116 60
-1.605 0.105 1.105 38 116 60
-1.695 0.195 1.105 38 116 60
-1.605 0.195 1.105 38 116 60
-1.695 0.105 1.195 38 116 60
-1.605 0.105 1.195 38 116 60
-1.695 0.195 1.195 38 116 60
-1.605 0.195 1.195 38 116 60
-1.595 0.105 1.105 38 116 60
-1.505 0.105 1.105 38 116 60
-1.595 0.195 1.105 38 116 60
-1.505 0.195 1.105 38 116 60
-1.595 0.105 1.195 38 116 60
-1.505 0.105 1.195 38 116 60
-1.595 0.195 1.195 38 116 60
-1.505 0.195 1.195 38 116 60
-1.495 0.105 1.105 38 116 60
-1.405 0.105 1.105 38 116 60
-1.495 0.195 1.105 38 116 60
-1.405 0.195 1.105 38 116 60
-1.495 0.105 1.195 38 116 60
-1.405 0.105 1.195 38 116 60
-1.495 0.195 1.195 38 116 60
-1.405 0.195 1.195 38 116 60
-1.395 0.105 1.105 38 116 60
-1.305 0.105 1.105 38 116 60
-1.395 0.195 1.105 38 116 60
-1.305 0.195 1.105 38 116 60
-1.395 0.105 1.195 38 116 60
-1.305 0.105 1.195 38 116 60
-1.395 0.195 1.195 38 116 60
-1.305 0.195 1.195 38 116 60
-1.295 0.105 1.105 38 116 60
-1.205 0.105 1.105 38 116 60
-1.295 0.195 1.105 38 116 60
-1.205 0.195 1.105 38 116 60
-1.295 0.105 1.195 38 116 60
-1.205 0.105 1.195 38 116 60
-1.295 0.195 1.195 38 116 60
-1.205 0.195 1.195 38 116 60
-2.195 0.205 1.105 38 116 60
-2.105 0.205 1.105 38 116 60
-2.195 0.295 1.105 38 116 60
-2.105 0.295 1.105 38 116 60
-2.195 0.205 1.195 38 116 60
-2.105 0.205 1.195 38 116 60
-2.195 0.295 1.195 38 116 60
-2.105 0.295 1.195 38 116 60
-2.095 0.205 1.105 38 116 60
-2.005 0.205 1.105 38 116 60
-2.095 0.295 1.105 38 116 60
-2.005 0.295 1.105 38 116 60
-2.095 0.205 1.195 38 116 60
-2.005 0.205 1.195 38 116 60
-2.095 0.295 1.195 38 116 60
-2.005 0.295 1.195 38 116 60
-1.995 0.205 1.105 38 116 60
-1.905 0.205 1.105 38 116 60
-1.995 0.295 1.105 38 116 60
-1.905 0.295 1.105 38 116 60
-1.995 0.205 1.195 38 116 60
-1.905 0.205 1.195 38 116 60
-1.995 0.295 1.195 38 116 60
-1.905 0.295 1.195 38 116 60
-1.895 0.205 1.105 38 116 60
-1.805 0.205 1.105 38 116 60
-1.895 0.295 1.105 38 116 60
-1.805 0.295 1.105 38 116 60
-1.895 0.205 1.195 38 116 60
-1.805 0.205 1.195 38 116 60
-1.895 0.295 1.195 38 116 60
-1.805 0.295 1.195 38 116 60
-1.795 0.205 1.105 38 116 60
-1.705 0.205 1.105 38 116 60
-1.795 0.295 1.105 38 116 60
-1.705 0.295 1.105 38 116 60
-1.795 0.205 1.195 38 116 60
-1.705 0.205 1.195 38 116 60
-1.795 0.295 1.195 38 116 60
-1.705 0.295 1.195 38 116 60
-1.695 0.205 1.105 38 116 60
-1.605 0.205 1.105 38 116 60
-1.695 0.295 1.105 38 116 60
-1.605 0.295 1.105 38 116 60
-1.695 0.205 1.195 38 116 60
-1.605 0.205 1.195 38 116 60
-1.695 0.295 1.195 38 116 60
-1.605 0.295 1.195 38 116 60
-1.595 0.205 1.105 38 116 60
-1.505 0.205 1.105 38 116 60
-1.595 0.295 1.105 38 116 60
-1.505 0.295 1.105 38 116 60
-1.595 0.205 1.195 38 116 60
-1.505 0.205 1.195 38 116 60
-1.595 0.295 1.195 38 116 60
-1.505 0.295 1.195 38 116 60
-1.495 0.205 1.105 38 116 60
-1.405 0.205 1.105 38 116 60
-1.495 0.295 1.105 38 116 60
-1.405 0.295 1.105 38 116 60
-1.495 0.205 1.195 38 116 60
-1.405 0.205 1.195 38 116 60
-1.495 0.295 1.195 38 116 60
-1.405 0.295 1.195 38 116 60
-1.395 0.205 1.105 38 116 60
-1.305 0.205 1.105 38 116 60
-1.395 0.295 1.105 38 116 60
-1.305 0.295 1.105 38 116 60
-1.395 0.205 1.195 38 116 60
-1.305 0.205 1.195 38 116 60
-1.395 0.295 1.195 38 116 60
-1.305 0.295 1.195 38 116 60
-1.295 0.205 1.105 38 116 60
-1.205 0.205 1.105 38 116 60
-1.295 0.295 1.105 38 116 60
-1.205 0.295 1.105 38 116 60
-1.295 0.205 1.195 38 116 60
-1.205 0.205 1.195 38 116 60
-1.295 0.295 1.195 38 116 60
-1.205 0.295 1.195 38 116 60
-2.195 0.305 1.105 38 116 60
-2.105 0.305 1.105 38 116 60
-2.195 0.395 1.105 38 116 60
-2.105 0.395 1.105 38 116 60
-2.195 0.305 1.195 38 116 60
-2.105 0.305 1.195 38 116 60
-2.195 0.395 1.195 38 116 60
-2.105 0.395 1.195 38 116 60
-2.095 0.305 1.105 38 116 60
-2.005 0.305 1.105 38 116 60
-2.095 0.395 1.105 38 116 60
-2.005 0.395 1.105 38 116 60
-2.095 0.305 1.195 38 116 60
-2.005 0.305 1.195 38 116 60
-2.095 0.395 1.195 38 116 60
-2.005 0.395 1.195 38 116 60
-1.995 0.305 1.105 38 116 60
-1.905 0.305 1.105 38 116 60
-1.995 0.395 1.105 38 116 60
-1.905 0.395 1.105 38 116 60
-1.995 0.305 1.195 38 116 60
-1.905 0.305 1.195 38 116 60
-1.995 0.395 1.195 38 116 60
-1.905 0.395 1.195 38 116 60
-1.895 0.305 1.105 38 116 60
-1.805 0.305 1.105 38 116 60
-1.895 0.395 1.105 38 116 60
-1.805 0.395 1.105 38 116 60
-1.895 0.305 1.195 38 116 60
-1.805 0.305 1.195 38 116 60
-1.895 0.395 1.195 38 116 60
-1.805 0.395 1.195 38 116 60
-1.795 0.305 1.105 38 116 60
-1.705 0.305 1.105 38 116 60
-1.795 0.395 1.105 38 116 60
-1.705 0.395 1.105 38 116 60
-1.795 0.305 1.195 38 116 60
-1.705 0.305 1.195 38 116 60
-1.795 0.395 1.195 38 116 60
-1.705 0.395 1.195 38 116 60
-1.695 0.305 1.105 38 116 60
-1.605 0.305 1.105 38 116 60
-1.695 0.395 1.105 38 116 60
-1.605 0.395 1.105 38 116 60
-1.695 0.305 1.195 38 116 60
-1.605 0.305 1.195 38 116 60
-1.695 0.395 1.195 38 116 60
-1.605 0.395 1.195 38 116 60
-1.595 0.305 1.105 38 116 60
-1.505 0.305 1.105 38 116 60
-1.595 0.395 1.105 38 116 60
-1.505 0.395 1.105 38 116 60
-1.595 0.305 1.195 38 116 60
-1.505 0.305 1.195 38 116 60
-1.595 0.395 1.195 38 116 60
-1.505 0.395 1.195 38 116 60
-1.495 0.305 1.105 38 116 60
-1.405 0.305 1.105 38 116 60
-1.495 0.395 1.105 38 116 60
-1.405 0.395 1.105 38 116 60
-1.495 0.305 1.195 38 116 60
-1.405 0.305 1.195 38 116 60
-1.495 0.395 1.195 38 116 60
-1.405 0.395 1.195 38 116 60
-1.395 0.305 1.105 38 116 60
-1.305 0.305 1.105 38 116 60
-1.395 0.395 1.105 38 116 60
-1.305 0.395 1.105 38 116 60
-1.395 0.305 1.195 38 116 60
-1.305 0.305 1.195 38 116 60
-1.395 0.395 1.195 38 116 60
-1.305 0.395 1.195 38 116 60
-1.295 0.305 1.105 38 116 60
-1.205 0.305 1.105 38 116 60
-1.295 0.395 1.105 38 116 60
-1.205 0.395 1.105 38 116 60
-1.295 0.305 1.195 38 116 60
-1.205 0.305 1.195 38 116 60
-1.295 0.395 1.195 38 116 60
-1.205 0.395 1.195 38 116 60
-2.195 0.405 1.105 38 116 60
-2.105 0.405 1.105 38 116 60
-2.195 0.495 1.105 38 116 60
-2.105 0.495 1.105 38 116 60
-2.195 0.405 1.195 38 116 60
-2.105 0.405 1.195 38 116 60
-2.195 0.495 1.195 38 116 60
-2.105 0.495 1.195 38 116 60
-2.095 0.405 1.105 38 116 60
-2.005 0.405 1.105 38 116 60
-2.095 0.495 1.105 38 116 60
-2.005 0.495 1.105 38 116 60
-2.095 0.405 1.195 38 116 60
-2.005 0.405 1.195 38 116 60
-2.095 0.495 1.195 38 116 60
-2.005 0.495 1.195 38 116 60
-1.995 0.405 1.105 38 116 60
-1.905 0.405 1.105 38 116 60
-1.995 0.495 1.105 38 116 60
-1.905 0.495 1.105 38 116 60
-1.995 0.405 1.195 38 116 60
-1.905 0.405 1.195 38 116 60
-1.995 0.495 1.195 38 116 60
-1.905 0.495 1.195 38 116 60
-1.895 0.405 1.105 38 116 60
-1.805 0.405 1.105 38 116 60
-1.895 0.495 1.105 38 116 60
-1.805 0.495 1.105 38 116 60
-1.895 0.405 1.195 38 116 60
-1.805 0.405 1.195 38 116 60
-1.895 0.495 1.195 38 116 60
-1.805 0.495 1.195 38 116 60
-1.795 0.405 1.105 38 116 60
-1.705 0.405 1.105 38 116 60
-1.795 0.495 1.105 38 116 60
-1.705 0.495 1.105 38 116 60
-1.795 0.405 1.195 38 116 60
-1.705 0.405 1.195 38 116 60
-1.795 0.495 1.195 38 116 60
-1.705 0.495 1.195 38 116 60
-1.695 0.405 1.105 38 116 60
-1.605 0.405 1.105 38 116 60
-1.695 0.495 1.105 38 116 60
-1.605 0.495 1.105 38 116 60
-1.695 0.405 1.195 38 116 60
-1.605 0.405 1.195 38 116 60
-1.695 0.495 1.195 38 116 60
-1.605 0.495 1.195 38 116 60
-1.595 0.405 1.105 38 116 60
-1.505 0.405 1.105 38 116 60
-1.595 0.495 1.105 38 116 60
-1.505 0.495 1.105 38 116 60
-1.595 0.405 1.195 38 116 60
-1.505 0.405 1.195 38 116 60
-1.595 0.495 1.195 38 116 60
-1.505 0.495 1.195 38 116 60
-1.495 0.405 1.105 38 116 60
-1.405 0.405 1.105 38 116 60
-1.495 0.495 1.105 38 116 60
-1.405 0.495 1.105 38 116 60
-1.495 0.405 1.195 38 116 60
-1.405 0.405 1.195 38 116 60
-1.495 0.495 1.195 38 116 60
-1.405 0.495 1.195 38 116 60
-1.395 0.405 1.105 38 116 60
-1.305 0.405 1.105 38 116 60
-1.395 0.495 1.105 38 116 60
-1.305 0.495 1.105 38 116 60
-1.395 0.405 1.195 38 116 60
-1.305 0.405 1.195 38 116 60
-1.395 0.495 1.195 38 116 60
-1.305 0.495 1.195 38 116 60
-1.295 0.405 1.105 38 116 60
-1.205 0.405 1.105 38 116 60
-1.295 0.495 1.105 38 116 60
-1.205 0.495 1.105 38 116 60
-1.295 0.405 1.195 38 116 60
-1.205 0.405 1.195 38 116 60
-1.295 0.495 1.195 38 116 60
-1.205 0.495 1.195 38 116 60
4 0 4 6 2
4 1 3 7 5
4 0 1 5 4
4 2 6 7 3
4 0 2 3 1
4 4 5 7 6
4 8 12 14 10
4 9 11 15 13
4 8 9 13 12
4 10 14 15 11
4 8 10 11 9
4 12 13 15 14
4 16 20 22 18
4 17 19 23 21
4 16 17 21 20
4 18 22 23 19
4 16 18 19 17
4 20 21 23 22
4 24 28 30 26
4 25 27 31 29
4 24 25 29 28
4 26 30 31 27
4 24 26 27 25
4 28 29 31 30
4 32 36 38 34
4 33 35 39 37
4 32 33 37 36
4 34 38 39 35
4 32 34 35 33
4 36 37 39 38
4 40 44 46 42
4 41 43 47 45
4 40 41 45 44
4 42 46 47 43
4 40 42 43 41
4 44 45 47 46
4 48 52 54 50
4 49 51 55 53
4 48 49 53 52
4 50 54 55 51
4 48 50 51 49
4 52 53 55 54
4 56 60 62 58
4 57 59 63 61
4 56 57 61 60
4 58 62 63 59
4 56 58 59 57
4 60 61 63 62
4 64 68 70 66
4 65 67 71 69
4 64 65 69 68
4 66 70 71 67
4 64 66 67 65
4 68 69 71 70
4 72 76 78 74
4 73 75 79 77
4 72 73 77 76
4 74 78 79 75
4 72 74 75 73
4 76 77 79 78
4 80 84 86 82
4 81 83 87 85
4 80 81 85 84
4 82 86 87 83
4 80 82 83 81
4 84 85 87 86
4 88 92 94 90
4 89 91 95 93
4 88 89 93 92
4 90 94 95 91
4 88 90 91 89
4 92 93 95 94
4 96 100 102 98
4 97 99 103 101
4 96 97 101 100
4 98 102 103 99
4 96 98 99 97
4 100 101 103 102
4 104 108 110 106
4 105 107 111 109
4 104 105 109 108
4 106 110 111 107
4 104 106 107 105
4 108 109 111 110
4 112 116 118 114
4 113 115 119 117
4 112 113 117 116
4 114 118 119 115
4 112 114 115 113
4 116 117 119 118
4 120 124 126 122
4 121 123 127 125
4 120 121 125 124
4 122 126 127 123
4 120 122 123 121
4 124 125 127 126
4 128 132 134 130
4 129 131 135 133
4 128 129 133 132
4 130 134 135 131
4 128 130 131 129
4 132 133 135 134
4 136 140 142 138
4 137 139 143 141
4 136 137 141 140
4 138 142 143 139
4 136 138 139 137
4 140 141 143 142
4 144 148 150 146
4 145 147 151 149
4 144 145 149 148
4 146 150 151 147
4 144 146 147 145
4 148 149 151 150
4 152 156 158 154
4 153 155 159 157
4 152 153 157 156
4 154 158 159 155
4 152 154 155 153
4 156 157 159 158
4 160 164 166 162
4 161 163 167 165
4 160 161 165 164
4 162 166 167 163
4 160 162 163 161
4 164 165 167 166
4 168 172 174 170
4 169 171 175 173
4 168 169 173 172
4 170 174 175 171
4 168 170 171 169
4 172 173 175 174
4 176 180 182 178
4 177 179 183 181
4 176 177 181 180
4 178 182 183 179
4 176 178 179 177
4 180 181 183 182
4 184 188 190 186
4 185 187 191 189
4 184 185 189 188
4 186 190 191 187
4 184 186 187 185
4 188 189 191 190
4 192 196 198 194
4 193 195 199 197
4 192 193 197 196
4 194 198 199 195
4 192 194 195 193
4 196 197 199 198
4 200 204 206 202
4 201 203 207 205
4 200 201 205 204
4 202 206 207 203
4 200 202 203 201
4 204 205 207 206
4 208 212 214 210
4 209 211 215 213
4 208 209 213 212
4 210 214 215 211
4 208 210 211 209
4 212 213 215 214
4 216 220 222 218
4 217 219 223 221
4 216 217 221 220
4 218 222 223 219
4 216 218 219 217
4 220 221 223 222
4 224 228 230 226
4 225 227 231 229
4 224 225 229 228
4 226 230 231 227
4 224 226 227 225
4 228 229 231 230
4 232 236 238 234
4 233 235 239 237
4 232 233 237 236
4 234 238 239 235
4 232 234 235 233
4 236 237 239 238
4 240 244 246 242
4 241 243 247 245
4 240 241 245 244
4 242 246 247 243
4 240 242 243 241
4 244 245 247 246
4 248 252 254 250
4 249 251 255 253
4 248 249 253 252
4 250 254 255 251
4 248 250 251 249
4 252 253 255 254
4 256 260 262 258
4 257 259 263 261
4 256 257 261 260
4 258 262 263 259
4 256 258 259 257
4 260 261 263 262
4 264 268 270 266
4 265 267 271 269
4 264 265 269 268
4 266 270 271 267
4 264 266 267 265
4 268 269 271 270
4 272 276 278 274
4 273 275 279 277
4 272 273 277 276
4 274 278 279 275
4 272 274 275 273
4 276 277 279 278
4 280 284 286 282
4 281 283 287 285
4 280 281 285 284
4 282 286 287 283
4 280 282 283 281
4 284 285 287 286
4 288 292 294 290
4 289 291 295 293
4 288 289 293 292
4 290 294 295 291
4 288 290 291 289
4 292 293 295 294
4 296 300 302 298
4 297 299 303 301
4 296 297 301 300
4 298 302 303 299
4 296 298 299 297
4 300 301 303 302
4 304 308 310 306
4 305 307 311 309
4 304 305 309 308
4 306 310 311 307
4 304 306 307 305
4 308 309 311 310
4 312 316 318 314
4 313 315 319 317
4 312 313 317 316
4 314 318 319 315
4 312 314 315 313
4 316 317 319 318
4 320 324 326 322
4 321 323 327 325
4 320 321 325 324
4 322 326 327 323
4 320 322 323 321
4 324 325 327 326
4 328 332 334 330
4 329 331 335 333
4 328 329 333 332
4 330 334 335 331
4 328 330 331 329
4 332 333 335 334
4 336 340 342 338
4 337 339 343 341
4 336 337 341 340
4 338 342 343 339
4 336 338 339 337
4 340 341 343 342
4 344 348 350 346
4 345 347 351 349
4 344 345 349 348
4 346 350 351 347
4 344 346 347 345
4 348 349 351 350
4 352 356 358 354
4 353 355 359 357
4 352 353 357 356
4 354 358 359 355
4 352 354 355 353
4 356 357 359 358
4 360 364 366 362
4 361 363 367 365
4 360 361 365 364
4 362 366 367 363
4 360 362 363 361
4 364 365 367 366
4 368 372 374 370
4 369 371 375 373
4 368 369 373 372
4 370 374 375 371
4 368 370 371 369
4 372 373 375 374
4 376 380 382 378
4 377 379 383 381
4 376 377 381 380
4 378 382 383 379
4 376 378 379 377
4 380 381 383 382
4 384 388 390 386
4 385 387 391 389
4 384 385 389 388
4 386 390 391 387
4 384 386 387 385
4 388 389 391 390
4 392 396 398 394
4 393 395 399 397
4 392 393 397 396
4 394 398 399 395
4 392 394 395 393
4 396 397 399 398
4 400 404 406 402
4 401 403 407 405
4 400 401 405 404
4 402 406 407 403
4 400 402 403 401
4 404 405 407 406
4 408 412 414 410
4 409 411 415 413
4 408 409 413 412
4 410 414 415 411
4 408 410 411 409
4 412 413 415 414
4 416 420 422 418
4 417 419 423 421
4 416 417 421 420
4 418 422 423 419
4 416 418 419 417
4 420 421 423 422
4 424 428 430 426
4 425 427 431 429
4 424 425 429 428
4 426 430 431 427
4 424 426 427 425
4 428 429 431 430
4 432 436 438 434
4 433 435 439 437
4 432 433 437 436
4 434 438 439 435
4 432 434 435 433
4 436 437 439 438
4 440 444 446 442
4 441 443 447 445
4 440 441 445 444
4 442 446 447 443
4 440 442 443 441
4 444 445 447 446
4 448 452 454 450
4 449 451 455 453
4 448 449 453 452
4 450 454 455 451
4 448 450 451 449
4 452 453 455 454
4 456 460 462 458
4 457 459 463 461
4 456 457 461 460
4 458 462 463 459
4 456 458 459 457
4 460 461 463 462
4 464 468 470 466
4 465 467 471 469
4 464 465 469 468
4 466 470 471 467
4 464 466 467 465
4 468 469 471 470
4 472 476 478 474
4 473 475 479 477
4 472 473 477 476
4 474 478 479 475
4 472 474 475 473
4 476 477 479 478
4 480 484 486 482
4 481 483 487 485
4 480 481 485 484
4 482 486 487 483
4 480 482 483 481
4 484 485 487 486
4 488 492 494 490
4 489 491 495 493
4 488 489 493 492
4 490 494 495 491
4 488 490 491 489
4 492 493 495 494
4 496 500 502 498
4 497 499 503 501
4 496 497 501 500
4 498 502 503 499
4 496 498 499 497
4 500 501 503 502
4 504 508 510 506
4 505 507 511 509
4 504 505 509 508
4 506 510 511 507
4 504 506 507 505
4 508 509 511 510
4 512 516 518 514
4 513 515 519 517
4 512 513 517 516
4 514 518 519 515
4 512 514 515 513
4 516 517 519 518
4 520 524 526 522
4 521 523 527 525
4 520 521 525 524
4 522 526 527 523
4 520 522 523 521
4 524 525 527 526
4 528 532 534 530
4 529 531 535 533
4 528 529 533 532
4 530 534 535 531
4 528 530 531 529
4 532 533 535 534
4 536 540 542 538
4 537 539 543 541
4 536 537 541 540
4 538 542 543 539
4 536 538 539 537
4 540 541 543 542
4 544 548 550 546
4 545 547 551 549
4 544 545 549 548
4 546 550 551 547
4 544 546 547 545
4 548 549 551 550
4 552 556 558 554
4 553 555 559 557
4 552 553 557 556
4 554 558 559 555
4 552 554 555 553
4 556 557 559 558
4 560 564 566 562
4 561 563 567 565
4 560 561 565 564
4 562 566 567 563
4 560 562 563 561
4 564 565 567 566
4 568 572 574 570
4 569 571 575 573
4 568 569 573 572
4 570 574 575 571
4 568 570 571 569
4 572 573 575 574
4 576 580 582 578
4 577 579 583 581
4 576 577 581 580
4 578 582 583 579
4 576 578 579 577
4 580 581 583 582
4 584 588 590 586
4 585 587 591 589
4 584 585 589 588
4 586 590 591 587
4 584 586 587 585
4 588 589 591 590
4 592 596 598 594
4 593 595 599 597
4 592 593 597 596
4 594 598 599 595
4 592 594 595 593
4 596 597 599 598
4 600 604 606 602
4 601 603 607 605
4 600 601 605 604
4 602 606 607 603
4 600 602 603 601
4 604 605 607 606
4 608 612 614 610
4 609 611 615 613
4 608 609 613 612
4 610 614 615 611
4 608 610 611 609
4 612 613 615 614
4 616 620 622 618
4 617 619 623 621
4 616 617 621 620
4 618 622 623 619
4 616 618 619 617
4 620 621 623 622
4 624 628 630 626
4 625 627 631 629
4 624 625 629 628
4 626 630 631 627
4 624 626 627 625
4 628 629 631 630
4 632 636 638 634
4 633 635 639 637
4 632 633 637 636
4 634 638 639 635
4 632 634 635 633
4 636 637 639 638
4 640 644 646 642
4 641 643 647 645
4 640 641 645 644
4 642 646 647 643
4 640 642 643 641
4 644 645 647 646
4 648 652 654 650
4 649 651 655 653
4 648 649 653 652
4 650 654 655 651
4 648 650 651 649
4 652 653 655 654
4 656 660 662 658
4 657 659 663 661
4 656 657 661 660
4 658 662 663 659
4 656 658 659 657
4 660 661 663 662
4 664 668 670 666
4 665 667 671 669
4 664 665 669 668
4 666 670 671 667
4 664 666 667 665
4 668 669 671 670
4 672 676 678 674
4 673 675 679 677
4 672 673 677 676
4 674 678 679 675
4 672 674 675 673
4 676 677 679 678
4 680 684 686 682
4 681 683 687 685
4 680 681 685 684
4 682 686 687 683
4 680 682 683 681
4 684 685 687 686
4 688 692 694 690
4 689 691 695 693
4 688 689 693 692
4 690 694 695 691
4 688 690 691 689
4 692 693 695 694
4 696 700 702 698
4 697 699 703 701
4 696 697 701 700
4 698 702 703 699
4 696 698 699 697
4 700 701 703 702
4 704 708 710 706
4 705 707 711 709
4 704 705 709 708
4 706 710 711 707
4 704 706 707 705
4 708 709 711 710
4 712 716 718 714
4 713 715 719 717
4 712 713 717 716
4 714 718 719 715
4 712 714 715 713
4 716 717 719 718
4 720 724 726 722
4 721 723 727 725
4 720 721 725 724
4 722 726 727 723
4 720 722 723 721
4 724 725 727 726
4 728 732 734 730
4 729 731 735 733
4 728 729 733 732
4 730 734 735 731
4 728 730 731 729
4 732 733 735 734
4 736 740 742 738
4 737 739 743 741
4 736 737 741 740
4 738 742 743 739
4 736 738 739 737
4 740 741 743 742
4 744 748 750 746
4 745 747 751 749
4 744 745 749 748
4 746 750 751 747
4 744 746 747 745
4 748 749 751 750
4 752 756 758 754
4 753 755 759 757
4 752 753 757 756
4 754 758 759 755
4 752 754 755 753
4 756 757 759 758
4 760 764 766 762
4 761 763 767 765
4 760 761 765 764
4 762 766 767 763
4 760 762 763 761
4 764 765 767 766
4 768 772 774 770
4 769 771 775 773
4 768 769 773 772
4 770 774 775 771
4 768 770 771 769
4 772 773 775 774
4 776 780 782 778
4 777 779 783 781
4 776 777 781 780
4 778 782 783 779
4 776 778 779 777
4 780 781 783 782
4 784 788 790 786
4 785 787 791 789
4 784 785 789 788
4 786 790 791 787
4 784 786 787 785
4 788 789 791 790
4 792 796 798 794
4 793 795 799 797
4 792 793 797 796
4 794 798 799 795
4 792 794 795 793
4 796 797 799 798
4 800 804 806 802
4 801 803 807 805
4 800 801 805 804
4 802 806 807 803
4 800 802 803 801
4 804 805 807 806
4 808 812 814 810
4 809 811 815 813
4 808 809 813 812
4 810 814 815 811
4 808 810 811 809
4 812 813 815 814
4 816 820 822 818
4 817 819 823 821
4 816 817 821 820
4 818 822 823 819
4 816 818 819 817
4 820 821 823 822
4 824 828 830 826
4 825 827 831 829
4 824 825 829 828
4 826 830 831 827
4 824 826 827 825
4 828 829 831 830
4 832 836 838 834
4 833 835 839 837
4 832 833 837 836
4 834 838 839 835
4 832 834 835 833
4 836 837 839 838
4 840 844 846 842
4 841 843 847 845
4 840 841 845 844
4 842 846 847 843
4 840 842 843 841
4 844 845 847 846
4 848 852 854 850
4 849 851 855 853
4 848 849 853 852
4 850 854 855 851
4 848 850 851 849
4 852 853 855 854
4 856 860 862 858
4 857 859 863 861
4 856 857 861 860
4 858 862 863 859
4 856 858 859 857
4 860 861 863 862
4 864 868 870 866
4 865 867 871 869
4 864 865 869 868
4 866 870 871 867
4 864 866 867 865
4 868 869 871 870
4 872 876 878 874
4 873 875 879 877
4 872 873 877 876
4 874 878 879 875
4 872 874 875 873
4 876 877 879 878
4 880 884 886 882
4 881 883 887 885
4 880 881 885 884
4 882 886 887 883
4 880 882 883 881
4 884 885 887 886
4 888 892 894 890
4 889 891 895 893
4 888 889 893 892
4 890 894 895 891
4 888 890 891 889
4 892 893 895 894
4 896 900 902 898
4 897 899 903 901
4 896 897 901 900
4 898 902 903 899
4 896 898 899 897
4 900 901 903 902
4 904 908 910 906
4 905 907 911 909
4 904 905 909 908
4 906 910 911 907
4 904 906 907 905
4 908 909 911 910
4 912 916 918 914
4 913 915 919 917
4 912 913 917 916
4 914 918 919 915
4 912 914 915 913
4 916 917 919 918
4 920 924 926 922
4 921 923 927 925
4 920 921 925 924
4 922 926 927 923
4 920 922 923 921
4 924 925 927 926
4 928 932 934 930
4 929 931 935 933
4 928 929 933 932
4 930 934 935 931
4 928 930 931 929
4 932 933 935 934
4 936 940 942 938
4 937 939 943 941
4 936 937 941 940
4 938 942 943 939
4 936 938 939 937
4 940 941 943 942
4 944 948 950 946
4 945 947 951 949
4 944 945 949 948
4 946 950 951 947
4 944 946 947 945
4 948 949 951 950
4 952 956 958 954
4 953 955 959 957
4 952 953 957 956
4 954 958 959 955
4 952 954 955 953
4 956 957 959 958
4 960 964 966 962
4 961 963 967 965
4 960 961 965 964
4 962 966 967 963
4 960 962 963 961
4 964 965 967 966
4 968 972 974 970
4 969 971 975 973
4 968 969 973 972
4 970 974 975 971
4 968 970 971 969
4 972 973 975 974
4 976 980 982 978
4 977 979 983 981
4 976 977 981 980
4 978 982 983 979
4 976 978 979 977
4 980 981 983 982
4 984 988 990 986
4 985 987 991 989
4 984 985 989 988
4 986 990 991 987
4 984 986 987 985
4 988 989 991 990
4 992 996 998 994
4 993 995 999 997
4 992 993 997 996
4 994 998 999 995
4 992 994 995 993
4 996 997 999 998
4 1000 1004 1006 1002
4 1001 1003 1007 1005
4 1000 1001 1005 1004
4 1002 1006 1007 1003
4 1000 1002 1003 1001
4 1004 1005 1007 1006
4 1008 1012 1014 1010
4 1009 1011 1015 1013
4 1008 1009 1013 1012
4 1010 1014 1015 1011
4 1008 1010 1011 1009
4 1012 1013 1015 1014
4 1016 1020 1022 1018
4 1017 1019 1023 1021
4 1016 1017 1021 1020
4 1018 1022 1023 1019
4 1016 1018 1019 1017
4 1020 1021 1023 1022
4 1024 1028 1030 1026
4 1025 1027 1031 1029
4 1024 1025 1029 1028
4 1026 1030 1031 1027
4 1024 1026 1027 1025
4 1028 1029 1031 1030
4 1032 1036 1038 1034
4 1033 1035 1039 1037
4 1032 1033 1037 1036
4 1034 1038 1039 1035
4 1032 1034 1035 1033
4 1036 1037 1039 1038
4 1040 1044 1046 1042
4 1041 1043 1047 1045
4 1040 1041 1045 1044
4 1042 1046 1047 1043
4 1040 1042 1043 1041
4 1044 1045 1047 1046
4 1048 1052 1054 1050
4 1049 1051 1055 1053
4 1048 1049 1053 1052
4 1050 1054 1055 1051
4 1048 1050 1051 1049
4 1052 1053 1055 1054
4 1056 1060 1062 1058
4 1057 1059 1063 1061
4 1056 1057 1061 1060
4 1058 1062 1063 1059
4 1056 1058 1059 1057
4 1060 1061 1063 1062
4 1064 1068 1070 1066
4 1065 1067 1071 1069
4 1064 1065 1069 1068
4 1066 1070 1071 1067
4 1064 1066 1067 1065
4 1068 1069 1071 1070
4 1072 1076 1078 1074
4 1073 1075 1079 1077
4 1072 1073 1077 1076
4 1074 1078 1079 1075
4 1072 1074 1075 1073
4 1076 1077 1079 1078
4 1080 1084 1086 1082
4 1081 1083 1087 1085
4 1080 1081 1085 1084
4 1082 1086 1087 1083
4 1080 1082 1083 1081
4 1084 1085 1087 1086
4 1088 1092 1094 1090
4 1089 1091 1095 1093
4 1088 1089 1093 1092
4 1090 1094 1095 1091
4 1088 1090 1091 1089
4 1092 1093 1095 1094
4 1096 1100 1102 1098
4 1097 1099 1103 1101
4 1096 1097 1101 1100
4 1098 1102 1103 1099
4 1096 1098 1099 1097
4 1100 1101 1103 1102
4 1104 1108 1110 1106
4 1105 1107 1111 1109
4 1104 1105 1109 1108
4 1106 1110 1111 1107
4 1104 1106 1107 1105
4 1108 1109 1111 1110
4 1112 1116 1118 1114
4 1113 1115 1119 1117
4 1112 1113 1117 1116
4 1114 1118 1119 1115
4 1112 1114 1115 1113
4 1116 1117 1119 1118
4 1120 1124 1126 1122
4 1121 1123 1127 1125
4 1120 1121 1125 1124
4 1122 1126 1127 1123
4 1120 1122 1123 1121
4 1124 1125 1127 1126
4 1128 1132 1134 1130
4 1129 1131 1135 1133
4 1128 1129 1133 1132
4 1130 1134 1135 1131
4 1128 1130 1131 1129
4 1132 1133 1135 1134
4 1136 1140 1142 1138
4 1137 1139 1143 1141
4 1136 1137 1141 1140
4 1138 1142 1143 1139
4 1136 1138 1139 1137
4 1140 1141 1143 1142
4 1144 1148 1150 1146
4 1145 1147 1151 1149
4 1144 1145 1149 1148
4 1146 1150 1151 1147
4 1144 1146 1147 1145
4 1148 1149 1151 1150
4 1152 1156 1158 1154
4 1153 1155 1159 1157
4 1152 1153 1157 1156
4 1154 1158 1159 1155
4 1152 1154 1155 1153
4 1156 1157 1159 1158
4 1160 1164 1166 1162
4 1161 1163 1167 1165
4 1160 1161 1165 1164
4 1162 1166 1167 1163
4 1160 1162 1163 1161
4 1164 1165 1167 1166
4 1168 1172 1174 1170
4 1169 1171 1175 1173
4 1168 1169 1173 1172
4 1170 1174 1175 1171
4 1168 1170 1171 1169
4 1172 1173 1175 1174
4 1176 1180 1182 1178
4 1177 1179 1183 1181
4 1176 1177 1181 1180
4 1178 1182 1183 1179
4 1176 1178 1179 1177
4 1180 1181 1183 1182
4 1184 1188 1190 1186
4 1185 1187 1191 1189
4 1184 1185 1189 1188
4 1186 1190 1191 1187
4 1184 1186 1187 1185
4 1188 1189 1191 1190
4 1192 1196 1198 1194
4 1193 1195 1199 1197
4 1192 1193 1197 1196
4 1194 1198 1199 1195
4 1192 1194 1195 1193
4 1196 1197 1199 1198
4 1200 1204 1206 1202
4 1201 1203 1207 1205
4 1200 1201 1205 1204
4 1202 1206 1207 1203
4 1200 1202 1203 1201
4 1204 1205 1207 1206
4 1208 1212 1214 1210
4 1209 1211 1215 1213
4 1208 1209 1213 1212
4 1210 1214 1215 1211
4 1208 1210 1211 1209
4 1212 1213 1215 1214
4 1216 1220 1222 1218
4 1217 1219 1223 1221
4 1216 1217 1221 1220
4 1218 1222 1223 1219
4 1216 1218 1219 1217
4 1220 1221 1223 1222
4 1224 1228 1230 1226
4 1225 1227 1231 1229
4 1224 1225 1229 1228
4 1226 1230 1231 1227
4 1224 1226 1227 1225
4 1228 1229 1231 1230
4 1232 1236 1238 1234
4 1233 1235 1239 1237
4 1232 1233 1237 1236
4 1234 1238 1239 1235
4 1232 1234 1235 1233
4 1236 1237 1239 1238
4 1240 1244 1246 1242
4 1241 1243 1247 1245
4 1240 1241 1245 1244
4 1242 1246 1247 1243
4 1240 1242 1243 1241
4 1244 1245 1247 1246
4 1248 1252 1254 1250
4 1249 1251 1255 1253
4 1248 1249 1253 1252
4 1250 1254 1255 1251
4 1248 1250 1251 1249
4 1252 1253 1255 1254
4 1256 1260 1262 1258
4 1257 1259 1263 1261
4 1256 1257 1261 1260
4 1258 1262 1263 1259
4 1256 1258 1259 1257
4 1260 1261 1263 1262
4 1264 1268 1270 1266
4 1265 1267 1271 1269
4 1264 1265 1269 1268
4 1266 1270 1271 1267
4 1264 1266 1267 1265
4 1268 1269 1271 1270
4 1272 1276 1278 1274
4 1273 1275 1279 1277
4 1272 1273 1277 1276
4 1274 1278 1279 1275
4 1272 1274 1275 1273
4 1276 1277 1279 1278
4 1280 1284 1286 1282
4 1281 1283 1287 1285
4 1280 1281 1285 1284
4 1282 1286 1287 1283
4 1280 1282 1283 1281
4 1284 1285 1287 1286
4 1288 1292 1294 1290
4 1289 1291 1295 1293
4 1288 1289 1293 1292
4 1290 1294 1295 1291
4 1288 1290 1291 1289
4 1292 1293 1295 1294
4 1296 1300 1302 1298
4 1297 1299 1303 1301
4 1296 1297 1301 1300
4 1298 1302 1303 1299
4 1296 1298 1299 1297
4 1300 1301 1303 1302
4 1304 1308 1310 1306
4 1305 1307 1311 1309
4 1304 1305 1309 1308
4 1306 1310 1311 1307
4 1304 1306 1307 1305
4 1308 1309 1311 1310
4 1312 1316 1318 1314
4 1313 1315 1319 1317
4 1312 1313 1317 1316
4 1314 1318 1319 1315
4 1312 1314 1315 1313
4 1316 1317 1319 1318
4 1320 1324 1326 1322
4 1321 1323 1327 1325
4 1320 1321 1325 1324
4 1322 1326 1327 1323
4 1320 1322 1323 1321
4 1324 1325 1327 1326
4 1328 1332 1334 1330
4 1329 1331 1335 1333
4 1328 1329 1333 1332
4 1330 1334 1335 1331
4 1328 1330 1331 1329
4 1332 1333 1335 1334
4 1336 1340 1342 1338
4 1337 1339 1343 1341
4 1336 1337 1341 1340
4 1338 1342 1343 1339
4 1336 1338 1339 1337
4 1340 1341 1343 1342
4 1344 1348 1350 1346
4 1345 1347 1351 1349
4 1344 1345 1349 1348
4 1346 1350 1351 1347
4 1344 1346 1347 1345
4 1348 1349 1351 1350
4 1352 1356 1358 1354
4 1353 1355 1359 1357
4 1352 1353 1357 1356
4 1354 1358 1359 1355
4 1352 1354 1355 1353
4 1356 1357 1359 1358
4 1360 1364 1366 1362
4 1361 1363 1367 1365
4 1360 1361 1365 1364
4 1362 1366 1367 1363
4 1360 1362 1363 1361
4 1364 1365 1367 1366
4 1368 1372 1374 1370
4 1369 1371 1375 1373
4 1368 1369 1373 1372
4 1370 1374 1375 1371
4 1368 1370 1371 1369
4 1372 1373 1375 1374
4 1376 1380 1382 1378
4 1377 1379 1383 1381
4 1376 1377 1381 1380
4 1378 1382 1383 1379
4 1376 1378 1379 1377
4 1380 1381 1383 1382
4 1384 1388 1390 1386
4 1385 1387 1391 1389
4 1384 1385 1389 1388
4 1386 1390 1391 1387
4 1384 1386 1387 1385
4 1388 1389 1391 1390
4 1392 1396 1398 1394
4 1393 1395 1399 1397
4 1392 1393 1397 1396
4 1394 1398 1399 1395
4 1392 1394 1395 1393
4 1396 1397 1399 1398
4 1400 1404 1406 1402
4 1401 1403 1407 1405
4 1400 1401 1405 1404
4 1402 1406 1407 1403
4 1400 1402 1403 1401
4 1404 1405 1407 1406
4 1408 1412 1414 1410
4 1409 1411 1415 1413
4 1408 1409 1413 1412
4 1410 1414 1415 1411
4 1408 1410 1411 1409
4 1412 1413 1415 1414
4 1416 1420 1422 1418
4 1417 1419 1423 1421
4 1416 1417 1421 1420
4 1418 1422 1423 1419
4 1416 1418 1419 1417
4 1420 1421 1423 1422
4 1424 1428 1430 1426
4 1425 1427 1431 1429
4 1424 1425 1429 1428
4 1426 1430 1431 1427
4 1424 1426 1427 1425
4 1428 1429 1431 1430
4 1432 1436 1438 1434
4 1433 1435 1439 1437
4 1432 1433 1437 1436
4 1434 1438 1439 1435
4 1432 1434 1435 1433
4 1436 1437 1439 1438
4 1440 1444 1446 1442
4 1441 1443 1447 1445
4 1440 1441 1445 1444
4 1442 1446 1447 1443
4 1440 1442 1443 1441
4 1444 1445 1447 1446
4 1448 1452 1454 1450
4 1449 1451 1455 1453
4 1448 1449 1453 1452
4 1450 1454 1455 1451
4 1448 1450 1451 1449
4 1452 1453 1455 1454
4 1456 1460 1462 1458
4 1457 1459 1463 1461
4 1456 1457 1461 1460
4 1458 1462 1463 1459
4 1456 1458 1459 1457
4 1460 1461 1463 1462
4 1464 1468 1470 1466
4 1465 1467 1471 1469
4 1464 1465 1469 1468
4 1466 1470 1471 1467
4 1464 1466 1467 1465
4 1468 1469 1471 1470
4 1472 1476 1478 1474
4 1473 1475 1479 1477
4 1472 1473 1477 1476
4 1474 1478 1479 1475
4 1472 1474 1475 1473
4 1476 1477 1479 1478
4 1480 1484 1486 1482
4 1481 1483 1487 1485
4 1480 1481 1485 1484
4 1482 1486 1487 1483
4 1480 1482 1483 1481
4 1484 1485 1487 1486
4 1488 1492 1494 1490
4 1489 1491 1495 1493
4 1488 1489 1493 1492
4 1490 1494 1495 1491
4 1488 1490 1491 1489
4 1492 1493 1495 1494
4 1496 1500 1502 1498
4 1497 1499 1503 1501
4 1496 1497 1501 1500
4 1498 1502 1503 1499
4 1496 1498 1499 1497
4 1500 1501 1503 1502
4 1504 1508 1510 1506
4 1505 1507 1511 1509
4 1504 1505 1509 1508
4 1506 1510 1511 1507
4 1504 1506 1507 1505
4 1508 1509 1511 1510
4 1512 1516 1518 1514
4 1513 1515 1519 1517
4 1512 1513 1517 1516
4 1514 1518 1519 1515
4 1512 1514 1515 1513
4 1516 1517 1519 1518
4 1520 1524 1526 1522
4 1521 1523 1527 1525
4 1520 1521 1525 1524
4 1522 1526 1527 1523
4 1520 1522 1523 1521
4 1524 1525 1527 1526
4 1528 1532 1534 1530
4 1529 1531 1535 1533
4 1528 1529 1533 1532
4 1530 1534 1535 1531
4 1528 1530 1531 1529
4 1532 1533 1535 1534
4 1536 1540 1542 1538
4 1537 1539 1543 1541
4 1536 1537 1541 1540
4 1538 1542 1543 1539
4 1536 1538 1539 1537
4 1540 1541 1543 1542
4 1544 1548 1550 1546
4 1545 1547 1551 1549
4 1544 1545 1549 1548
4 1546 1550 1551 1547
4 1544 1546 1547 1545
4 1548 1549 1551 1550
4 1552 1556 1558 1554
4 1553 1555 1559 1557
4 1552 1553 1557 1556
4 1554 1558 1559 1555
4 1552 1554 1555 1553
4 1556 1557 1559 1558
4 1560 1564 1566 1562
4 1561 1563 1567 1565
4 1560 1561 1565 1564
4 1562 1566 1567 1563
4 1560 1562 1563 1561
4 1564 1565 1567 1566
4 1568 1572 1574 1570
4 1569 1571 1575 1573
4 1568 1569 1573 1572
4 1570 1574 1575 1571
4 1568 1570 1571 1569
4 1572 1573 1575 1574
4 1576 1580 1582 1578
4 1577 1579 1583 1581
4 1576 1577 1581 1580
4 1578 1582 1583 1579
4 1576 1578 1579 1577
4 1580 1581 1583 1582
4 1584 1588 1590 1586
4 1585 1587 1591 1589
4 1584 1585 1589 1588
4 1586 1590 1591 1587
4 1584 1586 1587 1585
4 1588 1589 1591 1590
4 1592 1596 1598 1594
4 1593 1595 1599 1597
4 1592 1593 1597 1596
4 1594 1598 1599 1595
4 1592 1594 1595 1593
4 1596 1597 1599 1598
4 1600 1604 1606 1602
4 1601 1603 1607 1605
4 1600 1601 1605 1604
4 1602 1606 1607 1603
4 1600 1602 1603 1601
4 1604 1605 1607 1606
4 1608 1612 1614 1610
4 1609 1611 1615 1613
4 1608 1609 1613 1612
4 1610 1614 1615 1611
4 1608 1610 1611 1609
4 1612 1613 1615 1614
4 1616 1620 1622 1618
4 1617 1619 1623 1621
4 1616 1617 1621 1620
4 1618 1622 1623 1619
4 1616 1618 1619 1617
4 1620 1621 1623 1622
4 1624 1628 1630 1626
4 1625 1627 1631 1629
4 1624 1625 1629 1628
4 1626 1630 1631 1627
4 1624 1626 1627 1625
4 1628 1629 1631 1630
4 1632 1636 1638 1634
4 1633 1635 1639 1637
4 1632 1633 1637 1636
4 1634 1638 1639 1635
4 1632 1634 1635 1633
4 1636 1637 1639 1638
4 1640 1644 1646 1642
4 1641 1643 1647 1645
4 1640 1641 1645 1644
4 1642 1646 1647 1643
4 1640 1642 1643 1641
4 1644 1645 1647 1646
4 1648 1652 1654 1650
4 1649 1651 1655 1653
4 1648 1649 1653 1652
4 1650 1654 1655 1651
4 1648 1650 1651 1649
4 1652 1653 1655 1654
4 1656 1660 1662 1658
4 1657 1659 1663 1661
4 1656 1657 1661 1660
4 1658 1662 1663 1659
4 1656 1658 1659 1657
4 1660 1661 1663 1662
4 1664 1668 1670 1666
4 1665 1667 1671 1669
4 1664 1665 1669 1668
4 1666 1670 1671 1667
4 1664 1666 1667 1665
4 1668 1669 1671 1670
4 1672 1676 1678 1674
4 1673 1675 1679 1677
4 1672 1673 1677 1676
4 1674 1678 1679 1675
4 1672 1674 1675 1673
4 1676 1677 1679 1678
4 1680 1684 1686 1682
4 1681 1683 1687 1685
4 1680 1681 1685 1684
4 1682 1686 1687 1683
4 1680 1682 1683 1681
4 1684 1685 1687 1686
4 1688 1692 1694 1690
4 1689 1691 1695 1693
4 1688 1689 1693 1692
4 1690 1694 1695 1691
4 1688 1690 1691 1689
4 1692 1693 1695 1694
4 1696 1700 1702 1698
4 1697 1699 1703 1701
4 1696 1697 1701 1700
4 1698 1702 1703 1699
4 1696 1698 1699 1697
4 1700 1701 1703 1702
4 1704 1708 1710 1706
4 1705 1707 1711 1709
4 1704 1705 1709 1708
4 1706 1710 1711 1707
4 1704 1706 1707 1705
4 1708 1709 1711 1710
4 1712 1716 1718 1714
4 1713 1715 1719 1717
4 1712 1713 1717 1716
4 1714 1718 1719 1715
4 1712 1714 1715 1713
4 1716 1717 1719 1718
4 1720 1724 1726 1722
4 1721 1723 1727 1725
4 1720 1721 1725 1724
4 1722 1726 1727 1723
4 1720 1722 1723 1721
4 1724 1725 1727 1726
4 1728 1732 1734 1730
4 1729 1731 1735 1733
4 1728 1729 1733 1732
4 1730 1734 1735 1731
4 1728 1730 1731 1729
4 1732 1733 1735 1734
4 1736 1740 1742 1738
4 1737 1739 1743 1741
4 1736 1737 1741 1740
4 1738 1742 1743 1739
4 1736 1738 1739 1737
4 1740 1741 1743 1742
4 1744 1748 1750 1746
4 1745 1747 1751 1749
4 1744 1745 1749 1748
4 1746 1750 1751 1747
4 1744 1746 1747 1745
4 1748 1749 1751 1750
4 1752 1756 1758 1754
4 1753 1755 1759 1757
4 1752 1753 1757 1756
4 1754 1758 1759 1755
4 1752 1754 1755 1753
4 1756 1757 1759 1758
4 1760 1764 1766 1762
4 1761 1763 1767 1765
4 1760 1761 1765 1764
4 1762 1766 1767 1763
4 1760 1762 1763 1761
4 1764 1765 1767 1766
4 1768 1772 1774 1770
4 1769 1771 1775 1773
4 1768 1769 1773 1772
4 1770 1774 1775 1771
4 1768 1770 1771 1769
4 1772 1773 1775 1774
4 1776 1780 1782 1778
4 1777 1779 1783 1781
4 1776 1777 1781 1780
4 1778 1782 1783 1779
4 1776 1778 1779 1777
4 1780 1781 1783 1782
4 1784 1788 1790 1786
4 1785 1787 1791 1789
4 1784 1785 1789 1788
4 1786 1790 1791 1787
4 1784 1786 1787 1785
4 1788 1789 1791 1790
4 1792 1796 1798 1794
4 1793 1795 1799 1797
4 1792 1793 1797 1796
4 1794 1798 1799 1795
4 1792 1794 1795 1793
4 1796 1797 1799 1798
4 1800 1804 1806 1802
4 1801 1803 1807 1805
4 1800 1801 1805 1804
4 1802 1806 1807 1803
4 1800 1802 1803 1801
4 1804 1805 1807 1806
4 1808 1812 1814 1810
4 1809 1811 1815 1813
4 1808 1809 1813 1812
4 1810 1814 1815 1811
4 1808 1810 1811 1809
4 1812 1813 1815 1814
4 1816 1820 1822 1818
4 1817 1819 1823 1821
4 1816 1817 1821 1820
4 1818 1822 1823 1819
4 1816 1818 1819 1817
4 1820 1821 1823 1822
4 1824 1828 1830 1826
4 1825 1827 1831 1829
4 1824 1825 1829 1828
4 1826 1830 1831 1827
4 1824 1826 1827 1825
4 1828 1829 1831 1830
4 1832 1836 1838 1834
4 1833 1835 1839 1837
4 1832 1833 1837 1836
4 1834 1838 1839 1835
4 1832 1834 1835 1833
4 1836 1837 1839 1838
4 1840 1844 1846 1842
4 1841 1843 1847 1845
4 1840 1841 1845 1844
4 1842 1846 1847 1843
4 1840 1842 1843 1841
4 1844 1845 1847 1846
4 1848 1852 1854 1850
4 1849 1851 1855 1853
4 1848 1849 1853 1852
4 1850 1854 1855 1851
4 1848 1850 1851 1849
4 1852 1853 1855 1854
4 1856 1860 1862 1858
4 1857 1859 1863 1861
4 1856 1857 1861 1860
4 1858 1862 1863 1859
4 1856 1858 1859 1857
4 1860 1861 1863 1862
4 1864 1868 1870 1866
4 1865 1867 1871 1869
4 1864 1865 1869 1868
4 1866 1870 1871 1867
4 1864 1866 1867 1865
4 1868 1869 1871 1870
4 1872 1876 1878 1874
4 1873 1875 1879 1877
4 1872 1873 1877 1876
4 1874 1878 1879 1875
4 1872 1874 1875 1873
4 1876 1877 1879 1878
4 1880 1884 1886 1882
4 1881 1883 1887 1885
4 1880 1881 1885 1884
4 1882 1886 1887 1883
4 1880 1882 1883 1881
4 1884 1885 1887 1886
4 1888 1892 1894 1890
4 1889 1891 1895 1893
4 1888 1889 1893 1892
4 1890 1894 1895 1891
4 1888 1890 1891 1889
4 1892 1893 1895 1894
4 1896 1900 1902 1898
4 1897 1899 1903 1901
4 1896 1897 1901 1900
4 1898 1902 1903 1899
4 1896 1898 1899 1897
4 1900 1901 1903 1902
4 1904 1908 1910 1906
4 1905 1907 1911 1909
4 1904 1905 1909 1908
4 1906 1910 1911 1907
4 1904 1906 1907 1905
4 1908 1909 1911 1910
4 1912 1916 1918 1914
4 1913 1915 1919 1917
4 1912 1913 1917 1916
4 1914 1918 1919 1915
4 1912 1914 1915 1913
4 1916 1917 1919 1918
4 1920 1924 1926 1922
4 1921 1923 1927 1925
4 1920 1921 1925 1924
4 1922 1926 1927 1923
4 1920 1922 1923 1921
4 1924 1925 1927 1926
4 1928 1932 1934 1930
4 1929 1931 1935 1933
4 1928 1929 1933 1932
4 1930 1934 1935 1931
4 1928 1930 1931 1929
4 1932 1933 1935 1934
4 1936 1940 1942 1938
4 1937 1939 1943 1941
4 1936 1937 1941 1940
4 1938 1942 1943 1939
4 1936 1938 1939 1937
4 1940 1941 1943 1942
4 1944 1948 1950 1946
4 1945 1947 1951 1949
4 1944 1945 1949 1948
4 1946 1950 1951 1947
4 1944 1946 1947 1945
4 1948 1949 1951 1950
4 1952 1956 1958 1954
4 1953 1955 1959 1957
4 1952 1953 1957 1956
4 1954 1958 1959 1955
4 1952 1954 1955 1953
4 1956 1957 1959 1958
4 1960 1964 1966 1962
4 1961 1963 1967 1965
4 1960 1961 1965 1964
4 1962 1966 1967 1963
4 1960 1962 1963 1961
4 1964 1965 1967 1966
4 1968 1972 1974 1970
4 1969 1971 1975 1973
4 1968 1969 1973 1972
4 1970 1974 1975 1971
4 1968 1970 1971 1969
4 1972 1973 1975 1974
4 1976 1980 1982 1978
4 1977 1979 1983 1981
4 1976 1977 1981 1980
4 1978 1982 1983 1979
4 1976 1978 1979 1977
4 1980 1981 1983 1982
4 1984 1988 1990 1986
4 1985 1987 1991 1989
4 1984 1985 1989 1988
4 1986 1990 1991 1987
4 1984 1986 1987 1985
4 1988 1989 1991 1990
4 1992 1996 1998 1994
4 1993 1995 1999 1997
4 1992 1993 1997 1996
4 1994 1998 1999 1995
4 1992 1994 1995 1993
4 1996 1997 1999 1998
4 2000 2004 2006 2002
4 2001 2003 2007 2005
4 2000 2001 2005 2004
4 2002 2006 2007 2003
4 2000 2002 2003 2001
4 2004 2005 2007 2006
4 2008 2012 2014 2010
4 2009 2011 2015 2013
4 2008 2009 2013 2012
4 2010 2014 2015 2011
4 2008 2010 2011 2009
4 2012 2013 2015 2014
4 2016 2020 2022 2018
4 2017 2019 2023 2021
4 2016 2017 2021 2020
4 2018 2022 2023 2019
4 2016 2018 2019 2017
4 2020 2021 2023 2022
4 2024 2028 2030 2026
4 2025 2027 2031 2029
4 2024 2025 2029 2028
4 2026 2030 2031 2027
4 2024 2026 2027 2025
4 2028 2029 2031 2030
4 2032 2036 2038 2034
4 2033 2035 2039 2037
4 2032 2033 2037 2036
4 2034 2038 2039 2035
4 2032 2034 2035 2033
4 2036 2037 2039 2038
4 2040 2044 2046 2042
4 2041 2043 2047 2045
4 2040 2041 2045 2044
4 2042 2046 2047 2043
4 2040 2042 2043 2041
4 2044 2045 2047 2046
4 2048 2052 2054 2050
4 2049 2051 2055 2053
4 2048 2049 2053 2052
4 2050 2054 2055 2051
4 2048 2050 2051 2049
4 2052 2053 2055 2054
4 2056 2060 2062 2058
4 2057 2059 2063 2061
4 2056 2057 2061 2060
4 2058 2062 2063 2059
4 2056 2058 2059 2057
4 2060 2061 2063 2062
4 2064 2068 2070 2066
4 2065 2067 2071 2069
4 2064 2065 2069 2068
4 2066 2070 2071 2067
4 2064 2066 2067 2065
4 2068 2069 2071 2070
4 2072 2076 2078 2074
4 2073 2075 2079 2077
4 2072 2073 2077 2076
4 2074 2078 2079 2075
4 2072 2074 2075 2073
4 2076 2077 2079 2078
4 2080 2084 2086 2082
4 2081 2083 2087 2085
4 2080 2081 2085 2084
4 2082 2086 2087 2083
4 2080 2082 2083 2081
4 2084 2085 2087 2086
4 2088 2092 2094 2090
4 2089 2091 2095 2093
4 2088 2089 2093 2092
4 2090 2094 2095 2091
4 2088 2090 2091 2089
4 2092 2093 2095 2094
4 2096 2100 2102 2098
4 2097 2099 2103 2101
4 2096 2097 2101 2100
4 2098 2102 2103 2099
4 2096 2098 2099 2097
4 2100 2101 2103 2102
4 2104 2108 2110 2106
4 2105 2107 2111 2109
4 2104 2105 2109 2108
4 2106 2110 2111 2107
4 2104 2106 2107 2105
4 2108 2109 2111 2110
4 2112 2116 2118 2114
4 2113 2115 2119 2117
4 2112 2113 2117 2116
4 2114 2118 2119 2115
4 2112 2114 2115 2113
4 2116 2117 2119 2118
4 2120 2124 2126 2122
4 2121 2123 2127 2125
4 2120 2121 2125 2124
4 2122 2126 2127 2123
4 2120 2122 2123 2121
4 2124 2125 2127 2126
4 2128 2132 2134 2130
4 2129 2131 2135 2133
4 2128 2129 2133 2132
4 2130 2134 2135 2131
4 2128 2130 2131 2129
4 2132 2133 2135 2134
4 2136 2140 2142 2138
4 2137 2139 2143 2141
4 2136 2137 2141 2140
4 2138 2142 2143 2139
4 2136 2138 2139 2137
4 2140 2141 2143 2142
4 2144 2148 2150 2146
4 2145 2147 2151 2149
4 2144 2145 2149 2148
4 2146 2150 2151 2147
4 2144 2146 2147 2145
4 2148 2149 2151 2150
4 2152 2156 2158 2154
4 2153 2155 2159 2157
4 2152 2153 2157 2156
4 2154 2158 2159 2155
4 2152 2154 2155 2153
4 2156 2157 2159 2158
4 2160 2164 2166 2162
4 2161 2163 2167 2165
4 2160 2161 2165 2164
4 2162 2166 2167 2163
4 2160 2162 2163 2161
4 2164 2165 2167 2166
4 2168 2172 2174 2170
4 2169 2171 2175 2173
4 2168 2169 2173 2172
4 2170 2174 2175 2171
4 2168 2170 2171 2169
4 2172 2173 2175 2174
4 2176 2180 2182 2178
4 2177 2179 2183 2181
4 2176 2177 2181 2180
4 2178 2182 2183 2179
4 2176 2178 2179 2177
4 2180 2181 2183 2182
4 2184 2188 2190 2186
4 2185 2187 2191 2189
4 2184 2185 2189 2188
4 2186 2190 2191 2187
4 2184 2186 2187 2185
4 2188 2189 2191 2190
4 2192 2196 2198 2194
4 2193 2195 2199 2197
4 2192 2193 2197 2196
4 2194 2198 2199 2195
4 2192 2194 2195 2193
4 2196 2197 2199 2198
4 2200 2204 2206 2202
4 2201 2203 2207 2205
4 2200 2201 2205 2204
4 2202 2206 2207 2203
4 2200 2202 2203 2201
4 2204 2205 2207 2206
4 2208 2212 2214 2210
4 2209 2211 2215 2213
4 2208 2209 2213 2212
4 2210 2214 2215 2211
4 2208 2210 2211 2209
4 2212 2213 2215 2214
4 2216 2220 2222 2218
4 2217 2219 2223 2221
4 2216 2217 2221 2220
4 2218 2222 2223 2219
4 2216 2218 2219 2217
4 2220 2221 2223 2222
4 2224 2228 2230 2226
4 2225 2227 2231 2229
4 2224 2225 2229 2228
4 2226 2230 2231 2227
4 2224 2226 2227 2225
4 2228 2229 2231 2230
4 2232 2236 2238 2234
4 2233 2235 2239 2237
4 2232 2233 2237 2236
4 2234 2238 2239 2235
4 2232 2234 2235 2233
4 2236 2237 2239 2238
4 2240 2244 2246 2242
4 2241 2243 2247 2245
4 2240 2241 2245 2244
4 2242 2246 2247 2243
4 2240 2242 2243 2241
4 2244 2245 2247 2246
4 2248 2252 2254 2250
4 2249 2251 2255 2253
4 2248 2249 2253 2252
4 2250 2254 2255 2251
4 2248 2250 2251 2249
4 2252 2253 2255 2254
4 2256 2260 2262 2258
4 2257 2259 2263 2261
4 2256 2257 2261 2260
4 2258 2262 2263 2259
4 2256 2258 2259 2257
4 2260 2261 2263 2262
4 2264 2268 2270 2266
4 2265 2267 2271 2269
4 2264 2265 2269 2268
4 2266 2270 2271 2267
4 2264 2266 2267 2265
4 2268 2269 2271 2270
4 2272 2276 2278 2274
4 2273 2275 2279 2277
4 2272 2273 2277 2276
4 2274 2278 2279 2275
4 2272 2274 2275 2273
4 2276 2277 2279 2278
4 2280 2284 2286 2282
4 2281 2283 2287 2285
4 2280 2281 2285 2284
4 2282 2286 2287 2283
4 2280 2282 2283 2281
4 2284 2285 2287 2286
4 2288 2292 2294 2290
4 2289 2291 2295 2293
4 2288 2289 2293 2292
4 2290 2294 2295 2291
4 2288 2290 2291 2289
4 2292 2293 2295 2294
4 2296 2300 2302 2298
4 2297 2299 2303 2301
4 2296 2297 2301 2300
4 2298 2302 2303 2299
4 2296 2298 2299 2297
4 2300 2301 2303 2302
4 2304 2308 2310 2306
4 2305 2307 2311 2309
4 2304 2305 2309 2308
4 2306 2310 2311 2307
4 2304 2306 2307 2305
4 2308 2309 2311 2310
4 2312 2316 2318 2314
4 2313 2315 2319 2317
4 2312 2313 2317 2316
4 2314 2318 2319 2315
4 2312 2314 2315 2313
4 2316 2317 2319 2318
4 2320 2324 2326 2322
4 2321 2323 2327 2325
4 2320 2321 2325 2324
4 2322 2326 2327 2323
4 2320 2322 2323 2321
4 2324 2325 2327 2326
4 2328 2332 2334 2330
4 2329 2331 2335 2333
4 2328 2329 2333 2332
4 2330 2334 2335 2331
4 2328 2330 2331 2329
4 2332 2333 2335 2334
4 2336 2340 2342 2338
4 2337 2339 2343 2341
4 2336 2337 2341 2340
4 2338 2342 2343 2339
4 2336 2338 2339 2337
4 2340 2341 2343 2342
4 2344 2348 2350 2346
4 2345 2347 2351 2349
4 2344 2345 2349 2348
4 2346 2350 2351 2347
4 2344 2346 2347 2345
4 2348 2349 2351 2350
4 2352 2356 2358 2354
4 2353 2355 2359 2357
4 2352 2353 2357 2356
4 2354 2358 2359 2355
4 2352 2354 2355 2353
4 2356 2357 2359 2358
4 2360 2364 2366 2362
4 2361 2363 2367 2365
4 2360 2361 2365 2364
4 2362 2366 2367 2363
4 2360 2362 2363 2361
4 2364 2365 2367 2366
4 2368 2372 2374 2370
4 2369 2371 2375 2373
4 2368 2369 2373 2372
4 2370 2374 2375 2371
4 2368 2370 2371 2369
4 2372 2373 2375 2374
4 2376 2380 2382 2378
4 2377 2379 2383 2381
4 2376 2377 2381 2380
4 2378 2382 2383 2379
4 2376 2378 2379 2377
4 2380 2381 2383 2382
4 2384 2388 2390 2386
4 2385 2387 2391 2389
4 2384 2385 2389 2388
4 2386 2390 2391 2387
4 2384 2386 2387 2385
4 2388 2389 2391 2390
4 2392 2396 2398 2394
4 2393 2395 2399 2397
4 2392 2393 2397 2396
4 2394 2398 2399 2395
4 2392 2394 2395 2393
4 2396 2397 2399 2398
4 2400 2404 2406 2402
4 2401 2403 2407 2405
4 2400 2401 2405 2404
4 2402 2406 2407 2403
4 2400 2402 2403 2401
4 2404 2405 2407 2406
4 2408 2412 2414 2410
4 2409 2411 2415 2413
4 2408 2409 2413 2412
4 2410 2414 2415 2411
4 2408 2410 2411 2409
4 2412 2413 2415 2414
4 2416 2420 2422 2418
4 2417 2419 2423 2421
4 2416 2417 2421 2420
4 2418 2422 2423 2419
4 2416 2418 2419 2417
4 2420 2421 2423 2422
4 2424 2428 2430 2426
4 2425 2427 2431 2429
4 2424 2425 2429 2428
4 2426 2430 2431 2427
4 2424 2426 2427 2425
4 2428 2429 2431 2430
4 2432 2436 2438 2434
4 2433 2435 2439 2437
4 2432 2433 2437 2436
4 2434 2438 2439 2435
4 2432 2434 2435 2433
4 2436 2437 2439 2438
4 2440 2444 2446 2442
4 2441 2443 2447 2445
4 2440 2441 2445 2444
4 2442 2446 2447 2443
4 2440 2442 2443 2441
4 2444 2445 2447 2446
4 2448 2452 2454 2450
4 2449 2451 2455 2453
4 2448 2449 2453 2452
4 2450 2454 2455 2451
4 2448 2450 2451 2449
4 2452 2453 2455 2454
4 2456 2460 2462 2458
4 2457 2459 2463 2461
4 2456 2457 2461 2460
4 2458 2462 2463 2459
4 2456 2458 2459 2457
4 2460 2461 2463 2462
4 2464 2468 2470 2466
4 2465 2467 2471 2469
4 2464 2465 2469 2468
4 2466 2470 2471 2467
4 2464 2466 2467 2465
4 2468 2469 2471 2470
4 2472 2476 2478 2474
4 2473 2475 2479 2477
4 2472 2473 2477 2476
4 2474 2478 2479 2475
4 2472 2474 2475 2473
4 2476 2477 2479 2478
4 2480 2484 2486 2482
4 2481 2483 2487 2485
4 2480 2481 2485 2484
4 2482 2486 2487 2483
4 2480 2482 2483 2481
4 2484 2485 2487 2486
4 2488 2492 2494 2490
4 2489 2491 2495 2493
4 2488 2489 2493 2492
4 2490 2494 2495 2491
4 2488 2490 2491 2489
4 2492 2493 2495 2494
4 2496 2500 2502 2498
4 2497 2499 2503 2501
4 2496 2497 2501 2500
4 2498 2502 2503 2499
4 2496 2498 2499 2497
4 2500 2501 2503 2502
4 2504 2508 2510 2506
4 2505 2507 2511 2509
4 2504 2505 2509 2508
4 2506 2510 2511 2507
4 2504 2506 2507 2505
4 2508 2509 2511 2510
4 2512 2516 2518 2514
4 2513 2515 2519 2517
4 2512 2513 2517 2516
4 2514 2518 2519 2515
4 2512 2514 2515 2513
4 2516 2517 2519 2518
4 2520 2524 2526 2522
4 2521 2523 2527 2525
4 2520 2521 2525 2524
4 2522 2526 2527 2523
4 2520 2522 2523 2521
4 2524 2525 2527 2526
4 2528 2532 2534 2530
4 2529 2531 2535 2533
4 2528 2529 2533 2532
4 2530 2534 2535 2531
4 2528 2530 2531 2529
4 2532 2533 2535 2534
4 2536 2540 2542 2538
4 2537 2539 2543 2541
4 2536 2537 2541 2540
4 2538 2542 2543 2539
4 2536 2538 2539 2537
4 2540 2541 2543 2542
4 2544 2548 2550 2546
4 2545 2547 2551 2549
4 2544 2545 2549 2548
4 2546 2550 2551 2547
4 2544 2546 2547 2545
4 2548 2549 2551 2550
4 2552 2556 2558 2554
4 2553 2555 2559 2557
4 2552 2553 2557 2556
4 2554 2558 2559 2555
4 2552 2554 2555 2553
4 2556 2557 2559 2558
4 2560 2564 2566 2562
4 2561 2563 2567 2565
4 2560 2561 2565 2564
4 2562 2566 2567 2563
4 2560 2562 2563 2561
4 2564 2565 2567 2566
4 2568 2572 2574 2570
4 2569 2571 2575 2573
4 2568 2569 2573 2572
4 2570 2574 2575 2571
4 2568 2570 2571 2569
4 2572 2573 2575 2574
4 2576 2580 2582 2578
4 2577 2579 2583 2581
4 2576 2577 2581 2580
4 2578 2582 2583 2579
4 2576 2578 2579 2577
4 2580 2581 2583 2582
4 2584 2588 2590 2586
4 2585 2587 2591 2589
4 2584 2585 2589 2588
4 2586 2590 2591 2587
4 2584 2586 2587 2585
4 2588 2589 2591 2590
4 2592 2596 2598 2594
4 2593 2595 2599 2597
4 2592 2593 2597 2596
4 2594 2598 2599 2595
4 2592 2594 2595 2593
4 2596 2597 2599 2598
4 2600 2604 2606 2602
4 2601 2603 2607 2605
4 2600 2601 2605 2604
4 2602 2606 2607 2603
4 2600 2602 2603 2601
4 2604 2605 2607 2606
4 2608 2612 2614 2610
4 2609 2611 2615 2613
4 2608 2609 2613 2612
4 2610 2614 2615 2611
4 2608 2610 2611 2609
4 2612 2613 2615 2614
4 2616 2620 2622 2618
4 2617 2619 2623 2621
4 2616 2617 2621 2620
4 2618 2622 2623 2619
4 2616 2618 2619 2617
4 2620 2621 2623 2622
4 2624 2628 2630 2626
4 2625 2627 2631 2629
4 2624 2625 2629 2628
4 2626 2630 2631 2627
4 2624 2626 2627 2625
4 2628 2629 2631 2630
4 2632 2636 2638 2634
4 2633 2635 2639 2637
4 2632 2633 2637 2636
4 2634 2638 2639 2635
4 2632 2634 2635 2633
4 2636 2637 2639 2638
4 2640 2644 2646 2642
4 2641 2643 2647 2645
4 2640 2641 2645 2644
4 2642 2646 2647 2643
4 2640 2642 2643 2641
4 2644 2645 2647 2646
4 2648 2652 2654 2650
4 2649 2651 2655 2653
4 2648 2649 2653 2652
4 2650 2654 2655 2651
4 2648 2650 2651 2649
4 2652 2653 2655 2654
4 2656 2660 2662 2658
4 2657 2659 2663 2661
4 2656 2657 2661 2660
4 2658 2662 2663 2659
4 2656 2658 2659 2657
4 2660 2661 2663 2662
4 2664 2668 2670 2666
4 2665 2667 2671 2669
4 2664 2665 2669 2668
4 2666 2670 2671 2667
4 2664 2666 2667 2665
4 2668 2669 2671 2670
4 2672 2676 2678 2674
4 2673 2675 2679 2677
4 2672 2673 2677 2676
4 2674 2678 2679 2675
4 2672 2674 2675 2673
4 2676 2677 2679 2678
4 2680 2684 2686 2682
4 2681 2683 2687 2685
4 2680 2681 2685 2684
4 2682 2686 2687 2683
4 2680 2682 2683 2681
4 2684 2685 2687 2686
4 2688 2692 2694 2690
4 2689 2691 2695 2693
4 2688 2689 2693 2692
4 2690 2694 2695 2691
4 2688 2690 2691 2689
4 2692 2693 2695 2694
4 2696 2700 2702 2698
4 2697 2699 2703 2701
4 2696 2697 2701 2700
4 2698 2702 2703 2699
4 2696 2698 2699 2697
4 2700 2701 2703 2702
4 2704 2708 2710 2706
4 2705 2707 2711 2709
4 2704 2705 2709 2708
4 2706 2710 2711 2707
4 2704 2706 2707 2705
4 2708 2709 2711 2710
4 2712 2716 2718 2714
4 2713 2715 2719 2717
4 2712 2713 2717 2716
4 2714 2718 2719 2715
4 2712 2714 2715 2713
4 2716 2717 2719 2718
4 2720 2724 2726 2722
4 2721 2723 2727 2725
4 2720 2721 2725 2724
4 2722 2726 2727 2723
4 2720 2722 2723 2721
4 2724 2725 2727 2726
4 2728 2732 2734 2730
4 2729 2731 2735 2733
4 2728 2729 2733 2732
4 2730 2734 2735 2731
4 2728 2730 2731 2729
4 2732 2733 2735 2734
4 2736 2740 2742 2738
4 2737 2739 2743 2741
4 2736 2737 2741 2740
4 2738 2742 2743 2739
4 2736 2738 2739 2737
4 2740 2741 2743 2742
4 2744 2748 2750 2746
4 2745 2747 2751 2749
4 2744 2745 2749 2748
4 2746 2750 2751 2747
4 2744 2746 2747 2745
4 2748 2749 2751 2750
4 2752 2756 2758 2754
4 2753 2755 2759 2757
4 2752 2753 2757 2756
4 2754 2758 2759 2755
4 2752 2754 2755 2753
4 2756 2757 2759 2758
4 2760 2764 2766 2762
4 2761 2763 2767 2765
4 2760 2761 2765 2764
4 2762 2766 2767 2763
4 2760 2762 2763 2761
4 2764 2765 2767 2766
4 2768 2772 2774 2770
4 2769 2771 2775 2773
4 2768 2769 2773 2772
4 2770 2774 2775 2771
4 2768 2770 2771 2769
4 2772 2773 2775 2774
4 2776 2780 2782 2778
4 2777 2779 2783 2781
4 2776 2777 2781 2780
4 2778 2782 2783 2779
4 2776 2778 2779 2777
4 2780 2781 2783 2782
4 2784 2788 2790 2786
4 2785 2787 2791 2789
4 2784 2785 2789 2788
4 2786 2790 2791 2787
4 2784 2786 2787 2785
4 2788 2789 2791 2790
4 2792 2796 2798 2794
4 2793 2795 2799 2797
4 2792 2793 2797 2796
4 2794 2798 2799 2795
4 2792 2794 2795 2793
4 2796 2797 2799 2798
4 2800 2804 2806 2802
4 2801 2803 2807 2805
4 2800 2801 2805 2804
4 2802 2806 2807 2803
4 2800 2802 2803 2801
4 2804 2805 2807 2806
4 2808 2812 2814 2810
4 2809 2811 2815 2813
4 2808 2809 2813 2812
4 2810 2814 2815 2811
4 2808 2810 2811 2809
4 2812 2813 2815 2814
4 2816 2820 2822 2818
4 2817 2819 2823 2821
4 2816 2817 2821 2820
4 2818 2822 2823 2819
4 2816 2818 2819 2817
4 2820 2821 2823 2822
4 2824 2828 2830 2826
4 2825 2827 2831 2829
4 2824 2825 2829 2828
4 2826 2830 2831 2827
4 2824 2826 2827 2825
4 2828 2829 2831 2830
4 2832 2836 2838 2834
4 2833 2835 2839 2837
4 2832 2833 2837 2836
4 2834 2838 2839 2835
4 2832 2834 2835 2833
4 2836 2837 2839 2838
4 2840 2844 2846 2842
4 2841 2843 2847 2845
4 2840 2841 2845 2844
4 2842 2846 2847 2843
4 2840 2842 2843 2841
4 2844 2845 2847 2846
4 2848 2852 2854 2850
4 2849 2851 2855 2853
4 2848 2849 2853 2852
4 2850 2854 2855 2851
4 2848 2850 2851 2849
4 2852 2853 2855 2854
4 2856 2860 2862 2858
4 2857 2859 2863 2861
4 2856 2857 2861 2860
4 2858 2862 2863 2859
4 2856 2858 2859 2857
4 2860 2861 2863 2862
4 2864 2868 2870 2866
4 2865 2867 2871 2869
4 2864 2865 2869 2868
4 2866 2870 2871 2867
4 2864 2866 2867 2865
4 2868 2869 2871 2870
4 2872 2876 2878 2874
4 2873 2875 2879 2877
4 2872 2873 2877 2876
4 2874 2878 2879 2875
4 2872 2874 2875 2873
4 2876 2877 2879 2878
4 2880 2884 2886 2882
4 2881 2883 2887 2885
4 2880 2881 2885 2884
4 2882 2886 2887 2883
4 2880 2882 2883 2881
4 2884 2885 2887 2886
4 2888 2892 2894 2890
4 2889 2891 2895 2893
4 2888 2889 2893 2892
4 2890 2894 2895 2891
4 2888 2890 2891 2889
4 2892 2893 2895 2894
4 2896 2900 2902 2898
4 2897 2899 2903 2901
4 2896 2897 2901 2900
4 2898 2902 2903 2899
4 2896 2898 2899 2897
4 2900 2901 2903 2902
4 2904 2908 2910 2906
4 2905 2907 2911 2909
4 2904 2905 2909 2908
4 2906 2910 2911 2907
4 2904 2906 2907 2905
4 2908 2909 2911 2910
4 2912 2916 2918 2914
4 2913 2915 2919 2917
4 2912 2913 2917 2916
4 2914 2918 2919 2915
4 2912 2914 2915 2913
4 2916 2917 2919 2918
4 2920 2924 2926 2922
4 2921 2923 2927 2925
4 2920 2921 2925 2924
4 2922 2926 2927 2923
4 2920 2922 2923 2921
4 2924 2925 2927 2926
4 2928 2932 2934 2930
4 2929 2931 2935 2933
4 2928 2929 2933 2932
4 2930 2934 2935 2931
4 2928 2930 2931 2929
4 2932 2933 2935 2934
4 2936 2940 2942 2938
4 2937 2939 2943 2941
4 2936 2937 2941 2940
4 2938 2942 2943 2939
4 2936 2938 2939 2937
4 2940 2941 2943 2942
4 2944 2948 2950 2946
4 2945 2947 2951 2949
4 2944 2945 2949 2948
4 2946 2950 2951 2947
4 2944 2946 2947 2945
4 2948 2949 2951 2950
4 2952 2956 2958 2954
4 2953 2955 2959 2957
4 2952 2953 2957 2956
4 2954 2958 2959 2955
4 2952 2954 2955 2953
4 2956 2957 2959 2958
4 2960 2964 2966 2962
4 2961 2963 2967 2965
4 2960 2961 2965 2964
4 2962 2966 2967 2963
4 2960 2962 2963 2961
4 2964 2965 2967 2966
4 2968 2972 2974 2970
4 2969 2971 2975 2973
4 2968 2969 2973 2972
4 2970 2974 2975 2971
4 2968 2970 2971 2969
4 2972 2973 2975 2974
4 2976 2980 2982 2978
4 2977 2979 2983 2981
4 2976 2977 2981 2980
4 2978 2982 2983 2979
4 2976 2978 2979 2977
4 2980 2981 2983 2982
4 2984 2988 2990 2986
4 2985 2987 2991 2989
4 2984 2985 2989 2988
4 2986 2990 2991 2987
4 2984 2986 2987 2985
4 2988 2989 2991 2990
4 2992 2996 2998 2994
4 2993 2995 2999 2997
4 2992 2993 2997 2996
4 2994 2998 2999 2995
4 2992 2994 2995 2993
4 2996 2997 2999 2998
4 3000 3004 3006 3002
4 3001 3003 3007 3005
4 3000 3001 3005 3004
4 3002 3006 3007 3003
4 3000 3002 3003 3001
4 3004 3005 3007 3006
4 3008 3012 3014 3010
4 3009 3011 3015 3013
4 3008 3009 3013 3012
4 3010 3014 3015 3011
4 3008 3010 3011 3009
4 3012 3013 3015 3014
4 3016 3020 3022 3018
4 3017 3019 3023 3021
4 3016 3017 3021 3020
4 3018 3022 3023 3019
4 3016 3018 3019 3017
4 3020 3021 3023 3022
4 3024 3028 3030 3026
4 3025 3027 3031 3029
4 3024 3025 3029 3028
4 3026 3030 3031 3027
4 3024 3026 3027 3025
4 3028 3029 3031 3030
4 3032 3036 3038 3034
4 3033 3035 3039 3037
4 3032 3033 3037 3036
4 3034 3038 3039 3035
4 3032 3034 3035 3033
4 3036 3037 3039 3038
4 3040 3044 3046 3042
4 3041 3043 3047 3045
4 3040 3041 3045 3044
4 3042 3046 3047 3043
4 3040 3042 3043 3041
4 3044 3045 3047 3046
4 3048 3052 3054 3050
4 3049 3051 3055 3053
4 3048 3049 3053 3052
4 3050 3054 3055 3051
4 3048 3050 3051 3049
4 3052 3053 3055 3054
4 3056 3060 3062 3058
4 3057 3059 3063 3061
4 3056 3057 3061 3060
4 3058 3062 3063 3059
4 3056 3058 3059 3057
4 3060 3061 3063 3062
4 3064 3068 3070 3066
4 3065 3067 3071 3069
4 3064 3065 3069 3068
4 3066 3070 3071 3067
4 3064 3066 3067 3065
4 3068 3069 3071 3070
4 3072 3076 3078 3074
4 3073 3075 3079 3077
4 3072 3073 3077 3076
4 3074 3078 3079 3075
4 3072 3074 3075 3073
4 3076 3077 3079 3078
4 3080 3084 3086 3082
4 3081 3083 3087 3085
4 3080 3081 3085 3084
4 3082 3086 3087 3083
4 3080 3082 3083 3081
4 3084 3085 3087 3086
4 3088 3092 3094 3090
4 3089 3091 3095 3093
4 3088 3089 3093 3092
4 3090 3094 3095 3091
4 3088 3090 3091 3089
4 3092 3093 3095 3094
4 3096 3100 3102 3098
4 3097 3099 3103 3101
4 3096 3097 3101 3100
4 3098 3102 3103 3099
4 3096 3098 3099 3097
4 3100 3101 3103 3102
4 3104 3108 3110 3106
4 3105 3107 3111 3109
4 3104 3105 3109 3108
4 3106 3110 3111 3107
4 3104 3106 3107 3105
4 3108 3109 3111 3110
4 3112 3116 3118 3114
4 3113 3115 3119 3117
4 3112 3113 3117 3116
4 3114 3118 3119 3115
4 3112 3114 3115 3113
4 3116 3117 3119 3118
4 3120 3124 3126 3122
4 3121 3123 3127 3125
4 3120 3121 3125 3124
4 3122 3126 3127 3123
4 3120 3122 3123 3121
4 3124 3125 3127 3126
4 3128 3132 3134 3130
4 3129 3131 3135 3133
4 3128 3129 3133 3132
4 3130 3134 3135 3131
4 3128 3130 3131 3129
4 3132 3133 3135 3134
4 3136 3140 3142 3138
4 3137 3139 3143 3141
4 3136 3137 3141 3140
4 3138 3142 3143 3139
4 3136 3138 3139 3137
4 3140 3141 3143 3142
4 3144 3148 3150 3146
4 3145 3147 3151 3149
4 3144 3145 3149 3148
4 3146 3150 3151 3147
4 3144 3146 3147 3145
4 3148 3149 3151 3150
4 3152 3156 3158 3154
4 3153 3155 3159 3157
4 3152 3153 3157 3156
4 3154 3158 3159 3155
4 3152 3154 3155 3153
4 3156 3157 3159 3158
4 3160 3164 3166 3162
4 3161 3163 3167 3165
4 3160 3161 3165 3164
4 3162 3166 3167 3163
4 3160 3162 3163 3161
4 3164 3165 3167 3166
4 3168 3172 3174 3170
4 3169 3171 3175 3173
4 3168 3169 3173 3172
4 3170 3174 3175 3171
4 3168 3170 3171 3169
4 3172 3173 3175 3174
4 3176 3180 3182 3178
4 3177 3179 3183 3181
4 3176 3177 3181 3180
4 3178 3182 3183 3179
4 3176 3178 3179 3177
4 3180 3181 3183 3182
4 3184 3188 3190 3186
4 3185 3187 3191 3189
4 3184 3185 3189 3188
4 3186 3190 3191 3187
4 3184 3186 3187 3185
4 3188 3189 3191 3190
4 3192 3196 3198 3194
4 3193 3195 3199 3197
4 3192 3193 3197 3196
4 3194 3198 3199 3195
4 3192 3194 3195 3193
4 3196 3197 3199 3198
4 3200 3204 3206 3202
4 3201 3203 3207 3205
4 3200 3201 3205 3204
4 3202 3206 3207 3203
4 3200 3202 3203 3201
4 3204 3205 3207 3206
4 3208 3212 3214 3210
4 3209 3211 3215 3213
4 3208 3209 3213 3212
4 3210 3214 3215 3211
4 3208 3210 3211 3209
4 3212 3213 3215 3214
4 3216 3220 3222 3218
4 3217 3219 3223 3221
4 3216 3217 3221 3220
4 3218 3222 3223 3219
4 3216 3218 3219 3217
4 3220 3221 3223 3222
4 3224 3228 3230 3226
4 3225 3227 3231 3229
4 3224 3225 3229 3228
4 3226 3230 3231 3227
4 3224 3226 3227 3225
4 3228 3229 3231 3230
4 3232 3236 3238 3234
4 3233 3235 3239 3237
4 3232 3233 3237 3236
4 3234 3238 3239 3235
4 3232 3234 3235 3233
4 3236 3237 3239 3238
4 3240 3244 3246 3242
4 3241 3243 3247 3245
4 3240 3241 3245 3244
4 3242 3246 3247 3243
4 3240 3242 3243 3241
4 3244 3245 3247 3246
4 3248 3252 3254 3250
4 3249 3251 3255 3253
4 3248 3249 3253 3252
4 3250 3254 3255 3251
4 3248 3250 3251 3249
4 3252 3253 3255 3254
4 3256 3260 3262 3258
4 3257 3259 3263 3261
4 3256 3257 3261 3260
4 3258 3262 3263 3259
4 3256 3258 3259 3257
4 3260 3261 3263 3262
4 3264 3268 3270 3266
4 3265 3267 3271 3269
4 3264 3265 3269 3268
4 3266 3270 3271 3267
4 3264 3266 3267 3265
4 3268 3269 3271 3270
4 3272 3276 3278 3274
4 3273 3275 3279 3277
4 3272 3273 3277 3276
4 3274 3278 3279 3275
4 3272 3274 3275 3273
4 3276 3277 3279 3278
4 3280 3284 3286 3282
4 3281 3283 3287 3285
4 3280 3281 3285 3284
4 3282 3286 3287 3283
4 3280 3282 3283 3281
4 3284 3285 3287 3286
4 3288 3292 3294 3290
4 3289 3291 3295 3293
4 3288 3289 3293 3292
4 3290 3294 3295 3291
4 3288 3290 3291 3289
4 3292 3293 3295 3294
4 3296 3300 3302 3298
4 3297 3299 3303 3301
4 3296 3297 3301 3300
4 3298 3302 3303 3299
4 3296 3298 3299 3297
4 3300 3301 3303 3302
4 3304 3308 3310 3306
4 3305 3307 3311 3309
4 3304 3305 3309 3308
4 3306 3310 3311 3307
4 3304 3306 3307 3305
4 3308 3309 3311 3310
4 3312 3316 3318 3314
4 3313 3315 3319 3317
4 3312 3313 3317 3316
4 3314 3318 3319 3315
4 3312 3314 3315 3313
4 3316 3317 3319 3318
4 3320 3324 3326 3322
4 3321 3323 3327 3325
4 3320 3321 3325 3324
4 3322 3326 3327 3323
4 3320 3322 3323 3321
4 3324 3325 3327 3326
4 3328 3332 3334 3330
4 3329 3331 3335 3333
4 3328 3329 3333 3332
4 3330 3334 3335 3331
4 3328 3330 3331 3329
4 3332 3333 3335 3334
4 3336 3340 3342 3338
4 3337 3339 3343 3341
4 3336 3337 3341 3340
4 3338 3342 3343 3339
4 3336 3338 3339 3337
4 3340 3341 3343 3342
4 3344 3348 3350 3346
4 3345 3347 3351 3349
4 3344 3345 3349 3348
4 3346 3350 3351 3347
4 3344 3346 3347 3345
4 3348 3349 3351 3350
4 3352 3356 3358 3354
4 3353 3355 3359 3357
4 3352 3353 3357 3356
4 3354 3358 3359 3355
4 3352 3354 3355 3353
4 3356 3357 3359 3358
4 3360 3364 3366 3362
4 3361 3363 3367 3365
4 3360 3361 3365 3364
4 3362 3366 3367 3363
4 3360 3362 3363 3361
4 3364 3365 3367 3366
4 3368 3372 3374 3370
4 3369 3371 3375 3373
4 3368 3369 3373 3372
4 3370 3374 3375 3371
4 3368 3370 3371 3369
4 3372 3373 3375 3374
4 3376 3380 3382 3378
4 3377 3379 3383 3381
4 3376 3377 3381 3380
4 3378 3382 3383 3379
4 3376 3378 3379 3377
4 3380 3381 3383 3382
4 3384 3388 3390 3386
4 3385 3387 3391 3389
4 3384 3385 3389 3388
4 3386 3390 3391 3387
4 3384 3386 3387 3385
4 3388 3389 3391 3390
4 3392 3396 3398 3394
4 3393 3395 3399 3397
4 3392 3393 3397 3396
4 3394 3398 3399 3395
4 3392 3394 3395 3393
4 3396 3397 3399 3398
4 3400 3404 3406 3402
4 3401 3403 3407 3405
4 3400 3401 3405 3404
4 3402 3406 3407 3403
4 3400 3402 3403 3401
4 3404 3405 3407 3406
4 3408 3412 3414 3410
4 3409 3411 3415 3413
4 3408 3409 3413 3412
4 3410 3414 3415 3411
4 3408 3410 3411 3409
4 3412 3413 3415 3414
4 3416 3420 3422 3418
4 3417 3419 3423 3421
4 3416 3417 3421 3420
4 3418 3422 3423 3419
4 3416 3418 3419 3417
4 3420 3421 3423 3422
4 3424 3428 3430 3426
4 3425 3427 3431 3429
4 3424 3425 3429 3428
4 3426 3430 3431 3427
4 3424 3426 3427 3425
4 3428 3429 3431 3430
4 3432 3436 3438 3434
4 3433 3435 3439 3437
4 3432 3433 3437 3436
4 3434 3438 3439 3435
4 3432 3434 3435 3433
4 3436 3437 3439 3438
4 3440 3444 3446 3442
4 3441 3443 3447 3445
4 3440 3441 3445 3444
4 3442 3446 3447 3443
4 3440 3442 3443 3441
4 3444 3445 3447 3446
4 3448 3452 3454 3450
4 3449 3451 3455 3453
4 3448 3449 3453 3452
4 3450 3454 3455 3451
4 3448 3450 3451 3449
4 3452 3453 3455 3454
4 3456 3460 3462 3458
4 3457 3459 3463 3461
4 3456 3457 3461 3460
4 3458 3462 3463 3459
4 3456 3458 3459 3457
4 3460 3461 3463 3462
4 3464 3468 3470 3466
4 3465 3467 3471 3469
4 3464 3465 3469 3468
4 3466 3470 3471 3467
4 3464 3466 3467 3465
4 3468 3469 3471 3470
4 3472 3476 3478 3474
4 3473 3475 3479 3477
4 3472 3473 3477 3476
4 3474 3478 3479 3475
4 3472 3474 3475 3473
4 3476 3477 3479 3478
4 3480 3484 3486 3482
4 3481 3483 3487 3485
4 3480 3481 3485 3484
4 3482 3486 3487 3483
4 3480 3482 3483 3481
4 3484 3485 3487 3486
4 3488 3492 3494 3490
4 3489 3491 3495 3493
4 3488 3489 3493 3492
4 3490 3494 3495 3491
4 3488 3490 3491 3489
4 3492 3493 3495 3494
4 3496 3500 3502 3498
4 3497 3499 3503 3501
4 3496 3497 3501 3500
4 3498 3502 3503 3499
4 3496 3498 3499 3497
4 3500 3501 3503 3502
4 3504 3508 3510 3506
4 3505 3507 3511 3509
4 3504 3505 3509 3508
4 3506 3510 3511 3507
4 3504 3506 3507 3505
4 3508 3509 3511 3510
4 3512 3516 3518 3514
4 3513 3515 3519 3517
4 3512 3513 3517 3516
4 3514 3518 3519 3515
4 3512 3514 3515 3513
4 3516 3517 3519 3518
4 3520 3524 3526 3522
4 3521 3523 3527 3525
4 3520 3521 3525 3524
4 3522 3526 3527 3523
4 3520 3522 3523 3521
4 3524 3525 3527 3526
4 3528 3532 3534 3530
4 3529 3531 3535 3533
4 3528 3529 3533 3532
4 3530 3534 3535 3531
4 3528 3530 3531 3529
4 3532 3533 3535 3534
4 3536 3540 3542 3538
4 3537 3539 3543 3541
4 3536 3537 3541 3540
4 3538 3542 3543 3539
4 3536 3538 3539 3537
4 3540 3541 3543 3542
4 3544 3548 3550 3546
4 3545 3547 3551 3549
4 3544 3545 3549 3548
4 3546 3550 3551 3547
4 3544 3546 3547 3545
4 3548 3549 3551 3550
4 3552 3556 3558 3554
4 3553 3555 3559 3557
4 3552 3553 3557 3556
4 3554 3558 3559 3555
4 3552 3554 3555 3553
4 3556 3557 3559 3558
4 3560 3564 3566 3562
4 3561 3563 3567 3565
4 3560 3561 3565 3564
4 3562 3566 3567 3563
4 3560 3562 3563 3561
4 3564 3565 3567 3566
4 3568 3572 3574 3570
4 3569 3571 3575 3573
4 3568 3569 3573 3572
4 3570 3574 3575 3571
4 3568 3570 3571 3569
4 3572 3573 3575 3574
4 3576 3580 3582 3578
4 3577 3579 3583 3581
4 3576 3577 3581 3580
4 3578 3582 3583 3579
4 3576 3578 3579 3577
4 3580 3581 3583 3582
4 3584 3588 3590 3586
4 3585 3587 3591 3589
4 3584 3585 3589 3588
4 3586 3590 3591 3587
4 3584 3586 3587 3585
4 3588 3589 3591 3590
4 3592 3596 3598 3594
4 3593 3595 3599 3597
4 3592 3593 3597 3596
4 3594 3598 3599 3595
4 3592 3594 3595 3593
4 3596 3597 3599 3598
4 3600 3604 3606 3602
4 3601 3603 3607 3605
4 3600 3601 3605 3604
4 3602 3606 3607 3603
4 3600 3602 3603 3601
4 3604 3605 3607 3606
4 3608 3612 3614 3610
4 3609 3611 3615 3613
4 3608 3609 3613 3612
4 3610 3614 3615 3611
4 3608 3610 3611 3609
4 3612 3613 3615 3614
4 3616 3620 3622 3618
4 3617 3619 3623 3621
4 3616 3617 3621 3620
4 3618 3622 3623 3619
4 3616 3618 3619 3617
4 3620 3621 3623 3622
4 3624 3628 3630 3626
4 3625 3627 3631 3629
4 3624 3625 3629 3628
4 3626 3630 3631 3627
4 3624 3626 3627 3625
4 3628 3629 3631 3630
4 3632 3636 3638 3634
4 3633 3635 3639 3637
4 3632 3633 3637 3636
4 3634 3638 3639 3635
4 3632 3634 3635 3633
4 3636 3637 3639 3638
4 3640 3644 3646 3642
4 3641 3643 3647 3645
4 3640 3641 3645 3644
4 3642 3646 3647 3643
4 3640 3642 3643 3641
4 3644 3645 3647 3646
4 3648 3652 3654 3650
4 3649 3651 3655 3653
4 3648 3649 3653 3652
4 3650 3654 3655 3651
4 3648 3650 3651 3649
4 3652 3653 3655 3654
4 3656 3660 3662 3658
4 3657 3659 3663 3661
4 3656 3657 3661 3660
4 3658 3662 3663 3659
4 3656 3658 3659 3657
4 3660 3661 3663 3662
4 3664 3668 3670 3666
4 3665 3667 3671 3669
4 3664 3665 3669 3668
4 3666 3670 3671 3667
4 3664 3666 3667 3665
4 3668 3669 3671 3670
4 3672 3676 3678 3674
4 3673 3675 3679 3677
4 3672 3673 3677 3676
4 3674 3678 3679 3675
4 3672 3674 3675 3673
4 3676 3677 3679 3678
4 3680 3684 3686 3682
4 3681 3683 3687 3685
4 3680 3681 3685 3684
4 3682 3686 3687 3683
4 3680 3682 3683 3681
4 3684 3685 3687 3686
4 3688 3692 3694 3690
4 3689 3691 3695 3693
4 3688 3689 3693 3692
4 3690 3694 3695 3691
4 3688 3690 3691 3689
4 3692 3693 3695 3694
4 3696 3700 3702 3698
4 3697 3699 3703 3701
4 3696 3697 3701 3700
4 3698 3702 3703 3699
4 3696 3698 3699 3697
4 3700 3701 3703 3702
4 3704 3708 3710 3706
4 3705 3707 3711 3709
4 3704 3705 3709 3708
4 3706 3710 3711 3707
4 3704 3706 3707 3705
4 3708 3709 3711 3710
4 3712 3716 3718 3714
4 3713 3715 3719 3717
4 3712 3713 3717 3716
4 3714 3718 3719 3715
4 3712 3714 3715 3713
4 3716 3717 3719 3718
4 3720 3724 3726 3722
4 3721 3723 3727 3725
4 3720 3721 3725 3724
4 3722 3726 3727 3723
4 3720 3722 3723 3721
4 3724 3725 3727 3726
4 3728 3732 3734 3730
4 3729 3731 3735 3733
4 3728 3729 3733 3732
4 3730 3734 3735 3731
4 3728 3730 3731 3729
4 3732 3733 3735 3734
4 3736 3740 3742 3738
4 3737 3739 3743 3741
4 3736 3737 3741 3740
4 3738 3742 3743 3739
4 3736 3738 3739 3737
4 3740 3741 3743 3742
4 3744 3748 3750 3746
4 3745 3747 3751 3749
4 3744 3745 3749 3748
4 3746 3750 3751 3747
4 3744 3746 3747 3745
4 3748 3749 3751 3750
4 3752 3756 3758 3754
4 3753 3755 3759 3757
4 3752 3753 3757 3756
4 3754 3758 3759 3755
4 3752 3754 3755 3753
4 3756 3757 3759 3758
4 3760 3764 3766 3762
4 3761 3763 3767 3765
4 3760 3761 3765 3764
4 3762 3766 3767 3763
4 3760 3762 3763 3761
4 3764 3765 3767 3766
4 3768 3772 3774 3770
4 3769 3771 3775 3773
4 3768 3769 3773 3772
4 3770 3774 3775 3771
4 3768 3770 3771 3769
4 3772 3773 3775 3774
4 3776 3780 3782 3778
4 3777 3779 3783 3781
4 3776 3777 3781 3780
4 3778 3782 3783 3779
4 3776 3778 3779 3777
4 3780 3781 3783 3782
4 3784 3788 3790 3786
4 3785 3787 3791 3789
4 3784 3785 3789 3788
4 3786 3790 3791 3787
4 3784 3786 3787 3785
4 3788 3789 3791 3790
4 3792 3796 3798 3794
4 3793 3795 3799 3797
4 3792 3793 3797 3796
4 3794 3798 3799 3795
4 3792 3794 3795 3793
4 3796 3797 3799 3798
4 3800 3804 3806 3802
4 3801 3803 3807 3805
4 3800 3801 3805 3804
4 3802 3806 3807 3803
4 3800 3802 3803 3801
4 3804 3805 3807 3806
4 3808 3812 3814 3810
4 3809 3811 3815 3813
4 3808 3809 3813 3812
4 3810 3814 3815 3811
4 3808 3810 3811 3809
4 3812 3813 3815 3814
4 3816 3820 3822 3818
4 3817 3819 3823 3821
4 3816 3817 3821 3820
4 3818 3822 3823 3819
4 3816 3818 3819 3817
4 3820 3821 3823 3822
4 3824 3828 3830 3826
4 3825 3827 3831 3829
4 3824 3825 3829 3828
4 3826 3830 3831 3827
4 3824 3826 3827 3825
4 3828 3829 3831 3830
4 3832 3836 3838 3834
4 3833 3835 3839 3837
4 3832 3833 3837 3836
4 3834 3838 3839 3835
4 3832 3834 3835 3833
4 3836 3837 3839 3838
4 3840 3844 3846 3842
4 3841 3843 3847 3845
4 3840 3841 3845 3844
4 3842 3846 3847 3843
4 3840 3842 3843 3841
4 3844 3845 3847 3846
4 3848 3852 3854 3850
4 3849 3851 3855 3853
4 3848 3849 3853 3852
4 3850 3854 3855 3851
4 3848 3850 3851 3849
4 3852 3853 3855 3854
4 3856 3860 3862 3858
4 3857 3859 3863 3861
4 3856 3857 3861 3860
4 3858 3862 3863 3859
4 3856 3858 3859 3857
4 3860 3861 3863 3862
4 3864 3868 3870 3866
4 3865 3867 3871 3869
4 3864 3865 3869 3868
4 3866 3870 3871 3867
4 3864 3866 3867 3865
4 3868 3869 3871 3870
4 3872 3876 3878 3874
4 3873 3875 3879 3877
4 3872 3873 3877 3876
4 3874 3878 3879 3875
4 3872 3874 3875 3873
4 3876 3877 3879 3878
4 3880 3884 3886 3882
4 3881 3883 3887 3885
4 3880 3881 3885 3884
4 3882 3886 3887 3883
4 3880 3882 3883 3881
4 3884 3885 3887 3886
4 3888 3892 3894 3890
4 3889 3891 3895 3893
4 3888 3889 3893 3892
4 3890 3894 3895 3891
4 3888 3890 3891 3889
4 3892 3893 3895 3894
4 3896 3900 3902 3898
4 3897 3899 3903 3901
4 3896 3897 3901 3900
4 3898 3902 3903 3899
4 3896 3898 3899 3897
4 3900 3901 3903 3902
4 3904 3908 3910 3906
4 3905 3907 3911 3909
4 3904 3905 3909 3908
4 3906 3910 3911 3907
4 3904 3906 3907 3905
4 3908 3909 3911 3910
4 3912 3916 3918 3914
4 3913 3915 3919 3917
4 3912 3913 3917 3916
4 3914 3918 3919 3915
4 3912 3914 3915 3913
4 3916 3917 3919 3918
4 3920 3924 3926 3922
4 3921 3923 3927 3925
4 3920 3921 3925 3924
4 3922 3926 3927 3923
4 3920 3922 3923 3921
4 3924 3925 3927 3926
4 3928 3932 3934 3930
4 3929 3931 3935 3933
4 3928 3929 3933 3932
4 3930 3934 3935 3931
4 3928 3930 3931 3929
4 3932 3933 3935 3934
4 3936 3940 3942 3938
4 3937 3939 3943 3941
4 3936 3937 3941 3940
4 3938 3942 3943 3939
4 3936 3938 3939 3937
4 3940 3941 3943 3942
4 3944 3948 3950 3946
4 3945 3947 3951 3949
4 3944 3945 3949 3948
4 3946 3950 3951 3947
4 3944 3946 3947 3945
4 3948 3949 3951 3950
4 3952 3956 3958 3954
4 3953 3955 3959 3957
4 3952 3953 3957 3956
4 3954 3958 3959 3955
4 3952 3954 3955 3953
4 3956 3957 3959 3958
4 3960 3964 3966 3962
4 3961 3963 3967 3965
4 3960 3961 3965 3964
4 3962 3966 3967 3963
4 3960 3962 3963 3961
4 3964 3965 3967 3966
4 3968 3972 3974 3970
4 3969 3971 3975 3973
4 3968 3969 3973 3972
4 3970 3974 3975 3971
4 3968 3970 3971 3969
4 3972 3973 3975 3974
4 3976 3980 3982 3978
4 3977 3979 3983 3981
4 3976 3977 3981 3980
4 3978 3982 3983 3979
4 3976 3978 3979 3977
4 3980 3981 3983 3982
4 3984 3988 3990 3986
4 3985 3987 3991 3989
4 3984 3985 3989 3988
4 3986 3990 3991 3987
4 3984 3986 3987 3985
4 3988 3989 3991 3990
4 3992 3996 3998 3994
4 3993 3995 3999 3997
4 3992 3993 3997 3996
4 3994 3998 3999 3995
4 3992 3994 3995 3993
4 3996 3997 3999 3998
4 4000 4004 4006 4002
4 4001 4003 4007 4005
4 4000 4001 4005 4004
4 4002 4006 4007 4003
4 4000 4002 4003 4001
4 4004 4005 4007 4006
4 4008 4012 4014 4010
4 4009 4011 4015 4013
4 4008 4009 4013 4012
4 4010 4014 4015 4011
4 4008 4010 4011 4009
4 4012 4013 4015 4014
4 4016 4020 4022 4018
4 4017 4019 4023 4021
4 4016 4017 4021 4020
4 4018 4022 4023 4019
4 4016 4018 4019 4017
4 4020 4021 4023 4022
4 4024 4028 4030 4026
4 4025 4027 4031 4029
4 4024 4025 4029 4028
4 4026 4030 4031 4027
4 4024 4026 4027 4025
4 4028 4029 4031 4030
4 4032 4036 4038 4034
4 4033 4035 4039 4037
4 4032 4033 4037 4036
4 4034 4038 4039 4035
4 4032 4034 4035 4033
4 4036 4037 4039 4038
4 4040 4044 4046 4042
4 4041 4043 4047 4045
4 4040 4041 4045 4044
4 4042 4046 4047 4043
4 4040 4042 4043 4041
4 4044 4045 4047 4046
4 4048 4052 4054 4050
4 4049 4051 4055 4053
4 4048 4049 4053 4052
4 4050 4054 4055 4051
4 4048 4050 4051 4049
4 4052 4053 4055 4054
4 4056 4060 4062 4058
4 4057 4059 4063 4061
4 4056 4057 4061 4060
4 4058 4062 4063 4059
4 4056 4058 4059 4057
4 4060 4061 4063 4062
4 4064 4068 4070 4066
4 4065 4067 4071 4069
4 4064 4065 4069 4068
4 4066 4070 4071 4067
4 4064 4066 4067 4065
4 4068 4069 4071 4070
4 4072 4076 4078 4074
4 4073 4075 4079 4077
4 4072 4073 4077 4076
4 4074 4078 4079 4075
4 4072 4074 4075 4073
4 4076 4077 4079 4078
4 4080 4084 4086 4082
4 4081 4083 4087 4085
4 4080 4081 4085 4084
4 4082 4086 4087 4083
4 4080 4082 4083 4081
4 4084 4085 4087 4086
4 4088 4092 4094 4090
4 4089 4091 4095 4093
4 4088 4089 4093 4092
4 4090 4094 4095 4091
4 4088 4090 4091 4089
4 4092 4093 4095 4094
4 4096 4100 4102 4098
4 4097 4099 4103 4101
4 4096 4097 4101 4100
4 4098 4102 4103 4099
4 4096 4098 4099 4097
4 4100 4101 4103 4102
4 4104 4108 4110 4106
4 4105 4107 4111 4109
4 4104 4105 4109 4108
4 4106 4110 4111 4107
4 4104 4106 4107 4105
4 4108 4109 4111 4110
4 4112 4116 4118 4114
4 4113 4115 4119 4117
4 4112 4113 4117 4116
4 4114 4118 4119 4115
4 4112 4114 4115 4113
4 4116 4117 4119 4118
4 4120 4124 4126 4122
4 4121 4123 4127 4125
4 4120 4121 4125 4124
4 4122 4126 4127 4123
4 4120 4122 4123 4121
4 4124 4125 4127 4126
4 4128 4132 4134 4130
4 4129 4131 4135 4133
4 4128 4129 4133 4132
4 4130 4134 4135 4131
4 4128 4130 4131 4129
4 4132 4133 4135 4134
4 4136 4140 4142 4138
4 4137 4139 4143 4141
4 4136 4137 4141 4140
4 4138 4142 4143 4139
4 4136 4138 4139 4137
4 4140 4141 4143 4142
4 4144 4148 4150 4146
4 4145 4147 4151 4149
4 4144 4145 4149 4148
4 4146 4150 4151 4147
4 4144 4146 4147 4145
4 4148 4149 4151 4150
4 4152 4156 4158 4154
4 4153 4155 4159 4157
4 4152 4153 4157 4156
4 4154 4158 4159 4155
4 4152 4154 4155 4153
4 4156 4157 4159 4158
4 4160 4164 4166 4162
4 4161 4163 4167 4165
4 4160 4161 4165 4164
4 4162 4166 4167 4163
4 4160 4162 4163 4161
4 4164 4165 4167 4166
4 4168 4172 4174 4170
4 4169 4171 4175 4173
4 4168 4169 4173 4172
4 4170 4174 4175 4171
4 4168 4170 4171 4169
4 4172 4173 4175 4174
4 4176 4180 4182 4178
4 4177 4179 4183 4181
4 4176 4177 4181 4180
4 4178 4182 4183 4179
4 4176 4178 4179 4177
4 4180 4181 4183 4182
4 4184 4188 4190 4186
4 4185 4187 4191 4189
4 4184 4185 4189 4188
4 4186 4190 4191 4187
4 4184 4186 4187 4185
4 4188 4189 4191 4190
4 4192 4196 4198 4194
4 4193 4195 4199 4197
4 4192 4193 4197 4196
4 4194 4198 4199 4195
4 4192 4194 4195 4193
4 4196 4197 4199 4198
4 4200 4204 4206 4202
4 4201 4203 4207 4205
4 4200 4201 4205 4204
4 4202 4206 4207 4203
4 4200 4202 4203 4201
4 4204 4205 4207 4206
4 4208 4212 4214 4210
4 4209 4211 4215 4213
4 4208 4209 4213 4212
4 4210 4214 4215 4211
4 4208 4210 4211 4209
4 4212 4213 4215 4214
4 4216 4220 4222 4218
4 4217 4219 4223 4221
4 4216 4217 4221 4220
4 4218 4222 4223 4219
4 4216 4218 4219 4217
4 4220 4221 4223 4222
4 4224 4228 4230 4226
4 4225 4227 4231 4229
4 4224 4225 4229 4228
4 4226 4230 4231 4227
4 4224 4226 4227 4225
4 4228 4229 4231 4230
4 4232 4236 4238 4234
4 4233 4235 4239 4237
4 4232 4233 4237 4236
4 4234 4238 4239 4235
4 4232 4234 4235 4233
4 4236 4237 4239 4238
4 4240 4244 4246 4242
4 4241 4243 4247 4245
4 4240 4241 4245 4244
4 4242 4246 4247 4243
4 4240 4242 4243 4241
4 4244 4245 4247 4246
4 4248 4252 4254 4250
4 4249 4251 4255 4253
4 4248 4249 4253 4252
4 4250 4254 4255 4251
4 4248 4250 4251 4249
4 4252 4253 4255 4254
4 4256 4260 4262 4258
4 4257 4259 4263 4261
4 4256 4257 4261 4260
4 4258 4262 4263 4259
4 4256 4258 4259 4257
4 4260 4261 4263 4262
4 4264 4268 4270 4266
4 4265 4267 4271 4269
4 4264 4265 4269 4268
4 4266 4270 4271 4267
4 4264 4266 4267 4265
4 4268 4269 4271 4270
4 4272 4276 4278 4274
4 4273 4275 4279 4277
4 4272 4273 4277 4276
4 4274 4278 4279 4275
4 4272 4274 4275 4273
4 4276 4277 4279 4278
4 4280 4284 4286 4282
4 4281 4283 4287 4285
4 4280 4281 4285 4284
4 4282 4286 4287 4283
4 4280 4282 4283 4281
4 4284 4285 4287 4286
4 4288 4292 4294 4290
4 4289 4291 4295 4293
4 4288 4289 4293 4292
4 4290 4294 4295 4291
4 4288 4290 4291 4289
4 4292 4293 4295 4294
4 4296 4300 4302 4298
4 4297 4299 4303 4301
4 4296 4297 4301 4300
4 4298 4302 4303 4299
4 4296 4298 4299 4297
4 4300 4301 4303 4302
4 4304 4308 4310 4306
4 4305 4307 4311 4309
4 4304 4305 4309 4308
4 4306 4310 4311 4307
4 4304 4306 4307 4305
4 4308 4309 4311 4310
4 4312 4316 4318 4314
4 4313 4315 4319 4317
4 4312 4313 4317 4316
4 4314 4318 4319 4315
4 4312 4314 4315 4313
4 4316 4317 4319 4318
4 4320 4324 4326 4322
4 4321 4323 4327 4325
4 4320 4321 4325 4324
4 4322 4326 4327 4323
4 4320 4322 4323 4321
4 4324 4325 4327 4326
4 4328 4332 4334 4330
4 4329 4331 4335 4333
4 4328 4329 4333 4332
4 4330 4334 4335 4331
4 4328 4330 4331 4329
4 4332 4333 4335 4334
4 4336 4340 4342 4338
4 4337 4339 4343 4341
4 4336 4337 4341 4340
4 4338 4342 4343 4339
4 4336 4338 4339 4337
4 4340 4341 4343 4342
4 4344 4348 4350 4346
4 4345 4347 4351 4349
4 4344 4345 4349 4348
4 4346 4350 4351 4347
4 4344 4346 4347 4345
4 4348 4349 4351 4350
4 4352 4356 4358 4354
4 4353 4355 4359 4357
4 4352 4353 4357 4356
4 4354 4358 4359 4355
4 4352 4354 4355 4353
4 4356 4357 4359 4358
4 4360 4364 4366 4362
4 4361 4363 4367 4365
4 4360 4361 4365 4364
4 4362 4366 4367 4363
4 4360 4362 4363 4361
4 4364 4365 4367 4366
4 4368 4372 4374 4370
4 4369 4371 4375 4373
4 4368 4369 4373 4372
4 4370 4374 4375 4371
4 4368 4370 4371 4369
4 4372 4373 4375 4374
4 4376 4380 4382 4378
4 4377 4379 4383 4381
4 4376 4377 4381 4380
4 4378 4382 4383 4379
4 4376 4378 4379 4377
4 4380 4381 4383 4382
4 4384 4388 4390 4386
4 4385 4387 4391 4389
4 4384 4385 4389 4388
4 4386 4390 4391 4387
4 4384 4386 4387 4385
4 4388 4389 4391 4390
4 4392 4396 4398 4394
4 4393 4395 4399 4397
4 4392 4393 4397 4396
4 4394 4398 4399 4395
4 4392 4394 4395 4393
4 4396 4397 4399 4398
4 4400 4404 4406 4402
4 4401 4403 4407 4405
4 4400 4401 4405 4404
4 4402 4406 4407 4403
4 4400 4402 4403 4401
4 4404 4405 4407 4406
4 4408 4412 4414 4410
4 4409 4411 4415 4413
4 4408 4409 4413 4412
4 4410 4414 4415 4411
4 4408 4410 4411 4409
4 4412 4413 4415 4414
4 4416 4420 4422 4418
4 4417 4419 4423 4421
4 4416 4417 4421 4420
4 4418 4422 4423 4419
4 4416 4418 4419 4417
4 4420 4421 4423 4422
4 4424 4428 4430 4426
4 4425 4427 4431 4429
4 4424 4425 4429 4428
4 4426 4430 4431 4427
4 4424 4426 4427 4425
4 4428 4429 4431 4430
4 4432 4436 4438 4434
4 4433 4435 4439 4437
4 4432 4433 4437 4436
4 4434 4438 4439 4435
4 4432 4434 4435 4433
4 4436 4437 4439 4438
4 4440 4444 4446 4442
4 4441 4443 4447 4445
4 4440 4441 4445 4444
4 4442 4446 4447 4443
4 4440 4442 4443 4441
4 4444 4445 4447 4446
4 4448 4452 4454 4450
4 4449 4451 4455 4453
4 4448 4449 4453 4452
4 4450 4454 4455 4451
4 4448 4450 4451 4449
4 4452 4453 4455 4454
4 4456 4460 4462 4458
4 4457 4459 4463 4461
4 4456 4457 4461 4460
4 4458 4462 4463 4459
4 4456 4458 4459 4457
4 4460 4461 4463 4462
4 4464 4468 4470 4466
4 4465 4467 4471 4469
4 4464 4465 4469 4468
4 4466 4470 4471 4467
4 4464 4466 4467 4465
4 4468 4469 4471 4470
4 4472 4476 4478 4474
4 4473 4475 4479 4477
4 4472 4473 4477 4476
4 4474 4478 4479 4475
4 4472 4474 4475 4473
4 4476 4477 4479 4478
4 4480 4484 4486 4482
4 4481 4483 4487 4485
4 4480 4481 4485 4484
4 4482 4486 4487 4483
4 4480 4482 4483 4481
4 4484 4485 4487 4486
4 4488 4492 4494 4490
4 4489 4491 4495 4493
4 4488 4489 4493 4492
4 4490 4494 4495 4491
4 4488 4490 4491 4489
4 4492 4493 4495 4494
4 4496 4500 4502 4498
4 4497 4499 4503 4501
4 4496 4497 4501 4500
4 4498 4502 4503 4499
4 4496 4498 4499 4497
4 4500 4501 4503 4502
4 4504 4508 4510 4506
4 4505 4507 4511 4509
4 4504 4505 4509 4508
4 4506 4510 4511 4507
4 4504 4506 4507 4505
4 4508 4509 4511 4510
4 4512 4516 4518 4514
4 4513 4515 4519 4517
4 4512 4513 4517 4516
4 4514 4518 4519 4515
4 4512 4514 4515 4513
4 4516 4517 4519 4518
4 4520 4524 4526 4522
4 4521 4523 4527 4525
4 4520 4521 4525 4524
4 4522 4526 4527 4523
4 4520 4522 4523 4521
4 4524 4525 4527 4526
4 4528 4532 4534 4530
4 4529 4531 4535 4533
4 4528 4529 4533 4532
4 4530 4534 4535 4531
4 4528 4530 4531 4529
4 4532 4533 4535 4534
4 4536 4540 4542 4538
4 4537 4539 4543 4541
4 4536 4537 4541 4540
4 4538 4542 4543 4539
4 4536 4538 4539 4537
4 4540 4541 4543 4542
4 4544 4548 4550 4546
4 4545 4547 4551 4549
4 4544 4545 4549 4548
4 4546 4550 4551 4547
4 4544 4546 4547 4545
4 4548 4549 4551 4550
4 4552 4556 4558 4554
4 4553 4555 4559 4557
4 4552 4553 4557 4556
4 4554 4558 4559 4555
4 4552 4554 4555 4553
4 4556 4557 4559 4558
4 4560 4564 4566 4562
4 4561 4563 4567 4565
4 4560 4561 4565 4564
4 4562 4566 4567 4563
4 4560 4562 4563 4561
4 4564 4565 4567 4566
4 4568 4572 4574 4570
4 4569 4571 4575 4573
4 4568 4569 4573 4572
4 4570 4574 4575 4571
4 4568 4570 4571 4569
4 4572 4573 4575 4574
4 4576 4580 4582 4578
4 4577 4579 4583 4581
4 4576 4577 4581 4580
4 4578 4582 4583 4579
4 4576 4578 4579 4577
4 4580 4581 4583 4582
4 4584 4588 4590 4586
4 4585 4587 4591 4589
4 4584 4585 4589 4588
4 4586 4590 4591 4587
4 4584 4586 4587 4585
4 4588 4589 4591 4590
4 4592 4596 4598 4594
4 4593 4595 4599 4597
4 4592 4593 4597 4596
4 4594 4598 4599 4595
4 4592 4594 4595 4593
4 4596 4597 4599 4598
4 4600 4604 4606 4602
4 4601 4603 4607 4605
4 4600 4601 4605 4604
4 4602 4606 4607 4603
4 4600 4602 4603 4601
4 4604 4605 4607 4606
4 4608 4612 4614 4610
4 4609 4611 4615 4613
4 4608 4609 4613 4612
4 4610 4614 4615 4611
4 4608 4610 4611 4609
4 4612 4613 4615 4614
4 4616 4620 4622 4618
4 4617 4619 4623 4621
4 4616 4617 4621 4620
4 4618 4622 4623 4619
4 4616 4618 4619 4617
4 4620 4621 4623 4622
4 4624 4628 4630 4626
4 4625 4627 4631 4629
4 4624 4625 4629 4628
4 4626 4630 4631 4627
4 4624 4626 4627 4625
4 4628 4629 4631 4630
4 4632 4636 4638 4634
4 4633 4635 4639 4637
4 4632 4633 4637 4636
4 4634 4638 4639 4635
4 4632 4634 4635 4633
4 4636 4637 4639 4638
4 4640 4644 4646 4642
4 4641 4643 4647 4645
4 4640 4641 4645 4644
4 4642 4646 4647 4643
4 4640 4642 4643 4641
4 4644 4645 4647 4646
4 4648 4652 4654 4650
4 4649 4651 4655 4653
4 4648 4649 4653 4652
4 4650 4654 4655 4651
4 4648 4650 4651 4649
4 4652 4653 4655 4654
4 4656 4660 4662 4658
4 4657 4659 4663 4661
4 4656 4657 4661 4660
4 4658 4662 4663 4659
4 4656 4658 4659 4657
4 4660 4661 4663 4662
4 4664 4668 4670 4666
4 4665 4667 4671 4669
4 4664 4665 4669 4668
4 4666 4670 4671 4667
4 4664 4666 4667 4665
4 4668 4669 4671 4670
4 4672 4676 4678 4674
4 4673 4675 4679 4677
4 4672 4673 4677 4676
4 4674 4678 4679 4675
4 4672 4674 4675 4673
4 4676 4677 4679 4678
4 4680 4684 4686 4682
4 4681 4683 4687 4685
4 4680 4681 4685 4684
4 4682 4686 4687 4683
4 4680 4682 4683 4681
4 4684 4685 4687 4686
4 4688 4692 4694 4690
4 4689 4691 4695 4693
4 4688 4689 4693 4692
4 4690 4694 4695 4691
4 4688 4690 4691 4689
4 4692 4693 4695 4694
4 4696 4700 4702 4698
4 4697 4699 4703 4701
4 4696 4697 4701 4700
4 4698 4702 4703 4699
4 4696 4698 4699 4697
4 4700 4701 4703 4702
4 4704 4708 4710 4706
4 4705 4707 4711 4709
4 4704 4705 4709 4708
4 4706 4710 4711 4707
4 4704 4706 4707 4705
4 4708 4709 4711 4710
4 4712 4716 4718 4714
4 4713 4715 4719 4717
4 4712 4713 4717 4716
4 4714 4718 4719 4715
4 4712 4714 4715 4713
4 4716 4717 4719 4718
4 4720 4724 4726 4722
4 4721 4723 4727 4725
4 4720 4721 4725 4724
4 4722 4726 4727 4723
4 4720 4722 4723 4721
4 4724 4725 4727 4726
4 4728 4732 4734 4730
4 4729 4731 4735 4733
4 4728 4729 4733 4732
4 4730 4734 4735 4731
4 4728 4730 4731 4729
4 4732 4733 4735 4734
4 4736 4740 4742 4738
4 4737 4739 4743 4741
4 4736 4737 4741 4740
4 4738 4742 4743 4739
4 4736 4738 4739 4737
4 4740 4741 4743 4742
4 4744 4748 4750 4746
4 4745 4747 4751 4749
4 4744 4745 4749 4748
4 4746 4750 4751 4747
4 4744 4746 4747 4745
4 4748 4749 4751 4750
4 4752 4756 4758 4754
4 4753 4755 4759 4757
4 4752 4753 4757 4756
4 4754 4758 4759 4755
4 4752 4754 4755 4753
4 4756 4757 4759 4758
4 4760 4764 4766 4762
4 4761 4763 4767 4765
4 4760 4761 4765 4764
4 4762 4766 4767 4763
4 4760 4762 4763 4761
4 4764 4765 4767 4766
4 4768 4772 4774 4770
4 4769 4771 4775 4773
4 4768 4769 4773 4772
4 4770 4774 4775 4771
4 4768 4770 4771 4769
4 4772 4773 4775 4774
4 4776 4780 4782 4778
4 4777 4779 4783 4781
4 4776 4777 4781 4780
4 4778 4782 4783 4779
4 4776 4778 4779 4777
4 4780 4781 4783 4782
4 4784 4788 4790 4786
4 4785 4787 4791 4789
4 4784 4785 4789 4788
4 4786 4790 4791 4787
4 4784 4786 4787 4785
4 4788 4789 4791 4790
4 4792 4796 4798 4794
4 4793 4795 4799 4797
4 4792 4793 4797 4796
4 4794 4798 4799 4795
4 4792 4794 4795 4793
4 4796 4797 4799 4798
4 4800 4804 4806 4802
4 4801 4803 4807 4805
4 4800 4801 4805 4804
4 4802 4806 4807 4803
4 4800 4802 4803 4801
4 4804 4805 4807 4806
4 4808 4812 4814 4810
4 4809 4811 4815 4813
4 4808 4809 4813 4812
4 4810 4814 4815 4811
4 4808 4810 4811 4809
4 4812 4813 4815 4814
4 4816 4820 4822 4818
4 4817 4819 4823 4821
4 4816 4817 4821 4820
4 4818 4822 4823 4819
4 4816 4818 4819 4817
4 4820 4821 4823 4822
4 4824 4828 4830 4826
4 4825 4827 4831 4829
4 4824 4825 4829 4828
4 4826 4830 4831 4827
4 4824 4826 4827 4825
4 4828 4829 4831 4830
4 4832 4836 4838 4834
4 4833 4835 4839 4837
4 4832 4833 4837 4836
4 4834 4838 4839 4835
4 4832 4834 4835 4833
4 4836 4837 4839 4838
4 4840 4844 4846 4842
4 4841 4843 4847 4845
4 4840 4841 4845 4844
4 4842 4846 4847 4843
4 4840 4842 4843 4841
4 4844 4845 4847 4846
4 4848 4852 4854 4850
4 4849 4851 4855 4853
4 4848 4849 4853 4852
4 4850 4854 4855 4851
4 4848 4850 4851 4849
4 4852 4853 4855 4854
4 4856 4860 4862 4858
4 4857 4859 4863 4861
4 4856 4857 4861 4860
4 4858 4862 4863 4859
4 4856 4858 4859 4857
4 4860 4861 4863 4862
4 4864 4868 4870 4866
4 4865 4867 4871 4869
4 4864 4865 4869 4868
4 4866 4870 4871 4867
4 4864 4866 4867 4865
4 4868 4869 4871 4870
4 4872 4876 4878 4874
4 4873 4875 4879 4877
4 4872 4873 4877 4876
4 4874 4878 4879 4875
4 4872 4874 4875 4873
4 4876 4877 4879 4878
4 4880 4884 4886 4882
4 4881 4883 4887 4885
4 4880 4881 4885 4884
4 4882 4886 4887 4883
4 4880 4882 4883 4881
4 4884 4885 4887 4886
4 4888 4892 4894 4890
4 4889 4891 4895 4893
4 4888 4889 4893 4892
4 4890 4894 4895 4891
4 4888 4890 4891 4889
4 4892 4893 4895 4894
4 4896 4900 4902 4898
4 4897 4899 4903 4901
4 4896 4897 4901 4900
4 4898 4902 4903 4899
4 4896 4898 4899 4897
4 4900 4901 4903 4902
4 4904 4908 4910 4906
4 4905 4907 4911 4909
4 4904 4905 4909 4908
4 4906 4910 4911 4907
4 4904 4906 4907 4905
4 4908 4909 4911 4910
4 4912 4916 4918 4914
4 4913 4915 4919 4917
4 4912 4913 4917 4916
4 4914 4918 4919 4915
4 4912 4914 4915 4913
4 4916 4917 4919 4918
4 4920 4924 4926 4922
4 4921 4923 4927 4925
4 4920 4921 4925 4924
4 4922 4926 4927 4923
4 4920 4922 4923 4921
4 4924 4925 4927 4926
4 4928 4932 4934 4930
4 4929 4931 4935 4933
4 4928 4929 4933 4932
4 4930 4934 4935 4931
4 4928 4930 4931 4929
4 4932 4933 4935 4934
4 4936 4940 4942 4938
4 4937 4939 4943 4941
4 4936 4937 4941 4940
4 4938 4942 4943 4939
4 4936 4938 4939 4937
4 4940 4941 4943 4942
4 4944 4948 4950 4946
4 4945 4947 4951 4949
4 4944 4945 4949 4948
4 4946 4950 4951 4947
4 4944 4946 4947 4945
4 4948 4949 4951 4950
4 4952 4956 4958 4954
4 4953 4955 4959 4957
4 4952 4953 4957 4956
4 4954 4958 4959 4955
4 4952 4954 4955 4953
4 4956 4957 4959 4958
4 4960 4964 4966 4962
4 4961 4963 4967 4965
4 4960 4961 4965 4964
4 4962 4966 4967 4963
4 4960 4962 4963 4961
4 4964 4965 4967 4966
4 4968 4972 4974 4970
4 4969 4971 4975 4973
4 4968 4969 4973 4972
4 4970 4974 4975 4971
4 4968 4970 4971 4969
4 4972 4973 4975 4974
4 4976 4980 4982 4978
4 4977 4979 4983 4981
4 4976 4977 4981 4980
4 4978 4982 4983 4979
4 4976 4978 4979 4977
4 4980 4981 4983 4982
4 4984 4988 4990 4986
4 4985 4987 4991 4989
4 4984 4985 4989 4988
4 4986 4990 4991 4987
4 4984 4986 4987 4985
4 4988 4989 4991 4990
4 4992 4996 4998 4994
4 4993 4995 4999 4997
4 4992 4993 4997 4996
4 4994 4998 4999 4995
4 4992 4994 4995 4993
4 4996 4997 4999 4998
4 5000 5004 5006 5002
4 5001 5003 5007 5005
4 5000 5001 5005 5004
4 5002 5006 5007 5003
4 5000 5002 5003 5001
4 5004 5005 5007 5006
4 5008 5012 5014 5010
4 5009 5011 5015 5013
4 5008 5009 5013 5012
4 5010 5014 5015 5011
4 5008 5010 5011 5009
4 5012 5013 5015 5014
4 5016 5020 5022 5018
4 5017 5019 5023 5021
4 5016 5017 5021 5020
4 5018 5022 5023 5019
4 5016 5018 5019 5017
4 5020 5021 5023 5022
4 5024 5028 5030 5026
4 5025 5027 5031 5029
4 5024 5025 5029 5028
4 5026 5030 5031 5027
4 5024 5026 5027 5025
4 5028 5029 5031 5030
4 5032 5036 5038 5034
4 5033 5035 5039 5037
4 5032 5033 5037 5036
4 5034 5038 5039 5035
4 5032 5034 5035 5033
4 5036 5037 5039 5038
4 5040 5044 5046 5042
4 5041 5043 5047 5045
4 5040 5041 5045 5044
4 5042 5046 5047 5043
4 5040 5042 5043 5041
4 5044 5045 5047 5046
4 5048 5052 5054 5050
4 5049 5051 5055 5053
4 5048 5049 5053 5052
4 5050 5054 5055 5051
4 5048 5050 5051 5049
4 5052 5053 5055 5054
4 5056 5060 5062 5058
4 5057 5059 5063 5061
4 5056 5057 5061 5060
4 5058 5062 5063 5059
4 5056 5058 5059 5057
4 5060 5061 5063 5062
4 5064 5068 5070 5066
4 5065 5067 5071 5069
4 5064 5065 5069 5068
4 5066 5070 5071 5067
4 5064 5066 5067 5065
4 5068 5069 5071 5070
4 5072 5076 5078 5074
4 5073 5075 5079 5077
4 5072 5073 5077 5076
4 5074 5078 5079 5075
4 5072 5074 5075 5073
4 5076 5077 5079 5078
4 5080 5084 5086 5082
4 5081 5083 5087 5085
4 5080 5081 5085 5084
4 5082 5086 5087 5083
4 5080 5082 5083 5081
4 5084 5085 5087 5086
4 5088 5092 5094 5090
4 5089 5091 5095 5093
4 5088 5089 5093 5092
4 5090 5094 5095 5091
4 5088 5090 5091 5089
4 5092 5093 5095 5094
4 5096 5100 5102 5098
4 5097 5099 5103 5101
4 5096 5097 5101 5100
4 5098 5102 5103 5099
4 5096 5098 5099 5097
4 5100 5101 5103 5102
4 5104 5108 5110 5106
4 5105 5107 5111 5109
4 5104 5105 5109 5108
4 5106 5110 5111 5107
4 5104 5106 5107 5105
4 5108 5109 5111 5110
4 5112 5116 5118 5114
4 5113 5115 5119 5117
4 5112 5113 5117 5116
4 5114 5118 5119 5115
4 5112 5114 5115 5113
4 5116 5117 5119 5118
4 5120 5124 5126 5122
4 5121 5123 5127 5125
4 5120 5121 5125 5124
4 5122 5126 5127 5123
4 5120 5122 5123 5121
4 5124 5125 5127 5126
4 5128 5132 5134 5130
4 5129 5131 5135 5133
4 5128 5129 5133 5132
4 5130 5134 5135 5131
4 5128 5130 5131 5129
4 5132 5133 5135 5134
4 5136 5140 5142 5138
4 5137 5139 5143 5141
4 5136 5137 5141 5140
4 5138 5142 5143 5139
4 5136 5138 5139 5137
4 5140 5141 5143 5142
4 5144 5148 5150 5146
4 5145 5147 5151 5149
4 5144 5145 5149 5148
4 5146 5150 5151 5147
4 5144 5146 5147 5145
4 5148 5149 5151 5150
4 5152 5156 5158 5154
4 5153 5155 5159 5157
4 5152 5153 5157 5156
4 5154 5158 5159 5155
4 5152 5154 5155 5153
4 5156 5157 5159 5158
4 5160 5164 5166 5162
4 5161 5163 5167 5165
4 5160 5161 5165 5164
4 5162 5166 5167 5163
4 5160 5162 5163 5161
4 5164 5165 5167 5166
4 5168 5172 5174 5170
4 5169 5171 5175 5173
4 5168 5169 5173 5172
4 5170 5174 5175 5171
4 5168 5170 5171 5169
4 5172 5173 5175 5174
4 5176 5180 5182 5178
4 5177 5179 5183 5181
4 5176 5177 5181 5180
4 5178 5182 5183 5179
4 5176 5178 5179 5177
4 5180 5181 5183 5182
4 5184 5188 5190 5186
4 5185 5187 5191 5189
4 5184 5185 5189 5188
4 5186 5190 5191 5187
4 5184 5186 5187 5185
4 5188 5189 5191 5190
4 5192 5196 5198 5194
4 5193 5195 5199 5197
4 5192 5193 5197 5196
4 5194 5198 5199 5195
4 5192 5194 5195 5193
4 5196 5197 5199 5198
4 5200 5204 5206 5202
4 5201 5203 5207 5205
4 5200 5201 5205 5204
4 5202 5206 5207 5203
4 5200 5202 5203 5201
4 5204 5205 5207 5206
4 5208 5212 5214 5210
4 5209 5211 5215 5213
4 5208 5209 5213 5212
4 5210 5214 5215 5211
4 5208 5210 5211 5209
4 5212 5213 5215 5214
4 5216 5220 5222 5218
4 5217 5219 5223 5221
4 5216 5217 5221 5220
4 5218 5222 5223 5219
4 5216 5218 5219 5217
4 5220 5221 5223 5222
4 5224 5228 5230 5226
4 5225 5227 5231 5229
4 5224 5225 5229 5228
4 5226 5230 5231 5227
4 5224 5226 5227 5225
4 5228 5229 5231 5230
4 5232 5236 5238 5234
4 5233 5235 5239 5237
4 5232 5233 5237 5236
4 5234 5238 5239 5235
4 5232 5234 5235 5233
4 5236 5237 5239 5238
4 5240 5244 5246 5242
4 5241 5243 5247 5245
4 5240 5241 5245 5244
4 5242 5246 5247 5243
4 5240 5242 5243 5241
4 5244 5245 5247 5246
4 5248 5252 5254 5250
4 5249 5251 5255 5253
4 5248 5249 5253 5252
4 5250 5254 5255 5251
4 5248 5250 5251 5249
4 5252 5253 5255 5254
4 5256 5260 5262 5258
4 5257 5259 5263 5261
4 5256 5257 5261 5260
4 5258 5262 5263 5259
4 5256 5258 5259 5257
4 5260 5261 5263 5262
4 5264 5268 5270 5266
4 5265 5267 5271 5269
4 5264 5265 5269 5268
4 5266 5270 5271 5267
4 5264 5266 5267 5265
4 5268 5269 5271 5270
4 5272 5276 5278 5274
4 5273 5275 5279 5277
4 5272 5273 5277 5276
4 5274 5278 5279 5275
4 5272 5274 5275 5273
4 5276 5277 5279 5278
4 5280 5284 5286 5282
4 5281 5283 5287 5285
4 5280 5281 5285 5284
4 5282 5286 5287 5283
4 5280 5282 5283 5281
4 5284 5285 5287 5286
4 5288 5292 5294 5290
4 5289 5291 5295 5293
4 5288 5289 5293 5292
4 5290 5294 5295 5291
4 5288 5290 5291 5289
4 5292 5293 5295 5294
4 5296 5300 5302 5298
4 5297 5299 5303 5301
4 5296 5297 5301 5300
4 5298 5302 5303 5299
4 5296 5298 5299 5297
4 5300 5301 5303 5302
4 5304 5308 5310 5306
4 5305 5307 5311 5309
4 5304 5305 5309 5308
4 5306 5310 5311 5307
4 5304 5306 5307 5305
4 5308 5309 5311 5310
4 5312 5316 5318 5314
4 5313 5315 5319 5317
4 5312 5313 5317 5316
4 5314 5318 5319 5315
4 5312 5314 5315 5313
4 5316 5317 5319 5318
4 5320 5324 5326 5322
4 5321 5323 5327 5325
4 5320 5321 5325 5324
4 5322 5326 5327 5323
4 5320 5322 5323 5321
4 5324 5325 5327 5326
4 5328 5332 5334 5330
4 5329 5331 5335 5333
4 5328 5329 5333 5332
4 5330 5334 5335 5331
4 5328 5330 5331 5329
4 5332 5333 5335 5334
4 5336 5340 5342 5338
4 5337 5339 5343 5341
4 5336 5337 5341 5340
4 5338 5342 5343 5339
4 5336 5338 5339 5337
4 5340 5341 5343 5342
4 5344 5348 5350 5346
4 5345 5347 5351 5349
4 5344 5345 5349 5348
4 5346 5350 5351 5347
4 5344 5346 5347 5345
4 5348 5349 5351 5350
4 5352 5356 5358 5354
4 5353 5355 5359 5357
4 5352 5353 5357 5356
4 5354 5358 5359 5355
4 5352 5354 5355 5353
4 5356 5357 5359 5358
4 5360 5364 5366 5362
4 5361 5363 5367 5365
4 5360 5361 5365 5364
4 5362 5366 5367 5363
4 5360 5362 5363 5361
4 5364 5365 5367 5366
4 5368 5372 5374 5370
4 5369 5371 5375 5373
4 5368 5369 5373 5372
4 5370 5374 5375 5371
4 5368 5370 5371 5369
4 5372 5373 5375 5374
4 5376 5380 5382 5378
4 5377 5379 5383 5381
4 5376 5377 5381 5380
4 5378 5382 5383 5379
4 5376 5378 5379 5377
4 5380 5381 5383 5382
4 5384 5388 5390 5386
4 5385 5387 5391 5389
4 5384 5385 5389 5388
4 5386 5390 5391 5387
4 5384 5386 5387 5385
4 5388 5389 5391 5390
4 5392 5396 5398 5394
4 5393 5395 5399 5397
4 5392 5393 5397 5396
4 5394 5398 5399 5395
4 5392 5394 5395 5393
4 5396 5397 5399 5398
4 5400 5404 5406 5402
4 5401 5403 5407 5405
4 5400 5401 5405 5404
4 5402 5406 5407 5403
4 5400 5402 5403 5401
4 5404 5405 5407 5406
4 5408 5412 5414 5410
4 5409 5411 5415 5413
4 5408 5409 5413 5412
4 5410 5414 5415 5411
4 5408 5410 5411 5409
4 5412 5413 5415 5414
4 5416 5420 5422 5418
4 5417 5419 5423 5421
4 5416 5417 5421 5420
4 5418 5422 5423 5419
4 5416 5418 5419 5417
4 5420 5421 5423 5422
4 5424 5428 5430 5426
4 5425 5427 5431 5429
4 5424 5425 5429 5428
4 5426 5430 5431 5427
4 5424 5426 5427 5425
4 5428 5429 5431 5430
4 5432 5436 5438 5434
4 5433 5435 5439 5437
4 5432 5433 5437 5436
4 5434 5438 5439 5435
4 5432 5434 5435 5433
4 5436 5437 5439 5438
4 5440 5444 5446 5442
4 5441 5443 5447 5445
4 5440 5441 5445 5444
4 5442 5446 5447 5443
4 5440 5442 5443 5441
4 5444 5445 5447 5446
4 5448 5452 5454 5450
4 5449 5451 5455 5453
4 5448 5449 5453 5452
4 5450 5454 5455 5451
4 5448 5450 5451 5449
4 5452 5453 5455 5454
4 5456 5460 5462 5458
4 5457 5459 5463 5461
4 5456 5457 5461 5460
4 5458 5462 5463 5459
4 5456 5458 5459 5457
4 5460 5461 5463 5462
4 5464 5468 5470 5466
4 5465 5467 5471 5469
4 5464 5465 5469 5468
4 5466 5470 5471 5467
4 5464 5466 5467 5465
4 5468 5469 5471 5470
4 5472 5476 5478 5474
4 5473 5475 5479 5477
4 5472 5473 5477 5476
4 5474 5478 5479 5475
4 5472 5474 5475 5473
4 5476 5477 5479 5478
4 5480 5484 5486 5482
4 5481 5483 5487 5485
4 5480 5481 5485 5484
4 5482 5486 5487 5483
4 5480 5482 5483 5481
4 5484 5485 5487 5486
4 5488 5492 5494 5490
4 5489 5491 5495 5493
4 5488 5489 5493 5492
4 5490 5494 5495 5491
4 5488 5490 5491 5489
4 5492 5493 5495 5494
4 5496 5500 5502 5498
4 5497 5499 5503 5501
4 5496 5497 5501 5500
4 5498 5502 5503 5499
4 5496 5498 5499 5497
4 5500 5501 5503 5502
4 5504 5508 5510 5506
4 5505 5507 5511 5509
4 5504 5505 5509 5508
4 5506 5510 5511 5507
4 5504 5506 5507 5505
4 5508 5509 5511 5510
4 5512 5516 5518 5514
4 5513 5515 5519 5517
4 5512 5513 5517 5516
4 5514 5518 5519 5515
4 5512 5514 5515 5513
4 5516 5517 5519 5518
4 5520 5524 5526 5522
4 5521 5523 5527 5525
4 5520 5521 5525 5524
4 5522 5526 5527 5523
4 5520 5522 5523 5521
4 5524 5525 5527 5526
4 5528 5532 5534 5530
4 5529 5531 5535 5533
4 5528 5529 5533 5532
4 5530 5534 5535 5531
4 5528 5530 5531 5529
4 5532 5533 5535 5534
4 5536 5540 5542 5538
4 5537 5539 5543 5541
4 5536 5537 5541 5540
4 5538 5542 5543 5539
4 5536 5538 5539 5537
4 5540 5541 5543 5542
4 5544 5548 5550 5546
4 5545 5547 5551 5549
4 5544 5545 5549 5548
4 5546 5550 5551 5547
4 5544 5546 5547 5545
4 5548 5549 5551 5550
4 5552 5556 5558 5554
4 5553 5555 5559 5557
4 5552 5553 5557 5556
4 5554 5558 5559 5555
4 5552 5554 5555 5553
4 5556 5557 5559 5558
4 5560 5564 5566 5562
4 5561 5563 5567 5565
4 5560 5561 5565 5564
4 5562 5566 5567 5563
4 5560 5562 5563 5561
4 5564 5565 5567 5566
4 5568 5572 5574 5570
4 5569 5571 5575 5573
4 5568 5569 5573 5572
4 5570 5574 5575 5571
4 5568 5570 5571 5569
4 5572 5573 5575 5574
4 5576 5580 5582 5578
4 5577 5579 5583 5581
4 5576 5577 5581 5580
4 5578 5582 5583 5579
4 5576 5578 5579 5577
4 5580 5581 5583 5582
4 5584 5588 5590 5586
4 5585 5587 5591 5589
4 5584 5585 5589 5588
4 5586 5590 5591 5587
4 5584 5586 5587 5585
4 5588 5589 5591 5590
4 5592 5596 5598 5594
4 5593 5595 5599 5597
4 5592 5593 5597 5596
4 5594 5598 5599 5595
4 5592 5594 5595 5593
4 5596 5597 5599 5598
4 5600 5604 5606 5602
4 5601 5603 5607 5605
4 5600 5601 5605 5604
4 5602 5606 5607 5603
4 5600 5602 5603 5601
4 5604 5605 5607 5606
4 5608 5612 5614 5610
4 5609 5611 5615 5613
4 5608 5609 5613 5612
4 5610 5614 5615 5611
4 5608 5610 5611 5609
4 5612 5613 5615 5614
4 5616 5620 5622 5618
4 5617 5619 5623 5621
4 5616 5617 5621 5620
4 5618 5622 5623 5619
4 5616 5618 5619 5617
4 5620 5621 5623 5622
4 5624 5628 5630 5626
4 5625 5627 5631 5629
4 5624 5625 5629 5628
4 5626 5630 5631 5627
4 5624 5626 5627 5625
4 5628 5629 5631 5630
4 5632 5636 5638 5634
4 5633 5635 5639 5637
4 5632 5633 5637 5636
4 5634 5638 5639 5635
4 5632 5634 5635 5633
4 5636 5637 5639 5638
4 5640 5644 5646 5642
4 5641 5643 5647 5645
4 5640 5641 5645 5644
4 5642 5646 5647 5643
4 5640 5642 5643 5641
4 5644 5645 5647 5646
4 5648 5652 5654 5650
4 5649 5651 5655 5653
4 5648 5649 5653 5652
4 5650 5654 5655 5651
4 5648 5650 5651 5649
4 5652 5653 5655 5654
4 5656 5660 5662 5658
4 5657 5659 5663 5661
4 5656 5657 5661 5660
4 5658 5662 5663 5659
4 5656 5658 5659 5657
4 5660 5661 5663 5662
4 5664 5668 5670 5666
4 5665 5667 5671 5669
4 5664 5665 5669 5668
4 5666 5670 5671 5667
4 5664 5666 5667 5665
4 5668 5669 5671 5670
4 5672 5676 5678 5674
4 5673 5675 5679 5677
4 5672 5673 5677 5676
4 5674 5678 5679 5675
4 5672 5674 5675 5673
4 5676 5677 5679 5678
4 5680 5684 5686 5682
4 5681 5683 5687 5685
4 5680 5681 5685 5684
4 5682 5686 5687 5683
4 5680 5682 5683 5681
4 5684 5685 5687 5686
4 5688 5692 5694 5690
4 5689 5691 5695 5693
4 5688 5689 5693 5692
4 5690 5694 5695 5691
4 5688 5690 5691 5689
4 5692 5693 5695 5694
4 5696 5700 5702 5698
4 5697 5699 5703 5701
4 5696 5697 5701 5700
4 5698 5702 5703 5699
4 5696 5698 5699 5697
4 5700 5701 5703 5702
4 5704 5708 5710 5706
4 5705 5707 5711 5709
4 5704 5705 5709 5708
4 5706 5710 5711 5707
4 5704 5706 5707 5705
4 5708 5709 5711 5710
4 5712 5716 5718 5714
4 5713 5715 5719 5717
4 5712 5713 5717 5716
4 5714 5718 5719 5715
4 5712 5714 5715 5713
4 5716 5717 5719 5718
4 5720 5724 5726 5722
4 5721 5723 5727 5725
4 5720 5721 5725 5724
4 5722 5726 5727 5723
4 5720 5722 5723 5721
4 5724 5725 5727 5726
4 5728 5732 5734 5730
4 5729 5731 5735 5733
4 5728 5729 5733 5732
4 5730 5734 5735 5731
4 5728 5730 5731 5729
4 5732 5733 5735 5734
4 5736 5740 5742 5738
4 5737 5739 5743 5741
4 5736 5737 5741 5740
4 5738 5742 5743 5739
4 5736 5738 5739 5737
4 5740 5741 5743 5742
4 5744 5748 5750 5746
4 5745 5747 5751 5749
4 5744 5745 5749 5748
4 5746 5750 5751 5747
4 5744 5746 5747 5745
4 5748 5749 5751 5750
4 5752 5756 5758 5754
4 5753 5755 5759 5757
4 5752 5753 5757 5756
4 5754 5758 5759 5755
4 5752 5754 5755 5753
4 5756 5757 5759 5758
4 5760 5764 5766 5762
4 5761 5763 5767 5765
4 5760 5761 5765 5764
4 5762 5766 5767 5763
4 5760 5762 5763 5761
4 5764 5765 5767 5766
4 5768 5772 5774 5770
4 5769 5771 5775 5773
4 5768 5769 5773 5772
4 5770 5774 5775 5771
4 5768 5770 5771 5769
4 5772 5773 5775 5774
4 5776 5780 5782 5778
4 5777 5779 5783 5781
4 5776 5777 5781 5780
4 5778 5782 5783 5779
4 5776 5778 5779 5777
4 5780 5781 5783 5782
4 5784 5788 5790 5786
4 5785 5787 5791 5789
4 5784 5785 5789 5788
4 5786 5790 5791 5787
4 5784 5786 5787 5785
4 5788 5789 5791 5790
4 5792 5796 5798 5794
4 5793 5795 5799 5797
4 5792 5793 5797 5796
4 5794 5798 5799 5795
4 5792 5794 5795 5793
4 5796 5797 5799 5798
4 5800 5804 5806 5802
4 5801 5803 5807 5805
4 5800 5801 5805 5804
4 5802 5806 5807 5803
4 5800 5802 5803 5801
4 5804 5805 5807 5806
4 5808 5812 5814 5810
4 5809 5811 5815 5813
4 5808 5809 5813 5812
4 5810 5814 5815 5811
4 5808 5810 5811 5809
4 5812 5813 5815 5814
4 5816 5820 5822 5818
4 5817 5819 5823 5821
4 5816 5817 5821 5820
4 5818 5822 5823 5819
4 5816 5818 5819 5817
4 5820 5821 5823 5822
4 5824 5828 5830 5826
4 5825 5827 5831 5829
4 5824 5825 5829 5828
4 5826 5830 5831 5827
4 5824 5826 5827 5825
4 5828 5829 5831 5830
4 5832 5836 5838 5834
4 5833 5835 5839 5837
4 5832 5833 5837 5836
4 5834 5838 5839 5835
4 5832 5834 5835 5833
4 5836 5837 5839 5838
4 5840 5844 5846 5842
4 5841 5843 5847 5845
4 5840 5841 5845 5844
4 5842 5846 5847 5843
4 5840 5842 5843 5841
4 5844 5845 5847 5846
4 5848 5852 5854 5850
4 5849 5851 5855 5853
4 5848 5849 5853 5852
4 5850 5854 5855 5851
4 5848 5850 5851 5849
4 5852 5853 5855 5854
4 5856 5860 5862 5858
4 5857 5859 5863 5861
4 5856 5857 5861 5860
4 5858 5862 5863 5859
4 5856 5858 5859 5857
4 5860 5861 5863 5862
4 5864 5868 5870 5866
4 5865 5867 5871 5869
4 5864 5865 5869 5868
4 5866 5870 5871 5867
4 5864 5866 5867 5865
4 5868 5869 5871 5870
4 5872 5876 5878 5874
4 5873 5875 5879 5877
4 5872 5873 5877 5876
4 5874 5878 5879 5875
4 5872 5874 5875 5873
4 5876 5877 5879 5878
4 5880 5884 5886 5882
4 5881 5883 5887 5885
4 5880 5881 5885 5884
4 5882 5886 5887 5883
4 5880 5882 5883 5881
4 5884 5885 5887 5886
4 5888 5892 5894 5890
4 5889 5891 5895 5893
4 5888 5889 5893 5892
4 5890 5894 5895 5891
4 5888 5890 5891 5889
4 5892 5893 5895 5894
4 5896 5900 5902 5898
4 5897 5899 5903 5901
4 5896 5897 5901 5900
4 5898 5902 5903 5899
4 5896 5898 5899 5897
4 5900 5901 5903 5902
4 5904 5908 5910 5906
4 5905 5907 5911 5909
4 5904 5905 5909 5908
4 5906 5910 5911 5907
4 5904 5906 5907 5905
4 5908 5909 5911 5910
4 5912 5916 5918 5914
4 5913 5915 5919 5917
4 5912 5913 5917 5916
4 5914 5918 5919 5915
4 5912 5914 5915 5913
4 5916 5917 5919 5918
4 5920 5924 5926 5922
4 5921 5923 5927 5925
4 5920 5921 5925 5924
4 5922 5926 5927 5923
4 5920 5922 5923 5921
4 5924 5925 5927 5926
4 5928 5932 5934 5930
4 5929 5931 5935 5933
4 5928 5929 5933 5932
4 5930 5934 5935 5931
4 5928 5930 5931 5929
4 5932 5933 5935 5934
4 5936 5940 5942 5938
4 5937 5939 5943 5941
4 5936 5937 5941 5940
4 5938 5942 5943 5939
4 5936 5938 5939 5937
4 5940 5941 5943 5942
4 5944 5948 5950 5946
4 5945 5947 5951 5949
4 5944 5945 5949 5948
4 5946 5950 5951 5947
4 5944 5946 5947 5945
4 5948 5949 5951 5950
4 5952 5956 5958 5954
4 5953 5955 5959 5957
4 5952 5953 5957 5956
4 5954 5958 5959 5955
4 5952 5954 5955 5953
4 5956 5957 5959 5958
4 5960 5964 5966 5962
4 5961 5963 5967 5965
4 5960 5961 5965 5964
4 5962 5966 5967 5963
4 5960 5962 5963 5961
4 5964 5965 5967 5966
4 5968 5972 5974 5970
4 5969 5971 5975 5973
4 5968 5969 5973 5972
4 5970 5974 5975 5971
4 5968 5970 5971 5969
4 5972 5973 5975 5974
4 5976 5980 5982 5978
4 5977 5979 5983 5981
4 5976 5977 5981 5980
4 5978 5982 5983 5979
4 5976 5978 5979 5977
4 5980 5981 5983 5982
4 5984 5988 5990 5986
4 5985 5987 5991 5989
4 5984 5985 5989 5988
4 5986 5990 5991 5987
4 5984 5986 5987 5985
4 5988 5989 5991 5990
4 5992 5996 5998 5994
4 5993 5995 5999 5997
4 5992 5993 5997 5996
4 5994 5998 5999 5995
4 5992 5994 5995 5993
4 5996 5997 5999 5998
4 6000 6004 6006 6002
4 6001 6003 6007 6005
4 6000 6001 6005 6004
4 6002 6006 6007 6003
4 6000 6002 6003 6001
4 6004 6005 6007 6006
4 6008 6012 6014 6010
4 6009 6011 6015 6013
4 6008 6009 6013 6012
4 6010 6014 6015 6011
4 6008 6010 6011 6009
4 6012 6013 6015 6014
4 6016 6020 6022 6018
4 6017 6019 6023 6021
4 6016 6017 6021 6020
4 6018 6022 6023 6019
4 6016 6018 6019 6017
4 6020 6021 6023 6022
4 6024 6028 6030 6026
4 6025 6027 6031 6029
4 6024 6025 6029 6028
4 6026 6030 6031 6027
4 6024 6026 6027 6025
4 6028 6029 6031 6030
4 6032 6036 6038 6034
4 6033 6035 6039 6037
4 6032 6033 6037 6036
4 6034 6038 6039 6035
4 6032 6034 6035 6033
4 6036 6037 6039 6038
4 6040 6044 6046 6042
4 6041 6043 6047 6045
4 6040 6041 6045 6044
4 6042 6046 6047 6043
4 6040 6042 6043 6041
4 6044 6045 6047 6046
4 6048 6052 6054 6050
4 6049 6051 6055 6053
4 6048 6049 6053 6052
4 6050 6054 6055 6051
4 6048 6050 6051 6049
4 6052 6053 6055 6054
4 6056 6060 6062 6058
4 6057 6059 6063 6061
4 6056 6057 6061 6060
4 6058 6062 6063 6059
4 6056 6058 6059 6057
4 6060 6061 6063 6062
4 6064 6068 6070 6066
4 6065 6067 6071 6069
4 6064 6065 6069 6068
4 6066 6070 6071 6067
4 6064 6066 6067 6065
4 6068 6069 6071 6070
4 6072 6076 6078 6074
4 6073 6075 6079 6077
4 6072 6073 6077 6076
4 6074 6078 6079 6075
4 6072 6074 6075 6073
4 6076 6077 6079 6078
4 6080 6084 6086 6082
4 6081 6083 6087 6085
4 6080 6081 6085 6084
4 6082 6086 6087 6083
4 6080 6082 6083 6081
4 6084 6085 6087 6086
4 6088 6092 6094 6090
4 6089 6091 6095 6093
4 6088 6089 6093 6092
4 6090 6094 6095 6091
4 6088 6090 6091 6089
4 6092 6093 6095 6094
4 6096 6100 6102 6098
4 6097 6099 6103 6101
4 6096 6097 6101 6100
4 6098 6102 6103 6099
4 6096 6098 6099 6097
4 6100 6101 6103 6102
4 6104 6108 6110 6106
4 6105 6107 6111 6109
4 6104 6105 6109 6108
4 6106 6110 6111 6107
4 6104 6106 6107 6105
4 6108 6109 6111 6110
4 6112 6116 6118 6114
4 6113 6115 6119 6117
4 6112 6113 6117 6116
4 6114 6118 6119 6115
4 6112 6114 6115 6113
4 6116 6117 6119 6118
4 6120 6124 6126 6122
4 6121 6123 6127 6125
4 6120 6121 6125 6124
4 6122 6126 6127 6123
4 6120 6122 6123 6121
4 6124 6125 6127 6126
4 6128 6132 6134 6130
4 6129 6131 6135 6133
4 6128 6129 6133 6132
4 6130 6134 6135 6131
4 6128 6130 6131 6129
4 6132 6133 6135 6134
4 6136 6140 6142 6138
4 6137 6139 6143 6141
4 6136 6137 6141 6140
4 6138 6142 6143 6139
4 6136 6138 6139 6137
4 6140 6141 6143 6142
4 6144 6148 6150 6146
4 6145 6147 6151 6149
4 6144 6145 6149 6148
4 6146 6150 6151 6147
4 6144 6146 6147 6145
4 6148 6149 6151 6150
4 6152 6156 6158 6154
4 6153 6155 6159 6157
4 6152 6153 6157 6156
4 6154 6158 6159 6155
4 6152 6154 6155 6153
4 6156 6157 6159 6158
4 6160 6164 6166 6162
4 6161 6163 6167 6165
4 6160 6161 6165 6164
4 6162 6166 6167 6163
4 6160 6162 6163 6161
4 6164 6165 6167 6166
4 6168 6172 6174 6170
4 6169 6171 6175 6173
4 6168 6169 6173 6172
4 6170 6174 6175 6171
4 6168 6170 6171 6169
4 6172 6173 6175 6174
4 6176 6180 6182 6178
4 6177 6179 6183 6181
4 6176 6177 6181 6180
4 6178 6182 6183 6179
4 6176 6178 6179 6177
4 6180 6181 6183 6182
4 6184 6188 6190 6186
4 6185 6187 6191 6189
4 6184 6185 6189 6188
4 6186 6190 6191 6187
4 6184 6186 6187 6185
4 6188 6189 6191 6190
4 6192 6196 6198 6194
4 6193 6195 6199 6197
4 6192 6193 6197 6196
4 6194 6198 6199 6195
4 6192 6194 6195 6193
4 6196 6197 6199 6198
4 6200 6204 6206 6202
4 6201 6203 6207 6205
4 6200 6201 6205 6204
4 6202 6206 6207 6203
4 6200 6202 6203 6201
4 6204 6205 6207 6206
4 6208 6212 6214 6210
4 6209 6211 6215 6213
4 6208 6209 6213 6212
4 6210 6214 6215 6211
4 6208 6210 6211 6209
4 6212 6213 6215 6214
4 6216 6220 6222 6218
4 6217 6219 6223 6221
4 6216 6217 6221 6220
4 6218 6222 6223 6219
4 6216 6218 6219 6217
4 6220 6221 6223 6222
4 6224 6228 6230 6226
4 6225 6227 6231 6229
4 6224 6225 6229 6228
4 6226 6230 6231 6227
4 6224 6226 6227 6225
4 6228 6229 6231 6230
4 6232 6236 6238 6234
4 6233 6235 6239 6237
4 6232 6233 6237 6236
4 6234 6238 6239 6235
4 6232 6234 6235 6233
4 6236 6237 6239 6238
4 6240 6244 6246 6242
4 6241 6243 6247 6245
4 6240 6241 6245 6244
4 6242 6246 6247 6243
4 6240 6242 6243 6241
4 6244 6245 6247 6246
4 6248 6252 6254 6250
4 6249 6251 6255 6253
4 6248 6249 6253 6252
4 6250 6254 6255 6251
4 6248 6250 6251 6249
4 6252 6253 6255 6254
4 6256 6260 6262 6258
4 6257 6259 6263 6261
4 6256 6257 6261 6260
4 6258 6262 6263 6259
4 6256 6258 6259 6257
4 6260 6261 6263 6262
4 6264 6268 6270 6266
4 6265 6267 6271 6269
4 6264 6265 6269 6268
4 6266 6270 6271 6267
4 6264 6266 6267 6265
4 6268 6269 6271 6270
4 6272 6276 6278 6274
4 6273 6275 6279 6277
4 6272 6273 6277 6276
4 6274 6278 6279 6275
4 6272 6274 6275 6273
4 6276 6277 6279 6278
4 6280 6284 6286 6282
4 6281 6283 6287 6285
4 6280 6281 6285 6284
4 6282 6286 6287 6283
4 6280 6282 6283 6281
4 6284 6285 6287 6286
4 6288 6292 6294 6290
4 6289 6291 6295 6293
4 6288 6289 6293 6292
4 6290 6294 6295 6291
4 6288 6290 6291 6289
4 6292 6293 6295 6294
4 6296 6300 6302 6298
4 6297 6299 6303 6301
4 6296 6297 6301 6300
4 6298 6302 6303 6299
4 6296 6298 6299 6297
4 6300 6301 6303 6302
4 6304 6308 6310 6306
4 6305 6307 6311 6309
4 6304 6305 6309 6308
4 6306 6310 6311 6307
4 6304 6306 6307 6305
4 6308 6309 6311 6310
4 6312 6316 6318 6314
4 6313 6315 6319 6317
4 6312 6313 6317 6316
4 6314 6318 6319 6315
4 6312 6314 6315 6313
4 6316 6317 6319 6318
4 6320 6324 6326 6322
4 6321 6323 6327 6325
4 6320 6321 6325 6324
4 6322 6326 6327 6323
4 6320 6322 6323 6321
4 6324 6325 6327 6326
4 6328 6332 6334 6330
4 6329 6331 6335 6333
4 6328 6329 6333 6332
4 6330 6334 6335 6331
4 6328 6330 6331 6329
4 6332 6333 6335 6334
4 6336 6340 6342 6338
4 6337 6339 6343 6341
4 6336 6337 6341 6340
4 6338 6342 6343 6339
4 6336 6338 6339 6337
4 6340 6341 6343 6342
4 6344 6348 6350 6346
4 6345 6347 6351 6349
4 6344 6345 6349 6348
4 6346 6350 6351 6347
4 6344 6346 6347 6345
4 6348 6349 6351 6350
4 6352 6356 6358 6354
4 6353 6355 6359 6357
4 6352 6353 6357 6356
4 6354 6358 6359 6355
4 6352 6354 6355 6353
4 6356 6357 6359 6358
4 6360 6364 6366 6362
4 6361 6363 6367 6365
4 6360 6361 6365 6364
4 6362 6366 6367 6363
4 6360 6362 6363 6361
4 6364 6365 6367 6366
4 6368 6372 6374 6370
4 6369 6371 6375 6373
4 6368 6369 6373 6372
4 6370 6374 6375 6371
4 6368 6370 6371 6369
4 6372 6373 6375 6374
4 6376 6380 6382 6378
4 6377 6379 6383 6381
4 6376 6377 6381 6380
4 6378 6382 6383 6379
4 6376 6378 6379 6377
4 6380 6381 6383 6382
4 6384 6388 6390 6386
4 6385 6387 6391 6389
4 6384 6385 6389 6388
4 6386 6390 6391 6387
4 6384 6386 6387 6385
4 6388 6389 6391 6390
4 6392 6396 6398 6394
4 6393 6395 6399 6397
4 6392 6393 6397 6396
4 6394 6398 6399 6395
4 6392 6394 6395 6393
4 6396 6397 6399 6398
4 6400 6404 6406 6402
4 6401 6403 6407 6405
4 6400 6401 6405 6404
4 6402 6406 6407 6403
4 6400 6402 6403 6401
4 6404 6405 6407 6406
4 6408 6412 6414 6410
4 6409 6411 6415 6413
4 6408 6409 6413 6412
4 6410 6414 6415 6411
4 6408 6410 6411 6409
4 6412 6413 6415 6414
4 6416 6420 6422 6418
4 6417 6419 6423 6421
4 6416 6417 6421 6420
4 6418 6422 6423 6419
4 6416 6418 6419 6417
4 6420 6421 6423 6422
4 6424 6428 6430 6426
4 6425 6427 6431 6429
4 6424 6425 6429 6428
4 6426 6430 6431 6427
4 6424 6426 6427 6425
4 6428 6429 6431 6430
4 6432 6436 6438 6434
4 6433 6435 6439 6437
4 6432 6433 6437 6436
4 6434 6438 6439 6435
4 6432 6434 6435 6433
4 6436 6437 6439 6438
4 6440 6444 6446 6442
4 6441 6443 6447 6445
4 6440 6441 6445 6444
4 6442 6446 6447 6443
4 6440 6442 6443 6441
4 6444 6445 6447 6446
4 6448 6452 6454 6450
4 6449 6451 6455 6453
4 6448 6449 6453 6452
4 6450 6454 6455 6451
4 6448 6450 6451 6449
4 6452 6453 6455 6454
4 6456 6460 6462 6458
4 6457 6459 6463 6461
4 6456 6457 6461 6460
4 6458 6462 6463 6459
4 6456 6458 6459 6457
4 6460 6461 6463 6462
4 6464 6468 6470 6466
4 6465 6467 6471 6469
4 6464 6465 6469 6468
4 6466 6470 6471 6467
4 6464 6466 6467 6465
4 6468 6469 6471 6470
4 6472 6476 6478 6474
4 6473 6475 6479 6477
4 6472 6473 6477 6476
4 6474 6478 6479 6475
4 6472 6474 6475 6473
4 6476 6477 6479 6478
4 6480 6484 6486 6482
4 6481 6483 6487 6485
4 6480 6481 6485 6484
4 6482 6486 6487 6483
4 6480 6482 6483 6481
4 6484 6485 6487 6486
4 6488 6492 6494 6490
4 6489 6491 6495 6493
4 6488 6489 6493 6492
4 6490 6494 6495 6491
4 6488 6490 6491 6489
4 6492 6493 6495 6494
4 6496 6500 6502 6498
4 6497 6499 6503 6501
4 6496 6497 6501 6500
4 6498 6502 6503 6499
4 6496 6498 6499 6497
4 6500 6501 6503 6502
4 6504 6508 6510 6506
4 6505 6507 6511 6509
4 6504 6505 6509 6508
4 6506 6510 6511 6507
4 6504 6506 6507 6505
4 6508 6509 6511 6510
4 6512 6516 6518 6514
4 6513 6515 6519 6517
4 6512 6513 6517 6516
4 6514 6518 6519 6515
4 6512 6514 6515 6513
4 6516 6517 6519 6518
4 6520 6524 6526 6522
4 6521 6523 6527 6525
4 6520 6521 6525 6524
4 6522 6526 6527 6523
4 6520 6522 6523 6521
4 6524 6525 6527 6526
4 6528 6532 6534 6530
4 6529 6531 6535 6533
4 6528 6529 6533 6532
4 6530 6534 6535 6531
4 6528 6530 6531 6529
4 6532 6533 6535 6534
4 6536 6540 6542 6538
4 6537 6539 6543 6541
4 6536 6537 6541 6540
4 6538 6542 6543 6539
4 6536 6538 6539 6537
4 6540 6541 6543 6542
4 6544 6548 6550 6546
4 6545 6547 6551 6549
4 6544 6545 6549 6548
4 6546 6550 6551 6547
4 6544 6546 6547 6545
4 6548 6549 6551 6550
4 6552 6556 6558 6554
4 6553 6555 6559 6557
4 6552 6553 6557 6556
4 6554 6558 6559 6555
4 6552 6554 6555 6553
4 6556 6557 6559 6558
4 6560 6564 6566 6562
4 6561 6563 6567 6565
4 6560 6561 6565 6564
4 6562 6566 6567 6563
4 6560 6562 6563 6561
4 6564 6565 6567 6566
4 6568 6572 6574 6570
4 6569 6571 6575 6573
4 6568 6569 6573 6572
4 6570 6574 6575 6571
4 6568 6570 6571 6569
4 6572 6573 6575 6574
4 6576 6580 6582 6578
4 6577 6579 6583 6581
4 6576 6577 6581 6580
4 6578 6582 6583 6579
4 6576 6578 6579 6577
4 6580 6581 6583 6582
4 6584 6588 6590 6586
4 6585 6587 6591 6589
4 6584 6585 6589 6588
4 6586 6590 6591 6587
4 6584 6586 6587 6585
4 6588 6589 6591 6590
4 6592 6596 6598 6594
4 6593 6595 6599 6597
4 6592 6593 6597 6596
4 6594 6598 6599 6595
4 6592 6594 6595 6593
4 6596 6597 6599 6598
4 6600 6604 6606 6602
4 6601 6603 6607 6605
4 6600 6601 6605 6604
4 6602 6606 6607 6603
4 6600 6602 6603 6601
4 6604 6605 6607 6606
4 6608 6612 6614 6610
4 6609 6611 6615 6613
4 6608 6609 6613 6612
4 6610 6614 6615 6611
4 6608 6610 6611 6609
4 6612 6613 6615 6614
4 6616 6620 6622 6618
4 6617 6619 6623 6621
4 6616 6617 6621 6620
4 6618 6622 6623 6619
4 6616 6618 6619 6617
4 6620 6621 6623 6622
4 6624 6628 6630 6626
4 6625 6627 6631 6629
4 6624 6625 6629 6628
4 6626 6630 6631 6627
4 6624 6626 6627 6625
4 6628 6629 6631 6630
4 6632 6636 6638 6634
4 6633 6635 6639 6637
4 6632 6633 6637 6636
4 6634 6638 6639 6635
4 6632 6634 6635 6633
4 6636 6637 6639 6638
4 6640 6644 6646 6642
4 6641 6643 6647 6645
4 6640 6641 6645 6644
4 6642 6646 6647 6643
4 6640 6642 6643 6641
4 6644 6645 6647 6646
4 6648 6652 6654 6650
4 6649 6651 6655 6653
4 6648 6649 6653 6652
4 6650 6654 6655 6651
4 6648 6650 6651 6649
4 6652 6653 6655 6654
4 6656 6660 6662 6658
4 6657 6659 6663 6661
4 6656 6657 6661 6660
4 6658 6662 6663 6659
4 6656 6658 6659 6657
4 6660 6661 6663 6662
4 6664 6668 6670 6666
4 6665 6667 6671 6669
4 6664 6665 6669 6668
4 6666 6670 6671 6667
4 6664 6666 6667 6665
4 6668 6669 6671 6670
4 6672 6676 6678 6674
4 6673 6675 6679 6677
4 6672 6673 6677 6676
4 6674 6678 6679 6675
4 6672 6674 6675 6673
4 6676 6677 6679 6678
4 6680 6684 6686 6682
4 6681 6683 6687 6685
4 6680 6681 6685 6684
4 6682 6686 6687 6683
4 6680 6682 6683 6681
4 6684 6685 6687 6686
4 6688 6692 6694 6690
4 6689 6691 6695 6693
4 6688 6689 6693 6692
4 6690 6694 6695 6691
4 6688 6690 6691 6689
4 6692 6693 6695 6694
4 6696 6700 6702 6698
4 6697 6699 6703 6701
4 6696 6697 6701 6700
4 6698 6702 6703 6699
4 6696 6698 6699 6697
4 6700 6701 6703 6702
4 6704 6708 6710 6706
4 6705 6707 6711 6709
4 6704 6705 6709 6708
4 6706 6710 6711 6707
4 6704 6706 6707 6705
4 6708 6709 6711 6710
4 6712 6716 6718 6714
4 6713 6715 6719 6717
4 6712 6713 6717 6716
4 6714 6718 6719 6715
4 6712 6714 6715 6713
4 6716 6717 6719 6718
4 6720 6724 6726 6722
4 6721 6723 6727 6725
4 6720 6721 6725 6724
4 6722 6726 6727 6723
4 6720 6722 6723 6721
4 6724 6725 6727 6726
4 6728 6732 6734 6730
4 6729 6731 6735 6733
4 6728 6729 6733 6732
4 6730 6734 6735 6731
4 6728 6730 6731 6729
4 6732 6733 6735 6734
4 6736 6740 6742 6738
4 6737 6739 6743 6741
4 6736 6737 6741 6740
4 6738 6742 6743 6739
4 6736 6738 6739 6737
4 6740 6741 6743 6742
4 6744 6748 6750 6746
4 6745 6747 6751 6749
4 6744 6745 6749 6748
4 6746 6750 6751 6747
4 6744 6746 6747 6745
4 6748 6749 6751 6750
4 6752 6756 6758 6754
4 6753 6755 6759 6757
4 6752 6753 6757 6756
4 6754 6758 6759 6755
4 6752 6754 6755 6753
4 6756 6757 6759 6758
4 6760 6764 6766 6762
4 6761 6763 6767 6765
4 6760 6761 6765 6764
4 6762 6766 6767 6763
4 6760 6762 6763 6761
4 6764 6765 6767 6766
4 6768 6772 6774 6770
4 6769 6771 6775 6773
4 6768 6769 6773 6772
4 6770 6774 6775 6771
4 6768 6770 6771 6769
4 6772 6773 6775 6774
4 6776 6780 6782 6778
4 6777 6779 6783 6781
4 6776 6777 6781 6780
4 6778 6782 6783 6779
4 6776 6778 6779 6777
4 6780 6781 6783 6782
4 6784 6788 6790 6786
4 6785 6787 6791 6789
4 6784 6785 6789 6788
4 6786 6790 6791 6787
4 6784 6786 6787 6785
4 6788 6789 6791 6790
4 6792 6796 6798 6794
4 6793 6795 6799 6797
4 6792 6793 6797 6796
4 6794 6798 6799 6795
4 6792 6794 6795 6793
4 6796 6797 6799 6798
4 6800 6804 6806 6802
4 6801 6803 6807 6805
4 6800 6801 6805 6804
4 6802 6806 6807 6803
4 6800 6802 6803 6801
4 6804 6805 6807 6806
4 6808 6812 6814 6810
4 6809 6811 6815 6813
4 6808 6809 6813 6812
4 6810 6814 6815 6811
4 6808 6810 6811 6809
4 6812 6813 6815 6814
4 6816 6820 6822 6818
4 6817 6819 6823 6821
4 6816 6817 6821 6820
4 6818 6822 6823 6819
4 6816 6818 6819 6817
4 6820 6821 6823 6822
4 6824 6828 6830 6826
4 6825 6827 6831 6829
4 6824 6825 6829 6828
4 6826 6830 6831 6827
4 6824 6826 6827 6825
4 6828 6829 6831 6830
4 6832 6836 6838 6834
4 6833 6835 6839 6837
4 6832 6833 6837 6836
4 6834 6838 6839 6835
4 6832 6834 6835 6833
4 6836 6837 6839 6838
4 6840 6844 6846 6842
4 6841 6843 6847 6845
4 6840 6841 6845 6844
4 6842 6846 6847 6843
4 6840 6842 6843 6841
4 6844 6845 6847 6846
4 6848 6852 6854 6850
4 6849 6851 6855 6853
4 6848 6849 6853 6852
4 6850 6854 6855 6851
4 6848 6850 6851 6849
4 6852 6853 6855 6854
4 6856 6860 6862 6858
4 6857 6859 6863 6861
4 6856 6857 6861 6860
4 6858 6862 6863 6859
4 6856 6858 6859 6857
4 6860 6861 6863 6862
4 6864 6868 6870 6866
4 6865 6867 6871 6869
4 6864 6865 6869 6868
4 6866 6870 6871 6867
4 6864 6866 6867 6865
4 6868 6869 6871 6870
4 6872 6876 6878 6874
4 6873 6875 6879 6877
4 6872 6873 6877 6876
4 6874 6878 6879 6875
4 6872 6874 6875 6873
4 6876 6877 6879 6878
4 6880 6884 6886 6882
4 6881 6883 6887 6885
4 6880 6881 6885 6884
4 6882 6886 6887 6883
4 6880 6882 6883 6881
4 6884 6885 6887 6886
4 6888 6892 6894 6890
4 6889 6891 6895 6893
4 6888 6889 6893 6892
4 6890 6894 6895 6891
4 6888 6890 6891 6889
4 6892 6893 6895 6894
4 6896 6900 6902 6898
4 6897 6899 6903 6901
4 6896 6897 6901 6900
4 6898 6902 6903 6899
4 6896 6898 6899 6897
4 6900 6901 6903 6902
4 6904 6908 6910 6906
4 6905 6907 6911 6909
4 6904 6905 6909 6908
4 6906 6910 6911 6907
4 6904 6906 6907 6905
4 6908 6909 6911 6910
4 6912 6916 6918 6914
4 6913 6915 6919 6917
4 6912 6913 6917 6916
4 6914 6918 6919 6915
4 6912 6914 6915 6913
4 6916 6917 6919 6918
4 6920 6924 6926 6922
4 6921 6923 6927 6925
4 6920 6921 6925 6924
4 6922 6926 6927 6923
4 6920 6922 6923 6921
4 6924 6925 6927 6926
4 6928 6932 6934 6930
4 6929 6931 6935 6933
4 6928 6929 6933 6932
4 6930 6934 6935 6931
4 6928 6930 6931 6929
4 6932 6933 6935 6934
4 6936 6940 6942 6938
4 6937 6939 6943 6941
4 6936 6937 6941 6940
4 6938 6942 6943 6939
4 6936 6938 6939 6937
4 6940 6941 6943 6942
4 6944 6948 6950 6946
4 6945 6947 6951 6949
4 6944 6945 6949 6948
4 6946 6950 6951 6947
4 6944 6946 6947 6945
4 6948 6949 6951 6950
4 6952 6956 6958 6954
4 6953 6955 6959 6957
4 6952 6953 6957 6956
4 6954 6958 6959 6955
4 6952 6954 6955 6953
4 6956 6957 6959 6958
4 6960 6964 6966 6962
4 6961 6963 6967 6965
4 6960 6961 6965 6964
4 6962 6966 6967 6963
4 6960 6962 6963 6961
4 6964 6965 6967 6966
4 6968 6972 6974 6970
4 6969 6971 6975 6973
4 6968 6969 6973 6972
4 6970 6974 6975 6971
4 6968 6970 6971 6969
4 6972 6973 6975 6974
4 6976 6980 6982 6978
4 6977 6979 6983 6981
4 6976 6977 6981 6980
4 6978 6982 6983 6979
4 6976 6978 6979 6977
4 6980 6981 6983 6982
4 6984 6988 6990 6986
4 6985 6987 6991 6989
4 6984 6985 6989 6988
4 6986 6990 6991 6987
4 6984 6986 6987 6985
4 6988 6989 6991 6990
4 6992 6996 6998 6994
4 6993 6995 6999 6997
4 6992 6993 6997 6996
4 6994 6998 6999 6995
4 6992 6994 6995 6993
4 6996 6997 6999 6998
4 7000 7004 7006 7002
4 7001 7003 7007 7005
4 7000 7001 7005 7004
4 7002 7006 7007 7003
4 7000 7002 7003 7001
4 7004 7005 7007 7006
4 7008 7012 7014 7010
4 7009 7011 7015 7013
4 7008 7009 7013 7012
4 7010 7014 7015 7011
4 7008 7010 7011 7009
4 7012 7013 7015 7014
4 7016 7020 7022 7018
4 7017 7019 7023 7021
4 7016 7017 7021 7020
4 7018 7022 7023 7019
4 7016 7018 7019 7017
4 7020 7021 7023 7022
4 7024 7028 7030 7026
4 7025 7027 7031 7029
4 7024 7025 7029 7028
4 7026 7030 7031 7027
4 7024 7026 7027 7025
4 7028 7029 7031 7030
4 7032 7036 7038 7034
4 7033 7035 7039 7037
4 7032 7033 7037 7036
4 7034 7038 7039 7035
4 7032 7034 7035 7033
4 7036 7037 7039 7038
4 7040 7044 7046 7042
4 7041 7043 7047 7045
4 7040 7041 7045 7044
4 7042 7046 7047 7043
4 7040 7042 7043 7041
4 7044 7045 7047 7046
4 7048 7052 7054 7050
4 7049 7051 7055 7053
4 7048 7049 7053 7052
4 7050 7054 7055 7051
4 7048 7050 7051 7049
4 7052 7053 7055 7054
4 7056 7060 7062 7058
4 7057 7059 7063 7061
4 7056 7057 7061 7060
4 7058 7062 7063 7059
4 7056 7058 7059 7057
4 7060 7061 7063 7062
4 7064 7068 7070 7066
4 7065 7067 7071 7069
4 7064 7065 7069 7068
4 7066 7070 7071 7067
4 7064 7066 7067 7065
4 7068 7069 7071 7070
4 7072 7076 7078 7074
4 7073 7075 7079 7077
4 7072 7073 7077 7076
4 7074 7078 7079 7075
4 7072 7074 7075 7073
4 7076 7077 7079 7078
4 7080 7084 7086 7082
4 7081 7083 7087 7085
4 7080 7081 7085 7084
4 7082 7086 7087 7083
4 7080 7082 7083 7081
4 7084 7085 7087 7086
4 7088 7092 7094 7090
4 7089 7091 7095 7093
4 7088 7089 7093 7092
4 7090 7094 7095 7091
4 7088 7090 7091 7089
4 7092 7093 7095 7094
4 7096 7100 7102 7098
4 7097 7099 7103 7101
4 7096 7097 7101 7100
4 7098 7102 7103 7099
4 7096 7098 7099 7097
4 7100 7101 7103 7102
4 7104 7108 7110 7106
4 7105 7107 7111 7109
4 7104 7105 7109 7108
4 7106 7110 7111 7107
4 7104 7106 7107 7105
4 7108 7109 7111 7110
4 7112 7116 7118 7114
4 7113 7115 7119 7117
4 7112 7113 7117 7116
4 7114 7118 7119 7115
4 7112 7114 7115 7113
4 7116 7117 7119 7118
4 7120 7124 7126 7122
4 7121 7123 7127 7125
4 7120 7121 7125 7124
4 7122 7126 7127 7123
4 7120 7122 7123 7121
4 7124 7125 7127 7126
4 7128 7132 7134 7130
4 7129 7131 7135 7133
4 7128 7129 7133 7132
4 7130 7134 7135 7131
4 7128 7130 7131 7129
4 7132 7133 7135 7134
4 7136 7140 7142 7138
4 7137 7139 7143 7141
4 7136 7137 7141 7140
4 7138 7142 7143 7139
4 7136 7138 7139 7137
4 7140 7141 7143 7142
4 7144 7148 7150 7146
4 7145 7147 7151 7149
4 7144 7145 7149 7148
4 7146 7150 7151 7147
4 7144 7146 7147 7145
4 7148 7149 7151 7150
4 7152 7156 7158 7154
4 7153 7155 7159 7157
4 7152 7153 7157 7156
4 7154 7158 7159 7155
4 7152 7154 7155 7153
4 7156 7157 7159 7158
4 7160 7164 7166 7162
4 7161 7163 7167 7165
4 7160 7161 7165 7164
4 7162 7166 7167 7163
4 7160 7162 7163 7161
4 7164 7165 7167 7166
4 7168 7172 7174 7170
4 7169 7171 7175 7173
4 7168 7169 7173 7172
4 7170 7174 7175 7171
4 7168 7170 7171 7169
4 7172 7173 7175 7174
4 7176 7180 7182 7178
4 7177 7179 7183 7181
4 7176 7177 7181 7180
4 7178 7182 7183 7179
4 7176 7178 7179 7177
4 7180 7181 7183 7182
4 7184 7188 7190 7186
4 7185 7187 7191 7189
4 7184 7185 7189 7188
4 7186 7190 7191 7187
4 7184 7186 7187 7185
4 7188 7189 7191 7190
4 7192 7196 7198 7194
4 7193 7195 7199 7197
4 7192 7193 7197 7196
4 7194 7198 7199 7195
4 7192 7194 7195 7193
4 7196 7197 7199 7198
4 7200 7204 7206 7202
4 7201 7203 7207 7205
4 7200 7201 7205 7204
4 7202 7206 7207 7203
4 7200 7202 7203 7201
4 7204 7205 7207 7206
4 7208 7212 7214 7210
4 7209 7211 7215 7213
4 7208 7209 7213 7212
4 7210 7214 7215 7211
4 7208 7210 7211 7209
4 7212 7213 7215 7214
4 7216 7220 7222 7218
4 7217 7219 7223 7221
4 7216 7217 7221 7220
4 7218 7222 7223 7219
4 7216 7218 7219 7217
4 7220 7221 7223 7222
4 7224 7228 7230 7226
4 7225 7227 7231 7229
4 7224 7225 7229 7228
4 7226 7230 7231 7227
4 7224 7226 7227 7225
4 7228 7229 7231 7230
4 7232 7236 7238 7234
4 7233 7235 7239 7237
4 7232 7233 7237 7236
4 7234 7238 7239 7235
4 7232 7234 7235 7233
4 7236 7237 7239 7238
4 7240 7244 7246 7242
4 7241 7243 7247 7245
4 7240 7241 7245 7244
4 7242 7246 7247 7243
4 7240 7242 7243 7241
4 7244 7245 7247 7246
4 7248 7252 7254 7250
4 7249 7251 7255 7253
4 7248 7249 7253 7252
4 7250 7254 7255 7251
4 7248 7250 7251 7249
4 7252 7253 7255 7254
4 7256 7260 7262 7258
4 7257 7259 7263 7261
4 7256 7257 7261 7260
4 7258 7262 7263 7259
4 7256 7258 7259 7257
4 7260 7261 7263 7262
4 7264 7268 7270 7266
4 7265 7267 7271 7269
4 7264 7265 7269 7268
4 7266 7270 7271 7267
4 7264 7266 7267 7265
4 7268 7269 7271 7270
4 7272 7276 7278 7274
4 7273 7275 7279 7277
4 7272 7273 7277 7276
4 7274 7278 7279 7275
4 7272 7274 7275 7273
4 7276 7277 7279 7278
4 7280 7284 7286 7282
4 7281 7283 7287 7285
4 7280 7281 7285 7284
4 7282 7286 7287 7283
4 7280 7282 7283 7281
4 7284 7285 7287 7286
4 7288 7292 7294 7290
4 7289 7291 7295 7293
4 7288 7289 7293 7292
4 7290 7294 7295 7291
4 7288 7290 7291 7289
4 7292 7293 7295 7294
4 7296 7300 7302 7298
4 7297 7299 7303 7301
4 7296 7297 7301 7300
4 7298 7302 7303 7299
4 7296 7298 7299 7297
4 7300 7301 7303 7302
4 7304 7308 7310 7306
4 7305 7307 7311 7309
4 7304 7305 7309 7308
4 7306 7310 7311 7307
4 7304 7306 7307 7305
4 7308 7309 7311 7310
4 7312 7316 7318 7314
4 7313 7315 7319 7317
4 7312 7313 7317 7316
4 7314 7318 7319 7315
4 7312 7314 7315 7313
4 7316 7317 7319 7318
4 7320 7324 7326 7322
4 7321 7323 7327 7325
4 7320 7321 7325 7324
4 7322 7326 7327 7323
4 7320 7322 7323 7321
4 7324 7325 7327 7326
4 7328 7332 7334 7330
4 7329 7331 7335 7333
4 7328 7329 7333 7332
4 7330 7334 7335 7331
4 7328 7330 7331 7329
4 7332 7333 7335 7334
4 7336 7340 7342 7338
4 7337 7339 7343 7341
4 7336 7337 7341 7340
4 7338 7342 7343 7339
4 7336 7338 7339 7337
4 7340 7341 7343 7342
4 7344 7348 7350 7346
4 7345 7347 7351 7349
4 7344 7345 7349 7348
4 7346 7350 7351 7347
4 7344 7346 7347 7345
4 7348 7349 7351 7350
4 7352 7356 7358 7354
4 7353 7355 7359 7357
4 7352 7353 7357 7356
4 7354 7358 7359 7355
4 7352 7354 7355 7353
4 7356 7357 7359 7358
4 7360 7364 7366 7362
4 7361 7363 7367 7365
4 7360 7361 7365 7364
4 7362 7366 7367 7363
4 7360 7362 7363 7361
4 7364 7365 7367 7366
4 7368 7372 7374 7370
4 7369 7371 7375 7373
4 7368 7369 7373 7372
4 7370 7374 7375 7371
4 7368 7370 7371 7369
4 7372 7373 7375 7374
4 7376 7380 7382 7378
4 7377 7379 7383 7381
4 7376 7377 7381 7380
4 7378 7382 7383 7379
4 7376 7378 7379 7377
4 7380 7381 7383 7382
4 7384 7388 7390 7386
4 7385 7387 7391 7389
4 7384 7385 7389 7388
4 7386 7390 7391 7387
4 7384 7386 7387 7385
4 7388 7389 7391 7390
4 7392 7396 7398 7394
4 7393 7395 7399 7397
4 7392 7393 7397 7396
4 7394 7398 7399 7395
4 7392 7394 7395 7393
4 7396 7397 7399 7398
4 7400 7404 7406 7402
4 7401 7403 7407 7405
4 7400 7401 7405 7404
4 7402 7406 7407 7403
4 7400 7402 7403 7401
4 7404 7405 7407 7406
4 7408 7412 7414 7410
4 7409 7411 7415 7413
4 7408 7409 7413 7412
4 7410 7414 7415 7411
4 7408 7410 7411 7409
4 7412 7413 7415 7414
4 7416 7420 7422 7418
4 7417 7419 7423 7421
4 7416 7417 7421 7420
4 7418 7422 7423 7419
4 7416 7418 7419 7417
4 7420 7421 7423 7422
4 7424 7428 7430 7426
4 7425 7427 7431 7429
4 7424 7425 7429 7428
4 7426 7430 7431 7427
4 7424 7426 7427 7425
4 7428 7429 7431 7430
4 7432 7436 7438 7434
4 7433 7435 7439 7437
4 7432 7433 7437 7436
4 7434 7438 7439 7435
4 7432 7434 7435 7433
4 7436 7437 7439 7438
4 7440 7444 7446 7442
4 7441 7443 7447 7445
4 7440 7441 7445 7444
4 7442 7446 7447 7443
4 7440 7442 7443 7441
4 7444 7445 7447 7446
4 7448 7452 7454 7450
4 7449 7451 7455 7453
4 7448 7449 7453 7452
4 7450 7454 7455 7451
4 7448 7450 7451 7449
4 7452 7453 7455 7454
4 7456 7460 7462 7458
4 7457 7459 7463 7461
4 7456 7457 7461 7460
4 7458 7462 7463 7459
4 7456 7458 7459 7457
4 7460 7461 7463 7462
4 7464 7468 7470 7466
4 7465 7467 7471 7469
4 7464 7465 7469 7468
4 7466 7470 7471 7467
4 7464 7466 7467 7465
4 7468 7469 7471 7470
4 7472 7476 7478 7474
4 7473 7475 7479 7477
4 7472 7473 7477 7476
4 7474 7478 7479 7475
4 7472 7474 7475 7473
4 7476 7477 7479 7478
4 7480 7484 7486 7482
4 7481 7483 7487 7485
4 7480 7481 7485 7484
4 7482 7486 7487 7483
4 7480 7482 7483 7481
4 7484 7485 7487 7486
4 7488 7492 7494 7490
4 7489 7491 7495 7493
4 7488 7489 7493 7492
4 7490 7494 7495 7491
4 7488 7490 7491 7489
4 7492 7493 7495 7494
4 7496 7500 7502 7498
4 7497 7499 7503 7501
4 7496 7497 7501 7500
4 7498 7502 7503 7499
4 7496 7498 7499 7497
4 7500 7501 7503 7502
4 7504 7508 7510 7506
4 7505 7507 7511 7509
4 7504 7505 7509 7508
4 7506 7510 7511 7507
4 7504 7506 7507 7505
4 7508 7509 7511 7510
4 7512 7516 7518 7514
4 7513 7515 7519 7517
4 7512 7513 7517 7516
4 7514 7518 7519 7515
4 7512 7514 7515 7513
4 7516 7517 7519 7518
4 7520 7524 7526 7522
4 7521 7523 7527 7525
4 7520 7521 7525 7524
4 7522 7526 7527 7523
4 7520 7522 7523 7521
4 7524 7525 7527 7526
4 7528 7532 7534 7530
4 7529 7531 7535 7533
4 7528 7529 7533 7532
4 7530 7534 7535 7531
4 7528 7530 7531 7529
4 7532 7533 7535 7534
4 7536 7540 7542 7538
4 7537 7539 7543 7541
4 7536 7537 7541 7540
4 7538 7542 7543 7539
4 7536 7538 7539 7537
4 7540 7541 7543 7542
4 7544 7548 7550 7546
4 7545 7547 7551 7549
4 7544 7545 7549 7548
4 7546 7550 7551 7547
4 7544 7546 7547 7545
4 7548 7549 7551 7550
4 7552 7556 7558 7554
4 7553 7555 7559 7557
4 7552 7553 7557 7556
4 7554 7558 7559 7555
4 7552 7554 7555 7553
4 7556 7557 7559 7558
4 7560 7564 7566 7562
4 7561 7563 7567 7565
4 7560 7561 7565 7564
4 7562 7566 7567 7563
4 7560 7562 7563 7561
4 7564 7565 7567 7566
4 7568 7572 7574 7570
4 7569 7571 7575 7573
4 7568 7569 7573 7572
4 7570 7574 7575 7571
4 7568 7570 7571 7569
4 7572 7573 7575 7574
4 7576 7580 7582 7578
4 7577 7579 7583 7581
4 7576 7577 7581 7580
4 7578 7582 7583 7579
4 7576 7578 7579 7577
4 7580 7581 7583 7582
4 7584 7588 7590 7586
4 7585 7587 7591 7589
4 7584 7585 7589 7588
4 7586 7590 7591 7587
4 7584 7586 7587 7585
4 7588 7589 7591 7590
4 7592 7596 7598 7594
4 7593 7595 7599 7597
4 7592 7593 7597 7596
4 7594 7598 7599 7595
4 7592 7594 7595 7593
4 7596 7597 7599 7598
4 7600 7604 7606 7602
4 7601 7603 7607 7605
4 7600 7601 7605 7604
4 7602 7606 7607 7603
4 7600 7602 7603 7601
4 7604 7605 7607 7606
4 7608 7612 7614 7610
4 7609 7611 7615 7613
4 7608 7609 7613 7612
4 7610 7614 7615 7611
4 7608 7610 7611 7609
4 7612 7613 7615 7614
4 7616 7620 7622 7618
4 7617 7619 7623 7621
4 7616 7617 7621 7620
4 7618 7622 7623 7619
4 7616 7618 7619 7617
4 7620 7621 7623 7622
4 7624 7628 7630 7626
4 7625 7627 7631 7629
4 7624 7625 7629 7628
4 7626 7630 7631 7627
4 7624 7626 7627 7625
4 7628 7629 7631 7630
4 7632 7636 7638 7634
4 7633 7635 7639 7637
4 7632 7633 7637 7636
4 7634 7638 7639 7635
4 7632 7634 7635 7633
4 7636 7637 7639 7638
4 7640 7644 7646 7642
4 7641 7643 7647 7645
4 7640 7641 7645 7644
4 7642 7646 7647 7643
4 7640 7642 7643 7641
4 7644 7645 7647 7646
4 7648 7652 7654 7650
4 7649 7651 7655 7653
4 7648 7649 7653 7652
4 7650 7654 7655 7651
4 7648 7650 7651 7649
4 7652 7653 7655 7654
4 7656 7660 7662 7658
4 7657 7659 7663 7661
4 7656 7657 7661 7660
4 7658 7662 7663 7659
4 7656 7658 7659 7657
4 7660 7661 7663 7662
4 7664 7668 7670 7666
4 7665 7667 7671 7669
4 7664 7665 7669 7668
4 7666 7670 7671 7667
4 7664 7666 7667 7665
4 7668 7669 7671 7670
4 7672 7676 7678 7674
4 7673 7675 7679 7677
4 7672 7673 7677 7676
4 7674 7678 7679 7675
4 7672 7674 7675 7673
4 7676 7677 7679 7678
4 7680 7684 7686 7682
4 7681 7683 7687 7685
4 7680 7681 7685 7684
4 7682 7686 7687 7683
4 7680 7682 7683 7681
4 7684 7685 7687 7686
4 7688 7692 7694 7690
4 7689 7691 7695 7693
4 7688 7689 7693 7692
4 7690 7694 7695 7691
4 7688 7690 7691 7689
4 7692 7693 7695 7694
4 7696 7700 7702 7698
4 7697 7699 7703 7701
4 7696 7697 7701 7700
4 7698 7702 7703 7699
4 7696 7698 7699 7697
4 7700 7701 7703 7702
4 7704 7708 7710 7706
4 7705 7707 7711 7709
4 7704 7705 7709 7708
4 7706 7710 7711 7707
4 7704 7706 7707 7705
4 7708 7709 7711 7710
4 7712 7716 7718 7714
4 7713 7715 7719 7717
4 7712 7713 7717 7716
4 7714 7718 7719 7715
4 7712 7714 7715 7713
4 7716 7717 7719 7718
4 7720 7724 7726 7722
4 7721 7723 7727 7725
4 7720 7721 7725 7724
4 7722 7726 7727 7723
4 7720 7722 7723 7721
4 7724 7725 7727 7726
4 7728 7732 7734 7730
4 7729 7731 7735 7733
4 7728 7729 7733 7732
4 7730 7734 7735 7731
4 7728 7730 7731 7729
4 7732 7733 7735 7734
4 7736 7740 7742 7738
4 7737 7739 7743 7741
4 7736 7737 7741 7740
4 7738 7742 7743 7739
4 7736 7738 7739 7737
4 7740 7741 7743 7742
4 7744 7748 7750 7746
4 7745 7747 7751 7749
4 7744 7745 7749 7748
4 7746 7750 7751 7747
4 7744 7746 7747 7745
4 7748 7749 7751 7750
4 7752 7756 7758 7754
4 7753 7755 7759 7757
4 7752 7753 7757 7756
4 7754 7758 7759 7755
4 7752 7754 7755 7753
4 7756 7757 7759 7758
4 7760 7764 7766 7762
4 7761 7763 7767 7765
4 7760 7761 7765 7764
4 7762 7766 7767 7763
4 7760 7762 7763 7761
4 7764 7765 7767 7766
4 7768 7772 7774 7770
4 7769 7771 7775 7773
4 7768 7769 7773 7772
4 7770 7774 7775 7771
4 7768 7770 7771 7769
4 7772 7773 7775 7774
4 7776 7780 7782 7778
4 7777 7779 7783 7781
4 7776 7777 7781 7780
4 7778 7782 7783 7779
4 7776 7778 7779 7777
4 7780 7781 7783 7782
4 7784 7788 7790 7786
4 7785 7787 7791 7789
4 7784 7785 7789 7788
4 7786 7790 7791 7787
4 7784 7786 7787 7785
4 7788 7789 7791 7790
4 7792 7796 7798 7794
4 7793 7795 7799 7797
4 7792 7793 7797 7796
4 7794 7798 7799 7795
4 7792 7794 7795 7793
4 7796 7797 7799 7798
4 7800 7804 7806 7802
4 7801 7803 7807 7805
4 7800 7801 7805 7804
4 7802 7806 7807 7803
4 7800 7802 7803 7801
4 7804 7805 7807 7806
4 7808 7812 7814 7810
4 7809 7811 7815 7813
4 7808 7809 7813 7812
4 7810 7814 7815 7811
4 7808 7810 7811 7809
4 7812 7813 7815 7814
4 7816 7820 7822 7818
4 7817 7819 7823 7821
4 7816 7817 7821 7820
4 7818 7822 7823 7819
4 7816 7818 7819 7817
4 7820 7821 7823 7822
4 7824 7828 7830 7826
4 7825 7827 7831 7829
4 7824 7825 7829 7828
4 7826 7830 7831 7827
4 7824 7826 7827 7825
4 7828 7829 7831 7830
4 7832 7836 7838 7834
4 7833 7835 7839 7837
4 7832 7833 7837 7836
4 7834 7838 7839 7835
4 7832 7834 7835 7833
4 7836 7837 7839 7838
4 7840 7844 7846 7842
4 7841 7843 7847 7845
4 7840 7841 7845 7844
4 7842 7846 7847 7843
4 7840 7842 7843 7841
4 7844 7845 7847 7846
4 7848 7852 7854 7850
4 7849 7851 7855 7853
4 7848 7849 7853 7852
4 7850 7854 7855 7851
4 7848 7850 7851 7849
4 7852 7853 7855 7854
4 7856 7860 7862 7858
4 7857 7859 7863 7861
4 7856 7857 7861 7860
4 7858 7862 7863 7859
4 7856 7858 7859 7857
4 7860 7861 7863 7862
4 7864 7868 7870 7866
4 7865 7867 7871 7869
4 7864 7865 7869 7868
4 7866 7870 7871 7867
4 7864 7866 7867 7865
4 7868 7869 7871 7870
4 7872 7876 7878 7874
4 7873 7875 7879 7877
4 7872 7873 7877 7876
4 7874 7878 7879 7875
4 7872 7874 7875 7873
4 7876 7877 7879 7878
4 7880 7884 7886 7882
4 7881 7883 7887 7885
4 7880 7881 7885 7884
4 7882 7886 7887 7883
4 7880 7882 7883 7881
4 7884 7885 7887 7886
4 7888 7892 7894 7890
4 7889 7891 7895 7893
4 7888 7889 7893 7892
4 7890 7894 7895 7891
4 7888 7890 7891 7889
4 7892 7893 7895 7894
4 7896 7900 7902 7898
4 7897 7899 7903 7901
4 7896 7897 7901 7900
4 7898 7902 7903 7899
4 7896 7898 7899 7897
4 7900 7901 7903 7902
4 7904 7908 7910 7906
4 7905 7907 7911 7909
4 7904 7905 7909 7908
4 7906 7910 7911 7907
4 7904 7906 7907 7905
4 7908 7909 7911 7910
4 7912 7916 7918 7914
4 7913 7915 7919 7917
4 7912 7913 7917 7916
4 7914 7918 7919 7915
4 7912 7914 7915 7913
4 7916 7917 7919 7918
4 7920 7924 7926 7922
4 7921 7923 7927 7925
4 7920 7921 7925 7924
4 7922 7926 7927 7923
4 7920 7922 7923 7921
4 7924 7925 7927 7926
4 7928 7932 7934 7930
4 7929 7931 7935 7933
4 7928 7929 7933 7932
4 7930 7934 7935 7931
4 7928 7930 7931 7929
4 7932 7933 7935 7934
4 7936 7940 7942 7938
4 7937 7939 7943 7941
4 7936 7937 7941 7940
4 7938 7942 7943 7939
4 7936 7938 7939 7937
4 7940 7941 7943 7942
4 7944 7948 7950 7946
4 7945 7947 7951 7949
4 7944 7945 7949 7948
4 7946 7950 7951 7947
4 7944 7946 7947 7945
4 7948 7949 7951 7950
4 7952 7956 7958 7954
4 7953 7955 7959 7957
4 7952 7953 7957 7956
4 7954 7958 7959 7955
4 7952 7954 7955 7953
4 7956 7957 7959 7958
4 7960 7964 7966 7962
4 7961 7963 7967 7965
4 7960 7961 7965 7964
4 7962 7966 7967 7963
4 7960 7962 7963 7961
4 7964 7965 7967 7966
4 7968 7972 7974 7970
4 7969 7971 7975 7973
4 7968 7969 7973 7972
4 7970 7974 7975 7971
4 7968 7970 7971 7969
4 7972 7973 7975 7974
4 7976 7980 7982 7978
4 7977 7979 7983 7981
4 7976 7977 7981 7980
4 7978 7982 7983 7979
4 7976 7978 7979 7977
4 7980 7981 7983 7982
4 7984 7988 7990 7986
4 7985 7987 7991 7989
4 7984 7985 7989 7988
4 7986 7990 7991 7987
4 7984 7986 7987 7985
4 7988 7989 7991 7990
4 7992 7996 7998 7994
4 7993 7995 7999 7997
4 7992 7993 7997 7996
4 7994 7998 7999 7995
4 7992 7994 7995 7993
4 7996 7997 7999 7998
4 8000 8004 8006 8002
4 8001 8003 8007 8005
4 8000 8001 8005 8004
4 8002 8006 8007 8003
4 8000 8002 8003 8001
4 8004 8005 8007 8006
4 8008 8012 8014 8010
4 8009 8011 8015 8013
4 8008 8009 8013 8012
4 8010 8014 8015 8011
4 8008 8010 8011 8009
4 8012 8013 8015 8014
4 8016 8020 8022 8018
4 8017 8019 8023 8021
4 8016 8017 8021 8020
4 8018 8022 8023 8019
4 8016 8018 8019 8017
4 8020 8021 8023 8022
4 8024 8028 8030 8026
4 8025 8027 8031 8029
4 8024 8025 8029 8028
4 8026 8030 8031 8027
4 8024 8026 8027 8025
4 8028 8029 8031 8030
4 8032 8036 8038 8034
4 8033 8035 8039 8037
4 8032 8033 8037 8036
4 8034 8038 8039 8035
4 8032 8034 8035 8033
4 8036 8037 8039 8038
4 8040 8044 8046 8042
4 8041 8043 8047 8045
4 8040 8041 8045 8044
4 8042 8046 8047 8043
4 8040 8042 8043 8041
4 8044 8045 8047 8046
4 8048 8052 8054 8050
4 8049 8051 8055 8053
4 8048 8049 8053 8052
4 8050 8054 8055 8051
4 8048 8050 8051 8049
4 8052 8053 8055 8054
4 8056 8060 8062 8058
4 8057 8059 8063 8061
4 8056 8057 8061 8060
4 8058 8062 8063 8059
4 8056 8058 8059 8057
4 8060 8061 8063 8062
4 8064 8068 8070 8066
4 8065 8067 8071 8069
4 8064 8065 8069 8068
4 8066 8070 8071 8067
4 8064 8066 8067 8065
4 8068 8069 8071 8070
4 8072 8076 8078 8074
4 8073 8075 8079 8077
4 8072 8073 8077 8076
4 8074 8078 8079 8075
4 8072 8074 8075 8073
4 8076 8077 8079 8078
4 8080 8084 8086 8082
4 8081 8083 8087 8085
4 8080 8081 8085 8084
4 8082 8086 8087 8083
4 8080 8082 8083 8081
4 8084 8085 8087 8086
4 8088 8092 8094 8090
4 8089 8091 8095 8093
4 8088 8089 8093 8092
4 8090 8094 8095 8091
4 8088 8090 8091 8089
4 8092 8093 8095 8094
4 8096 8100 8102 8098
4 8097 8099 8103 8101
4 8096 8097 8101 8100
4 8098 8102 8103 8099
4 8096 8098 8099 8097
4 8100 8101 8103 8102
4 8104 8108 8110 8106
4 8105 8107 8111 8109
4 8104 8105 8109 8108
4 8106 8110 8111 8107
4 8104 8106 8107 8105
4 8108 8109 8111 8110
4 8112 8116 8118 8114
4 8113 8115 8119 8117
4 8112 8113 8117 8116
4 8114 8118 8119 8115
4 8112 8114 8115 8113
4 8116 8117 8119 8118
4 8120 8124 8126 8122
4 8121 8123 8127 8125
4 8120 8121 8125 8124
4 8122 8126 8127 8123
4 8120 8122 8123 8121
4 8124 8125 8127 8126
4 8128 8132 8134 8130
4 8129 8131 8135 8133
4 8128 8129 8133 8132
4 8130 8134 8135 8131
4 8128 8130 8131 8129
4 8132 8133 8135 8134
4 8136 8140 8142 8138
4 8137 8139 8143 8141
4 8136 8137 8141 8140
4 8138 8142 8143 8139
4 8136 8138 8139 8137
4 8140 8141 8143 8142
4 8144 8148 8150 8146
4 8145 8147 8151 8149
4 8144 8145 8149 8148
4 8146 8150 8151 8147
4 8144 8146 8147 8145
4 8148 8149 8151 8150
4 8152 8156 8158 8154
4 8153 8155 8159 8157
4 8152 8153 8157 8156
4 8154 8158 8159 8155
4 8152 8154 8155 8153
4 8156 8157 8159 8158
4 8160 8164 8166 8162
4 8161 8163 8167 8165
4 8160 8161 8165 8164
4 8162 8166 8167 8163
4 8160 8162 8163 8161
4 8164 8165 8167 8166
4 8168 8172 8174 8170
4 8169 8171 8175 8173
4 8168 8169 8173 8172
4 8170 8174 8175 8171
4 8168 8170 8171 8169
4 8172 8173 8175 8174
4 8176 8180 8182 8178
4 8177 8179 8183 8181
4 8176 8177 8181 8180
4 8178 8182 8183 8179
4 8176 8178 8179 8177
4 8180 8181 8183 8182
4 8184 8188 8190 8186
4 8185 8187 8191 8189
4 8184 8185 8189 8188
4 8186 8190 8191 8187
4 8184 8186 8187 8185
4 8188 8189 8191 8190
4 8192 8196 8198 8194
4 8193 8195 8199 8197
4 8192 8193 8197 8196
4 8194 8198 8199 8195
4 8192 8194 8195 8193
4 8196 8197 8199 8198
4 8200 8204 8206 8202
4 8201 8203 8207 8205
4 8200 8201 8205 8204
4 8202 8206 8207 8203
4 8200 8202 8203 8201
4 8204 8205 8207 8206
4 8208 8212 8214 8210
4 8209 8211 8215 8213
4 8208 8209 8213 8212
4 8210 8214 8215 8211
4 8208 8210 8211 8209
4 8212 8213 8215 8214
4 8216 8220 8222 8218
4 8217 8219 8223 8221
4 8216 8217 8221 8220
4 8218 8222 8223 8219
4 8216 8218 8219 8217
4 8220 8221 8223 8222
4 8224 8228 8230 8226
4 8225 8227 8231 8229
4 8224 8225 8229 8228
4 8226 8230 8231 8227
4 8224 8226 8227 8225
4 8228 8229 8231 8230
4 8232 8236 8238 8234
4 8233 8235 8239 8237
4 8232 8233 8237 8236
4 8234 8238 8239 8235
4 8232 8234 8235 8233
4 8236 8237 8239 8238
4 8240 8244 8246 8242
4 8241 8243 8247 8245
4 8240 8241 8245 8244
4 8242 8246 8247 8243
4 8240 8242 8243 8241
4 8244 8245 8247 8246
4 8248 8252 8254 8250
4 8249 8251 8255 8253
4 8248 8249 8253 8252
4 8250 8254 8255 8251
4 8248 8250 8251 8249
4 8252 8253 8255 8254
