ply
format ascii 1.0
comment : MagicaVoxel @ Ephtracy
element vertex 5728
property float x
property float y
property float z
property uchar red
property uchar green
property uchar blue
end_header
-2 -2 0 100 73 32
-1 -2 0 100 73 32
0 -2 0 100 73 32
1 -2 0 100 73 32
-2 -1 0 100 73 32
-1 -1 0 100 73 32
0 -1 0 100 73 32
1 -1 0 100 73 32
-2 0 0 100 73 32
-1 0 0 100 73 32
0 0 0 100 73 32
1 0 0 100 73 32
-2 1 0 100 73 32
-1 1 0 100 73 32
0 1 0 100 73 32
1 1 0 100 73 32
-2 -2 1 111 84 43
-1 -2 1 111 84 43
0 -2 1 100 73 32
1 -2 1 100 73 32
-2 -1 1 100 73 32
-1 -1 1 100 73 32
0 -1 1 100 73 32
1 -1 1 100 73 32
-2 0 1 100 73 32
-1 0 1 100 73 32
0 0 1 100 73 32
1 0 1 100 73 32
-2 1 1 100 73 32
-1 1 1 100 73 32
0 1 1 100 73 32
1 1 1 100 73 32
-2 -2 2 111 84 43
-1 -2 2 111 84 43
0 -2 2 111 84 43
1 -2 2 111 84 43
-2 -1 2 111 84 43
-1 -1 2 111 84 43
0 -1 2 111 84 43
1 -1 2 111 84 43
-2 0 2 111 84 43
-1 0 2 111 84 43
0 0 2 111 84 43
1 0 2 111 84 43
-2 1 2 111 84 43
-1 1 2 111 84 43
0 1 2 111 84 43
1 1 2 111 84 43
-2 -2 3 111 84 43
-1 -2 3 111 84 43
0 -2 3 111 84 43
1 -2 3 111 84 43
-2 -1 3 111 84 43
-1 -1 3 111 84 43
0 -1 3 111 84 43
1 -1 3 111 84 43
-2 0 3 111 84 43
-1 0 3 111 84 43
0 0 3 111 84 43
1 0 3 111 84 43
-2 1 3 111 84 43
-1 1 3 111 84 43
0 1 3 111 84 43
1 1 3 111 84 43
-2 -2 4 100 73 32
-1 -2 4 111 84 43
0 -2 4 111 84 43
1 -2 4 111 84 43
-2 -1 4 100 73 32
-1 -1 4 111 84 43
0 -1 4 111 84 43
1 -1 4 111 84 43
-2 0 4 100 73 32
-1 0 4 111 84 43
0 0 4 111 84 43
1 0 4 100 73 32
-2 1 4 111 84 43
-1 1 4 100 73 32
0 1 4 100 73 32
1 1 4 100 73 32
-2 -2 5 100 73 32
-1 -2 5 100 73 32
0 -2 5 100 73 32
1 -2 5 100 73 32
-2 -1 5 100 73 32
-1 -1 5 111 84 43
0 -1 5 111 84 43
1 -1 5 100 73 32
-2 0 5 100 73 32
-1 0 5 111 84 43
0 0 5 111 84 43
1 0 5 100 73 32
-2 1 5 100 73 32
-1 1 5 100 73 32
0 1 5 100 73 32
1 1 5 100 73 32
-2 -2 6 111 84 43
-1 -2 6 111 84 43
0 -2 6 100 73 32
1 -2 6 100 73 32
-2 -1 6 111 84 43
-1 -1 6 111 84 43
0 -1 6 111 84 43
1 -1 6 100 73 32
-2 0 6 111 84 43
-1 0 6 111 84 43
0 0 6 111 84 43
1 0 6 111 84 43
-2 1 6 100 73 32
-1 1 6 100 73 32
0 1 6 111 84 43
1 1 6 111 84 43
-2 -2 7 111 84 43
-1 -2 7 111 84 43
0 -2 7 111 84 43
1 -2 7 111 84 43
-2 -1 7 111 84 43
-1 -1 7 111 84 43
0 -1 7 111 84 43
1 -1 7 111 84 43
-2 0 7 111 84 43
-1 0 7 111 84 43
0 0 7 111 84 43
1 0 7 111 84 43
-2 1 7 111 84 43
-1 1 7 111 84 43
0 1 7 111 84 43
1 1 7 111 84 43
-2 -2 8 111 84 43
-1 -2 8 111 84 43
0 -2 8 111 84 43
1 -2 8 111 84 43
-2 -1 8 111 84 43
-1 -1 8 111 84 43
0 -1 8 111 84 43
1 -1 8 111 84 43
-2 0 8 111 84 43
-1 0 8 111 84 43
0 0 8 111 84 43
1 0 8 111 84 43
-2 1 8 111 84 43
-1 1 8 111 84 43
0 1 8 111 84 43
1 1 8 111 84 43
-2 -2 9 111 84 43
-1 -2 9 100 73 32
0 -2 9 100 73 32
1 -2 9 100 73 32
-2 -1 9 111 84 43
-1 -1 9 111 84 43
0 -1 9 111 84 43
1 -1 9 100 73 32
-2 0 9 100 73 32
-1 0 9 100 73 32
0 0 9 111 84 43
1 0 9 111 84 43
-2 1 9 100 73 32
-1 1 9 100 73 32
0 1 9 111 84 43
1 1 9 111 84 43
-2 -2 10 100 73 32
-1 -2 10 100 73 32
0 -2 10 100 73 32
1 -2 10 100 73 32
-2 -1 10 100 73 32
-1 -1 10 100 73 32
0 -1 10 100 73 32
1 -1 10 100 73 32
-2 0 10 100 73 32
-1 0 10 100 73 32
0 0 10 100 73 32
1 0 10 100 73 32
-2 1 10 100 73 32
-1 1 10 100 73 32
0 1 10 100 73 32
1 1 10 100 73 32
-2 -2 11 111 84 43
-1 -2 11 111 84 43
0 -2 11 111 84 43
1 -2 11 111 84 43
-2 -1 11 111 84 43
-1 -1 11 111 84 43
0 -1 11 111 84 43
1 -1 11 111 84 43
-2 0 11 100 73 32
-1 0 11 111 84 43
0 0 11 111 84 43
1 0 11 111 84 43
-2 1 11 100 73 32
-1 1 11 100 73 32
0 1 11 100 73 32
1 1 11 111 84 43
-2 -2 12 111 84 43
-1 -2 12 111 84 43
0 -2 12 111 84 43
1 -2 12 111 84 43
-2 -1 12 111 84 43
-1 -1 12 111 84 43
0 -1 12 111 84 43
1 -1 12 111 84 43
2 -1 12 100 73 32
3 -1 12 100 73 32
4 -1 12 100 73 32
5 -1 12 111 84 43
6 -1 12 111 84 43
7 -1 12 100 73 32
8 -1 12 100 73 32
-2 0 12 111 84 43
-1 0 12 111 84 43
0 0 12 111 84 43
1 0 12 111 84 43
2 0 12 100 73 32
3 0 12 100 73 32
4 0 12 111 84 43
5 0 12 111 84 43
6 0 12 100 73 32
7 0 12 100 73 32
8 0 12 100 73 32
-2 1 12 111 84 43
-1 1 12 111 84 43
0 1 12 111 84 43
1 1 12 111 84 43
-2 -2 13 111 84 43
-1 -2 13 111 84 43
0 -2 13 111 84 43
1 -2 13 111 84 43
-2 -1 13 111 84 43
-1 -1 13 111 84 43
0 -1 13 111 84 43
1 -1 13 111 84 43
2 -1 13 100 73 32
3 -1 13 111 84 43
4 -1 13 111 84 43
5 -1 13 111 84 43
6 -1 13 100 73 32
7 -1 13 100 73 32
8 -1 13 111 84 43
-2 0 13 111 84 43
-1 0 13 111 84 43
0 0 13 111 84 43
1 0 13 111 84 43
2 0 13 100 73 32
3 0 13 111 84 43
4 0 13 111 84 43
5 0 13 100 73 32
6 0 13 100 73 32
7 0 13 100 73 32
8 0 13 111 84 43
-2 1 13 111 84 43
-1 1 13 111 84 43
0 1 13 111 84 43
1 1 13 111 84 43
-2 -2 14 100 73 32
-1 -2 14 111 84 43
0 -2 14 111 84 43
1 -2 14 111 84 43
-2 -1 14 100 73 32
-1 -1 14 111 84 43
0 -1 14 111 84 43
1 -1 14 111 84 43
7 -1 14 111 84 43
8 -1 14 111 84 43
-2 0 14 100 73 32
-1 0 14 111 84 43
0 0 14 111 84 43
1 0 14 111 84 43
7 0 14 100 73 32
8 0 14 111 84 43
-2 1 14 100 73 32
-1 1 14 111 84 43
0 1 14 111 84 43
1 1 14 111 84 43
-2 -2 15 100 73 32
-1 -2 15 100 73 32
0 -2 15 100 73 32
1 -2 15 100 73 32
-2 -1 15 100 73 32
-1 -1 15 100 73 32
0 -1 15 100 73 32
1 -1 15 100 73 32
7 -1 15 111 84 43
8 -1 15 100 73 32
-2 0 15 100 73 32
-1 0 15 100 73 32
0 0 15 100 73 32
1 0 15 100 73 32
7 0 15 111 84 43
8 0 15 111 84 43
-2 1 15 100 73 32
-1 1 15 100 73 32
0 1 15 100 73 32
1 1 15 100 73 32
-2 -2 16 111 84 43
-1 -2 16 111 84 43
0 -2 16 111 84 43
1 -2 16 111 84 43
-2 -1 16 100 73 32
-1 -1 16 100 73 32
0 -1 16 100 73 32
1 -1 16 100 73 32
7 -1 16 100 73 32
8 -1 16 100 73 32
-2 0 16 100 73 32
-1 0 16 100 73 32
0 0 16 100 73 32
1 0 16 100 73 32
7 0 16 100 73 32
8 0 16 100 73 32
-2 1 16 100 73 32
-1 1 16 100 73 32
0 1 16 100 73 32
1 1 16 100 73 32
6 -4 17 38 116 60
7 -4 17 38 116 60
8 -4 17 38 116 60
9 -4 17 38 116 60
10 -4 17 38 116 60
11 -4 17 38 116 60
6 -3 17 38 116 60
7 -3 17 38 116 60
8 -3 17 38 116 60
9 -3 17 38 116 60
10 -3 17 38 116 60
11 -3 17 38 116 60
-2 -2 17 111 84 43
-1 -2 17 111 84 43
0 -2 17 111 84 43
1 -2 17 111 84 43
6 -2 17 38 116 60
7 -2 17 38 116 60
8 -2 17 38 116 60
9 -2 17 38 116 60
10 -2 17 38 116 60
11 -2 17 38 116 60
-2 -1 17 111 84 43
-1 -1 17 111 84 43
0 -1 17 111 84 43
1 -1 17 111 84 43
6 -1 17 38 116 60
7 -1 17 100 73 32
8 -1 17 100 73 32
9 -1 17 38 116 60
10 -1 17 38 116 60
11 -1 17 38 116 60
-2 0 17 111 84 43
-1 0 17 111 84 43
0 0 17 111 84 43
1 0 17 111 84 43
6 0 17 38 116 60
7 0 17 100 73 32
8 0 17 100 73 32
9 0 17 38 116 60
10 0 17 38 116 60
11 0 17 38 116 60
-2 1 17 111 84 43
-1 1 17 111 84 43
0 1 17 111 84 43
1 1 17 111 84 43
6 1 17 38 116 60
7 1 17 38 116 60
8 1 17 38 116 60
9 1 17 38 116 60
10 1 17 38 116 60
11 1 17 38 116 60
6 2 17 38 116 60
7 2 17 38 116 60
8 2 17 38 116 60
9 2 17 38 116 60
10 2 17 38 116 60
11 2 17 38 116 60
6 3 17 38 116 60
7 3 17 38 116 60
8 3 17 38 116 60
9 3 17 38 116 60
10 3 17 38 116 60
11 3 17 38 116 60
-9 -9 18 42 130 67
-8 -9 18 42 130 67
-7 -9 18 42 130 67
-6 -9 18 42 130 67
-5 -9 18 42 130 67
-4 -9 18 42 130 67
-3 -9 18 42 130 67
-2 -9 18 42 130 67
-1 -9 18 42 130 67
0 -9 18 42 130 67
1 -9 18 42 130 67
2 -9 18 42 130 67
3 -9 18 42 130 67
4 -9 18 42 130 67
5 -9 18 42 130 67
6 -9 18 42 130 67
7 -9 18 42 130 67
8 -9 18 42 130 67
-9 -8 18 42 130 67
-8 -8 18 42 130 67
-7 -8 18 42 130 67
-6 -8 18 42 130 67
-5 -8 18 42 130 67
-4 -8 18 42 130 67
-3 -8 18 42 130 67
-2 -8 18 42 130 67
-1 -8 18 42 130 67
0 -8 18 42 130 67
1 -8 18 42 130 67
2 -8 18 42 130 67
3 -8 18 42 130 67
4 -8 18 42 130 67
5 -8 18 42 130 67
6 -8 18 42 130 67
7 -8 18 42 130 67
8 -8 18 42 130 67
-9 -7 18 42 130 67
-8 -7 18 42 130 67
-7 -7 18 42 130 67
-6 -7 18 42 130 67
-5 -7 18 42 130 67
-4 -7 18 42 130 67
-3 -7 18 42 130 67
-2 -7 18 42 130 67
-1 -7 18 42 130 67
0 -7 18 42 130 67
1 -7 18 42 130 67
2 -7 18 42 130 67
3 -7 18 42 130 67
4 -7 18 42 130 67
5 -7 18 42 130 67
6 -7 18 42 130 67
7 -7 18 42 130 67
8 -7 18 42 130 67
-9 -6 18 42 130 67
-8 -6 18 42 130 67
-7 -6 18 42 130 67
-6 -6 18 42 130 67
-5 -6 18 42 130 67
-4 -6 18 42 130 67
-3 -6 18 42 130 67
-2 -6 18 42 130 67
-1 -6 18 42 130 67
0 -6 18 42 130 67
1 -6 18 42 130 67
2 -6 18 42 130 67
3 -6 18 42 130 67
4 -6 18 42 130 67
5 -6 18 42 130 67
6 -6 18 42 130 67
7 -6 18 42 130 67
8 -6 18 42 130 67
-9 -5 18 42 130 67
-8 -5 18 42 130 67
-7 -5 18 42 130 67
-6 -5 18 42 130 67
-5 -5 18 42 130 67
-4 -5 18 42 130 67
-3 -5 18 42 130 67
-2 -5 18 42 130 67
-1 -5 18 42 130 67
0 -5 18 42 130 67
1 -5 18 42 130 67
2 -5 18 42 130 67
3 -5 18 42 130 67
4 -5 18 42 130 67
5 -5 18 42 130 67
6 -5 18 42 130 67
7 -5 18 42 130 67
8 -5 18 42 130 67
-9 -4 18 42 130 67
-8 -4 18 42 130 67
-7 -4 18 42 130 67
-6 -4 18 42 130 67
-5 -4 18 42 130 67
-4 -4 18 42 130 67
-3 -4 18 42 130 67
-2 -4 18 42 130 67
-1 -4 18 42 130 67
0 -4 18 42 130 67
1 -4 18 42 130 67
2 -4 18 42 130 67
3 -4 18 42 130 67
4 -4 18 42 130 67
5 -4 18 42 130 67
6 -4 18 42 130 67
7 -4 18 42 130 67
8 -4 18 42 130 67
9 -4 18 38 116 60
10 -4 18 38 116 60
11 -4 18 38 116 60
-9 -3 18 42 130 67
-8 -3 18 42 130 67
-7 -3 18 42 130 67
-6 -3 18 42 130 67
-5 -3 18 42 130 67
-4 -3 18 42 130 67
-3 -3 18 42 130 67
-2 -3 18 42 130 67
-1 -3 18 42 130 67
0 -3 18 42 130 67
1 -3 18 42 130 67
2 -3 18 42 130 67
3 -3 18 42 130 67
4 -3 18 42 130 67
5 -3 18 42 130 67
6 -3 18 42 130 67
7 -3 18 42 130 67
8 -3 18 42 130 67
9 -3 18 38 116 60
10 -3 18 38 116 60
11 -3 18 38 116 60
-9 -2 18 42 130 67
-8 -2 18 42 130 67
-7 -2 18 42 130 67
-6 -2 18 42 130 67
-5 -2 18 42 130 67
-4 -2 18 42 130 67
-3 -2 18 42 130 67
-2 -2 18 42 130 67
-1 -2 18 42 130 67
0 -2 18 42 130 67
1 -2 18 42 130 67
2 -2 18 42 130 67
3 -2 18 42 130 67
4 -2 18 42 130 67
5 -2 18 42 130 67
6 -2 18 42 130 67
7 -2 18 42 130 67
8 -2 18 42 130 67
9 -2 18 38 116 60
10 -2 18 38 116 60
11 -2 18 38 116 60
-9 -1 18 42 130 67
-8 -1 18 42 130 67
-7 -1 18 42 130 67
-6 -1 18 42 130 67
-5 -1 18 42 130 67
-4 -1 18 42 130 67
-3 -1 18 42 130 67
-2 -1 18 42 130 67
-1 -1 18 42 130 67
0 -1 18 42 130 67
1 -1 18 42 130 67
2 -1 18 42 130 67
3 -1 18 42 130 67
4 -1 18 42 130 67
5 -1 18 42 130 67
6 -1 18 42 130 67
7 -1 18 42 130 67
8 -1 18 42 130 67
9 -1 18 38 116 60
10 -1 18 38 116 60
11 -1 18 38 116 60
-9 0 18 42 130 67
-8 0 18 42 130 67
-7 0 18 42 130 67
-6 0 18 42 130 67
-5 0 18 42 130 67
-4 0 18 42 130 67
-3 0 18 42 130 67
-2 0 18 42 130 67
-1 0 18 42 130 67
0 0 18 42 130 67
1 0 18 42 130 67
2 0 18 42 130 67
3 0 18 42 130 67
4 0 18 42 130 67
5 0 18 42 130 67
6 0 18 42 130 67
7 0 18 42 130 67
8 0 18 42 130 67
9 0 18 38 116 60
10 0 18 38 116 60
11 0 18 38 116 60
-9 1 18 42 130 67
-8 1 18 42 130 67
-7 1 18 42 130 67
-6 1 18 42 130 67
-5 1 18 42 130 67
-4 1 18 42 130 67
-3 1 18 42 130 67
-2 1 18 42 130 67
-1 1 18 42 130 67
0 1 18 42 130 67
1 1 18 42 130 67
2 1 18 42 130 67
3 1 18 42 130 67
4 1 18 42 130 67
5 1 18 42 130 67
6 1 18 42 130 67
7 1 18 42 130 67
8 1 18 42 130 67
9 1 18 38 116 60
10 1 18 38 116 60
11 1 18 38 116 60
-9 2 18 42 130 67
-8 2 18 42 130 67
-7 2 18 42 130 67
-6 2 18 42 130 67
-5 2 18 42 130 67
-4 2 18 42 130 67
-3 2 18 42 130 67
-2 2 18 42 130 67
-1 2 18 42 130 67
0 2 18 42 130 67
1 2 18 42 130 67
2 2 18 42 130 67
3 2 18 42 130 67
4 2 18 42 130 67
5 2 18 42 130 67
6 2 18 42 130 67
7 2 18 42 130 67
8 2 18 42 130 67
9 2 18 38 116 60
10 2 18 38 116 60
11 2 18 38 116 60
-9 3 18 42 130 67
-8 3 18 42 130 67
-7 3 18 42 130 67
-6 3 18 42 130 67
-5 3 18 42 130 67
-4 3 18 42 130 67
-3 3 18 42 130 67
-2 3 18 42 130 67
-1 3 18 42 130 67
0 3 18 42 130 67
1 3 18 42 130 67
2 3 18 42 130 67
3 3 18 42 130 67
4 3 18 42 130 67
5 3 18 42 130 67
6 3 18 42 130 67
7 3 18 42 130 67
8 3 18 42 130 67
9 3 18 38 116 60
10 3 18 38 116 60
11 3 18 38 116 60
-9 4 18 42 130 67
-8 4 18 42 130 67
-7 4 18 42 130 67
-6 4 18 42 130 67
-5 4 18 42 130 67
-4 4 18 42 130 67
-3 4 18 42 130 67
-2 4 18 42 130 67
-1 4 18 42 130 67
0 4 18 42 130 67
1 4 18 42 130 67
2 4 18 42 130 67
3 4 18 42 130 67
4 4 18 42 130 67
5 4 18 42 130 67
6 4 18 42 130 67
7 4 18 42 130 67
8 4 18 42 130 67
-9 5 18 42 130 67
-8 5 18 42 130 67
-7 5 18 42 130 67
-6 5 18 42 130 67
-5 5 18 42 130 67
-4 5 18 42 130 67
-3 5 18 42 130 67
-2 5 18 42 130 67
-1 5 18 42 130 67
0 5 18 42 130 67
1 5 18 42 130 67
2 5 18 42 130 67
3 5 18 42 130 67
4 5 18 42 130 67
5 5 18 42 130 67
6 5 18 42 130 67
7 5 18 42 130 67
8 5 18 42 130 67
-9 6 18 42 130 67
-8 6 18 42 130 67
-7 6 18 42 130 67
-6 6 18 42 130 67
-5 6 18 42 130 67
-4 6 18 42 130 67
-3 6 18 42 130 67
-2 6 18 42 130 67
-1 6 18 42 130 67
0 6 18 42 130 67
1 6 18 42 130 67
2 6 18 42 130 67
3 6 18 42 130 67
4 6 18 42 130 67
5 6 18 42 130 67
6 6 18 42 130 67
7 6 18 42 130 67
8 6 18 42 130 67
-9 7 18 42 130 67
-8 7 18 42 130 67
-7 7 18 42 130 67
-6 7 18 42 130 67
-5 7 18 42 130 67
-4 7 18 42 130 67
-3 7 18 42 130 67
-2 7 18 42 130 67
-1 7 18 42 130 67
0 7 18 42 130 67
1 7 18 42 130 67
2 7 18 42 130 67
3 7 18 42 130 67
4 7 18 42 130 67
5 7 18 42 130 67
6 7 18 42 130 67
7 7 18 42 130 67
8 7 18 42 130 67
-9 8 18 42 130 67
-8 8 18 42 130 67
-7 8 18 42 130 67
-6 8 18 42 130 67
-5 8 18 42 130 67
-4 8 18 42 130 67
-3 8 18 42 130 67
-2 8 18 42 130 67
-1 8 18 42 130 67
0 8 18 42 130 67
1 8 18 42 130 67
2 8 18 42 130 67
3 8 18 42 130 67
4 8 18 42 130 67
5 8 18 42 130 67
6 8 18 42 130 67
7 8 18 42 130 67
8 8 18 42 130 67
-9 -9 19 42 130 67
-8 -9 19 42 130 67
-7 -9 19 42 130 67
-6 -9 19 42 130 67
-5 -9 19 42 130 67
-4 -9 19 42 130 67
-3 -9 19 42 130 67
-2 -9 19 42 130 67
-1 -9 19 42 130 67
0 -9 19 42 130 67
1 -9 19 42 130 67
2 -9 19 42 130 67
3 -9 19 42 130 67
4 -9 19 42 130 67
5 -9 19 42 130 67
6 -9 19 42 130 67
7 -9 19 42 130 67
8 -9 19 42 130 67
-9 -8 19 42 130 67
-8 -8 19 42 130 67
-7 -8 19 42 130 67
-6 -8 19 42 130 67
-5 -8 19 42 130 67
-4 -8 19 42 130 67
-3 -8 19 42 130 67
-2 -8 19 42 130 67
-1 -8 19 42 130 67
0 -8 19 42 130 67
1 -8 19 42 130 67
2 -8 19 42 130 67
3 -8 19 42 130 67
4 -8 19 42 130 67
5 -8 19 42 130 67
6 -8 19 42 130 67
7 -8 19 42 130 67
8 -8 19 42 130 67
-9 -7 19 42 130 67
-8 -7 19 42 130 67
-7 -7 19 42 130 67
-6 -7 19 42 130 67
-5 -7 19 42 130 67
-4 -7 19 42 130 67
-3 -7 19 42 130 67
-2 -7 19 42 130 67
-1 -7 19 42 130 67
0 -7 19 42 130 67
1 -7 19 42 130 67
2 -7 19 42 130 67
3 -7 19 42 130 67
4 -7 19 42 130 67
5 -7 19 42 130 67
6 -7 19 42 130 67
7 -7 19 42 130 67
8 -7 19 42 130 67
-9 -6 19 42 130 67
-8 -6 19 42 130 67
-7 -6 19 42 130 67
-6 -6 19 42 130 67
-5 -6 19 42 130 67
-4 -6 19 42 130 67
-3 -6 19 42 130 67
-2 -6 19 42 130 67
-1 -6 19 42 130 67
0 -6 19 42 130 67
1 -6 19 42 130 67
2 -6 19 42 130 67
3 -6 19 42 130 67
4 -6 19 42 130 67
5 -6 19 42 130 67
6 -6 19 42 130 67
7 -6 19 42 130 67
8 -6 19 42 130 67
-9 -5 19 42 130 67
-8 -5 19 42 130 67
-7 -5 19 42 130 67
-6 -5 19 42 130 67
-5 -5 19 42 130 67
-4 -5 19 42 130 67
-3 -5 19 42 130 67
-2 -5 19 42 130 67
-1 -5 19 42 130 67
0 -5 19 42 130 67
1 -5 19 42 130 67
2 -5 19 42 130 67
3 -5 19 42 130 67
4 -5 19 42 130 67
5 -5 19 42 130 67
6 -5 19 42 130 67
7 -5 19 42 130 67
8 -5 19 42 130 67
-9 -4 19 42 130 67
-8 -4 19 42 130 67
-7 -4 19 42 130 67
-6 -4 19 42 130 67
-5 -4 19 42 130 67
-4 -4 19 42 130 67
-3 -4 19 42 130 67
-2 -4 19 42 130 67
-1 -4 19 42 130 67
0 -4 19 42 130 67
1 -4 19 42 130 67
2 -4 19 42 130 67
3 -4 19 42 130 67
4 -4 19 42 130 67
5 -4 19 42 130 67
6 -4 19 42 130 67
7 -4 19 42 130 67
8 -4 19 42 130 67
9 -4 19 38 116 60
10 -4 19 38 116 60
11 -4 19 38 116 60
-9 -3 19 42 130 67
-8 -3 19 42 130 67
-7 -3 19 42 130 67
-6 -3 19 42 130 67
-5 -3 19 42 130 67
-4 -3 19 42 130 67
-3 -3 19 42 130 67
-2 -3 19 42 130 67
-1 -3 19 42 130 67
0 -3 19 42 130 67
1 -3 19 42 130 67
2 -3 19 42 130 67
3 -3 19 42 130 67
4 -3 19 42 130 67
5 -3 19 42 130 67
6 -3 19 42 130 67
7 -3 19 42 130 67
8 -3 19 42 130 67
9 -3 19 38 116 60
10 -3 19 38 116 60
11 -3 19 38 116 60
-9 -2 19 42 130 67
-8 -2 19 42 130 67
-7 -2 19 42 130 67
-6 -2 19 42 130 67
-5 -2 19 42 130 67
-4 -2 19 42 130 67
-3 -2 19 42 130 67
-2 -2 19 42 130 67
-1 -2 19 42 130 67
0 -2 19 42 130 67
1 -2 19 42 130 67
2 -2 19 42 130 67
3 -2 19 42 130 67
4 -2 19 42 130 67
5 -2 19 42 130 67
6 -2 19 42 130 67
7 -2 19 42 130 67
8 -2 19 42 130 67
9 -2 19 38 116 60
10 -2 19 38 116 60
11 -2 19 38 116 60
-9 -1 19 42 130 67
-8 -1 19 42 130 67
-7 -1 19 42 130 67
-6 -1 19 42 130 67
-5 -1 19 42 130 67
-4 -1 19 42 130 67
-3 -1 19 42 130 67
-2 -1 19 42 130 67
-1 -1 19 42 130 67
0 -1 19 42 130 67
1 -1 19 42 130 67
2 -1 19 42 130 67
3 -1 19 42 130 67
4 -1 19 42 130 67
5 -1 19 42 130 67
6 -1 19 42 130 67
7 -1 19 42 130 67
8 -1 19 42 130 67
9 -1 19 38 116 60
10 -1 19 38 116 60
11 -1 19 38 116 60
-9 0 19 42 130 67
-8 0 19 42 130 67
-7 0 19 42 130 67
-6 0 19 42 130 67
-5 0 19 42 130 67
-4 0 19 42 130 67
-3 0 19 42 130 67
-2 0 19 42 130 67
-1 0 19 42 130 67
0 0 19 42 130 67
1 0 19 42 130 67
2 0 19 42 130 67
3 0 19 42 130 67
4 0 19 42 130 67
5 0 19 42 130 67
6 0 19 42 130 67
7 0 19 42 130 67
8 0 19 42 130 67
9 0 19 38 116 60
10 0 19 38 116 60
11 0 19 38 116 60
-9 1 19 42 130 67
-8 1 19 42 130 67
-7 1 19 42 130 67
-6 1 19 42 130 67
-5 1 19 42 130 67
-4 1 19 42 130 67
-3 1 19 42 130 67
-2 1 19 42 130 67
-1 1 19 42 130 67
0 1 19 42 130 67
1 1 19 42 130 67
2 1 19 42 130 67
3 1 19 42 130 67
4 1 19 42 130 67
5 1 19 42 130 67
6 1 19 42 130 67
7 1 19 42 130 67
8 1 19 42 130 67
9 1 19 38 116 60
10 1 19 38 116 60
11 1 19 38 116 60
-9 2 19 42 130 67
-8 2 19 42 130 67
-7 2 19 42 130 67
-6 2 19 42 130 67
-5 2 19 42 130 67
-4 2 19 42 130 67
-3 2 19 42 130 67
-2 2 19 42 130 67
-1 2 19 42 130 67
0 2 19 42 130 67
1 2 19 42 130 67
2 2 19 42 130 67
3 2 19 42 130 67
4 2 19 42 130 67
5 2 19 42 130 67
6 2 19 42 130 67
7 2 19 42 130 67
8 2 19 42 130 67
9 2 19 38 116 60
10 2 19 38 116 60
11 2 19 38 116 60
-9 3 19 42 130 67
-8 3 19 42 130 67
-7 3 19 42 130 67
-6 3 19 42 130 67
-5 3 19 42 130 67
-4 3 19 42 130 67
-3 3 19 42 130 67
-2 3 19 42 130 67
-1 3 19 42 130 67
0 3 19 42 130 67
1 3 19 42 130 67
2 3 19 42 130 67
3 3 19 42 130 67
4 3 19 42 130 67
5 3 19 42 130 67
6 3 19 42 130 67
7 3 19 42 130 67
8 3 19 42 130 67
9 3 19 38 116 60
10 3 19 38 116 60
11 3 19 38 116 60
-9 4 19 42 130 67
-8 4 19 42 130 67
-7 4 19 42 130 67
-6 4 19 42 130 67
-5 4 19 42 130 67
-4 4 19 42 130 67
-3 4 19 42 130 67
-2 4 19 42 130 67
-1 4 19 42 130 67
0 4 19 42 130 67
1 4 19 42 130 67
2 4 19 42 130 67
3 4 19 42 130 67
4 4 19 42 130 67
5 4 19 42 130 67
6 4 19 42 130 67
7 4 19 42 130 67
8 4 19 42 130 67
-9 5 19 42 130 67
-8 5 19 42 130 67
-7 5 19 42 130 67
-6 5 19 42 130 67
-5 5 19 42 130 67
-4 5 19 42 130 67
-3 5 19 42 130 67
-2 5 19 42 130 67
-1 5 19 42 130 67
0 5 19 42 130 67
1 5 19 42 130 67
2 5 19 42 130 67
3 5 19 42 130 67
4 5 19 42 130 67
5 5 19 42 130 67
6 5 19 42 130 67
7 5 19 42 130 67
8 5 19 42 130 67
-9 6 19 42 130 67
-8 6 19 42 130 67
-7 6 19 42 130 67
-6 6 19 42 130 67
-5 6 19 42 130 67
-4 6 19 42 130 67
-3 6 19 42 130 67
-2 6 19 42 130 67
-1 6 19 42 130 67
0 6 19 42 130 67
1 6 19 42 130 67
2 6 19 42 130 67
3 6 19 42 130 67
4 6 19 42 130 67
5 6 19 42 130 67
6 6 19 42 130 67
7 6 19 42 130 67
8 6 19 42 130 67
-9 7 19 42 130 67
-8 7 19 42 130 67
-7 7 19 42 130 67
-6 7 19 42 130 67
-5 7 19 42 130 67
-4 7 19 42 130 67
-3 7 19 42 130 67
-2 7 19 42 130 67
-1 7 19 42 130 67
0 7 19 42 130 67
1 7 19 42 130 67
2 7 19 42 130 67
3 7 19 42 130 67
4 7 19 42 130 67
5 7 19 42 130 67
6 7 19 42 130 67
7 7 19 42 130 67
8 7 19 42 130 67
-9 8 19 42 130 67
-8 8 19 42 130 67
-7 8 19 42 130 67
-6 8 19 42 130 67
-5 8 19 42 130 67
-4 8 19 42 130 67
-3 8 19 42 130 67
-2 8 19 42 130 67
-1 8 19 42 130 67
0 8 19 42 130 67
1 8 19 42 130 67
2 8 19 42 130 67
3 8 19 42 130 67
4 8 19 42 130 67
5 8 19 42 130 67
6 8 19 42 130 67
7 8 19 42 130 67
8 8 19 42 130 67
-9 -9 20 38 116 60
-8 -9 20 38 116 60
-7 -9 20 38 116 60
-6 -9 20 38 116 60
-5 -9 20 38 116 60
-4 -9 20 38 116 60
-3 -9 20 38 116 60
-2 -9 20 38 116 60
-1 -9 20 38 116 60
0 -9 20 38 116 60
1 -9 20 38 116 60
2 -9 20 38 116 60
3 -9 20 38 116 60
4 -9 20 38 116 60
5 -9 20 38 116 60
6 -9 20 38 116 60
7 -9 20 38 116 60
8 -9 20 38 116 60
-9 -8 20 38 116 60
-8 -8 20 38 116 60
-7 -8 20 38 116 60
-6 -8 20 38 116 60
-5 -8 20 38 116 60
-4 -8 20 38 116 60
-3 -8 20 38 116 60
-2 -8 20 38 116 60
-1 -8 20 38 116 60
0 -8 20 38 116 60
1 -8 20 38 116 60
2 -8 20 38 116 60
3 -8 20 38 116 60
4 -8 20 38 116 60
5 -8 20 38 116 60
6 -8 20 38 116 60
7 -8 20 38 116 60
8 -8 20 38 116 60
-9 -7 20 38 116 60
-8 -7 20 38 116 60
-7 -7 20 38 116 60
-6 -7 20 38 116 60
-5 -7 20 38 116 60
-4 -7 20 38 116 60
-3 -7 20 38 116 60
-2 -7 20 38 116 60
-1 -7 20 38 116 60
0 -7 20 38 116 60
1 -7 20 38 116 60
2 -7 20 38 116 60
3 -7 20 38 116 60
4 -7 20 38 116 60
5 -7 20 38 116 60
6 -7 20 38 116 60
7 -7 20 38 116 60
8 -7 20 38 116 60
-9 -6 20 38 116 60
-8 -6 20 38 116 60
-7 -6 20 38 116 60
-6 -6 20 38 116 60
-5 -6 20 38 116 60
-4 -6 20 38 116 60
-3 -6 20 38 116 60
-2 -6 20 38 116 60
-1 -6 20 38 116 60
0 -6 20 38 116 60
1 -6 20 38 116 60
2 -6 20 38 116 60
3 -6 20 38 116 60
4 -6 20 38 116 60
5 -6 20 38 116 60
6 -6 20 38 116 60
7 -6 20 38 116 60
8 -6 20 38 116 60
-9 -5 20 38 116 60
-8 -5 20 38 116 60
-7 -5 20 38 116 60
-6 -5 20 38 116 60
-5 -5 20 38 116 60
-4 -5 20 38 116 60
-3 -5 20 38 116 60
-2 -5 20 38 116 60
-1 -5 20 38 116 60
0 -5 20 38 116 60
1 -5 20 38 116 60
2 -5 20 38 116 60
3 -5 20 38 116 60
4 -5 20 38 116 60
5 -5 20 38 116 60
6 -5 20 38 116 60
7 -5 20 38 116 60
8 -5 20 38 116 60
-9 -4 20 38 116 60
-8 -4 20 38 116 60
-7 -4 20 38 116 60
-6 -4 20 38 116 60
-5 -4 20 38 116 60
-4 -4 20 38 116 60
-3 -4 20 38 116 60
-2 -4 20 38 116 60
-1 -4 20 38 116 60
0 -4 20 38 116 60
1 -4 20 38 116 60
2 -4 20 38 116 60
3 -4 20 38 116 60
4 -4 20 38 116 60
5 -4 20 38 116 60
6 -4 20 38 116 60
7 -4 20 38 116 60
8 -4 20 38 116 60
9 -4 20 42 130 67
10 -4 20 42 130 67
11 -4 20 42 130 67
-9 -3 20 38 116 60
-8 -3 20 38 116 60
-7 -3 20 38 116 60
-6 -3 20 38 116 60
-5 -3 20 38 116 60
-4 -3 20 38 116 60
-3 -3 20 38 116 60
-2 -3 20 38 116 60
-1 -3 20 38 116 60
0 -3 20 38 116 60
1 -3 20 38 116 60
2 -3 20 38 116 60
3 -3 20 38 116 60
4 -3 20 38 116 60
5 -3 20 38 116 60
6 -3 20 38 116 60
7 -3 20 38 116 60
8 -3 20 38 116 60
9 -3 20 42 130 67
10 -3 20 42 130 67
11 -3 20 42 130 67
-9 -2 20 38 116 60
-8 -2 20 38 116 60
-7 -2 20 38 116 60
-6 -2 20 38 116 60
-5 -2 20 38 116 60
-4 -2 20 38 116 60
-3 -2 20 38 116 60
-2 -2 20 38 116 60
-1 -2 20 38 116 60
0 -2 20 38 116 60
1 -2 20 38 116 60
2 -2 20 38 116 60
3 -2 20 38 116 60
4 -2 20 38 116 60
5 -2 20 38 116 60
6 -2 20 38 116 60
7 -2 20 38 116 60
8 -2 20 38 116 60
9 -2 20 42 130 67
10 -2 20 42 130 67
11 -2 20 42 130 67
-9 -1 20 38 116 60
-8 -1 20 38 116 60
-7 -1 20 38 116 60
-6 -1 20 38 116 60
-5 -1 20 38 116 60
-4 -1 20 38 116 60
-3 -1 20 38 116 60
-2 -1 20 38 116 60
-1 -1 20 38 116 60
0 -1 20 38 116 60
1 -1 20 38 116 60
2 -1 20 38 116 60
3 -1 20 38 116 60
4 -1 20 38 116 60
5 -1 20 38 116 60
6 -1 20 38 116 60
7 -1 20 38 116 60
8 -1 20 38 116 60
9 -1 20 42 130 67
10 -1 20 42 130 67
11 -1 20 42 130 67
-9 0 20 38 116 60
-8 0 20 38 116 60
-7 0 20 38 116 60
-6 0 20 38 116 60
-5 0 20 38 116 60
-4 0 20 38 116 60
-3 0 20 38 116 60
-2 0 20 38 116 60
-1 0 20 38 116 60
0 0 20 38 116 60
1 0 20 38 116 60
2 0 20 38 116 60
3 0 20 38 116 60
4 0 20 38 116 60
5 0 20 38 116 60
6 0 20 38 116 60
7 0 20 38 116 60
8 0 20 38 116 60
9 0 20 42 130 67
10 0 20 42 130 67
11 0 20 42 130 67
-9 1 20 38 116 60
-8 1 20 38 116 60
-7 1 20 38 116 60
-6 1 20 38 116 60
-5 1 20 38 116 60
-4 1 20 38 116 60
-3 1 20 38 116 60
-2 1 20 38 116 60
-1 1 20 38 116 60
0 1 20 38 116 60
1 1 20 38 116 60
2 1 20 38 116 60
3 1 20 38 116 60
4 1 20 38 116 60
5 1 20 38 116 60
6 1 20 38 116 60
7 1 20 38 116 60
8 1 20 38 116 60
9 1 20 42 130 67
10 1 20 42 130 67
11 1 20 42 130 67
-9 2 20 38 116 60
-8 2 20 38 116 60
-7 2 20 38 116 60
-6 2 20 38 116 60
-5 2 20 38 116 60
-4 2 20 38 116 60
-3 2 20 38 116 60
-2 2 20 38 116 60
-1 2 20 38 116 60
0 2 20 38 116 60
1 2 20 38 116 60
2 2 20 38 116 60
3 2 20 38 116 60
4 2 20 38 116 60
5 2 20 38 116 60
6 2 20 38 116 60
7 2 20 38 116 60
8 2 20 38 116 60
9 2 20 42 130 67
10 2 20 42 130 67
11 2 20 42 130 67
-9 3 20 38 116 60
-8 3 20 38 116 60
-7 3 20 38 116 60
-6 3 20 38 116 60
-5 3 20 38 116 60
-4 3 20 38 116 60
-3 3 20 38 116 60
-2 3 20 38 116 60
-1 3 20 38 116 60
0 3 20 38 116 60
1 3 20 38 116 60
2 3 20 38 116 60
3 3 20 38 116 60
4 3 20 38 116 60
5 3 20 38 116 60
6 3 20 38 116 60
7 3 20 38 116 60
8 3 20 38 116 60
9 3 20 42 130 67
10 3 20 42 130 67
11 3 20 42 130 67
-9 4 20 38 116 60
-8 4 20 38 116 60
-7 4 20 38 116 60
-6 4 20 38 116 60
-5 4 20 38 116 60
-4 4 20 38 116 60
-3 4 20 38 116 60
-2 4 20 38 116 60
-1 4 20 38 116 60
0 4 20 38 116 60
1 4 20 38 116 60
2 4 20 38 116 60
3 4 20 38 116 60
4 4 20 38 116 60
5 4 20 38 116 60
6 4 20 38 116 60
7 4 20 38 116 60
8 4 20 38 116 60
-9 5 20 38 116 60
-8 5 20 38 116 60
-7 5 20 38 116 60
-6 5 20 38 116 60
-5 5 20 38 116 60
-4 5 20 38 116 60
-3 5 20 38 116 60
-2 5 20 38 116 60
-1 5 20 38 116 60
0 5 20 38 116 60
1 5 20 38 116 60
2 5 20 38 116 60
3 5 20 38 116 60
4 5 20 38 116 60
5 5 20 38 116 60
6 5 20 38 116 60
7 5 20 38 116 60
8 5 20 38 116 60
-9 6 20 38 116 60
-8 6 20 38 116 60
-7 6 20 38 116 60
-6 6 20 38 116 60
-5 6 20 38 116 60
-4 6 20 38 116 60
-3 6 20 38 116 60
-2 6 20 38 116 60
-1 6 20 38 116 60
0 6 20 38 116 60
1 6 20 38 116 60
2 6 20 38 116 60
3 6 20 38 116 60
4 6 20 38 116 60
5 6 20 38 116 60
6 6 20 38 116 60
7 6 20 38 116 60
8 6 20 38 116 60
-9 7 20 38 116 60
-8 7 20 38 116 60
-7 7 20 38 116 60
-6 7 20 38 116 60
-5 7 20 38 116 60
-4 7 20 38 116 60
-3 7 20 38 116 60
-2 7 20 38 116 60
-1 7 20 38 116 60
0 7 20 38 116 60
1 7 20 38 116 60
2 7 20 38 116 60
3 7 20 38 116 60
4 7 20 38 116 60
5 7 20 38 116 60
6 7 20 38 116 60
7 7 20 38 116 60
8 7 20 38 116 60
-9 8 20 38 116 60
-8 8 20 38 116 60
-7 8 20 38 116 60
-6 8 20 38 116 60
-5 8 20 38 116 60
-4 8 20 38 116 60
-3 8 20 38 116 60
-2 8 20 38 116 60
-1 8 20 38 116 60
0 8 20 38 116 60
1 8 20 38 116 60
2 8 20 38 116 60
3 8 20 38 116 60
4 8 20 38 116 60
5 8 20 38 116 60
6 8 20 38 116 60
7 8 20 38 116 60
8 8 20 38 116 60
-9 -9 21 38 116 60
-8 -9 21 38 116 60
-7 -9 21 38 116 60
-6 -9 21 38 116 60
-5 -9 21 38 116 60
-4 -9 21 38 116 60
-3 -9 21 38 116 60
-2 -9 21 38 116 60
-1 -9 21 38 116 60
0 -9 21 38 116 60
1 -9 21 38 116 60
2 -9 21 38 116 60
3 -9 21 38 116 60
4 -9 21 38 116 60
5 -9 21 38 116 60
6 -9 21 38 116 60
7 -9 21 38 116 60
8 -9 21 38 116 60
-9 -8 21 38 116 60
-8 -8 21 38 116 60
-7 -8 21 38 116 60
-6 -8 21 38 116 60
-5 -8 21 38 116 60
-4 -8 21 38 116 60
-3 -8 21 38 116 60
-2 -8 21 38 116 60
-1 -8 21 38 116 60
0 -8 21 38 116 60
1 -8 21 38 116 60
2 -8 21 38 116 60
3 -8 21 38 116 60
4 -8 21 38 116 60
5 -8 21 38 116 60
6 -8 21 38 116 60
7 -8 21 38 116 60
8 -8 21 38 116 60
-9 -7 21 38 116 60
-8 -7 21 38 116 60
-7 -7 21 38 116 60
-6 -7 21 38 116 60
-5 -7 21 38 116 60
-4 -7 21 38 116 60
-3 -7 21 38 116 60
-2 -7 21 38 116 60
-1 -7 21 38 116 60
0 -7 21 38 116 60
1 -7 21 38 116 60
2 -7 21 38 116 60
3 -7 21 38 116 60
4 -7 21 38 116 60
5 -7 21 38 116 60
6 -7 21 38 116 60
7 -7 21 38 116 60
8 -7 21 38 116 60
-9 -6 21 38 116 60
-8 -6 21 38 116 60
-7 -6 21 38 116 60
-6 -6 21 38 116 60
-5 -6 21 38 116 60
-4 -6 21 38 116 60
-3 -6 21 38 116 60
-2 -6 21 38 116 60
-1 -6 21 38 116 60
0 -6 21 38 116 60
1 -6 21 38 116 60
2 -6 21 38 116 60
3 -6 21 38 116 60
4 -6 21 38 116 60
5 -6 21 38 116 60
6 -6 21 38 116 60
7 -6 21 38 116 60
8 -6 21 38 116 60
-9 -5 21 38 116 60
-8 -5 21 38 116 60
-7 -5 21 38 116 60
-6 -5 21 38 116 60
-5 -5 21 38 116 60
-4 -5 21 38 116 60
-3 -5 21 38 116 60
-2 -5 21 38 116 60
-1 -5 21 38 116 60
0 -5 21 38 116 60
1 -5 21 38 116 60
2 -5 21 38 116 60
3 -5 21 38 116 60
4 -5 21 38 116 60
5 -5 21 38 116 60
6 -5 21 38 116 60
7 -5 21 38 116 60
8 -5 21 38 116 60
-9 -4 21 38 116 60
-8 -4 21 38 116 60
-7 -4 21 38 116 60
-6 -4 21 38 116 60
-5 -4 21 38 116 60
-4 -4 21 38 116 60
-3 -4 21 38 116 60
-2 -4 21 38 116 60
-1 -4 21 38 116 60
0 -4 21 38 116 60
1 -4 21 38 116 60
2 -4 21 38 116 60
3 -4 21 38 116 60
4 -4 21 38 116 60
5 -4 21 38 116 60
6 -4 21 38 116 60
7 -4 21 38 116 60
8 -4 21 38 116 60
9 -4 21 42 130 67
10 -4 21 42 130 67
11 -4 21 42 130 67
-9 -3 21 38 116 60
-8 -3 21 38 116 60
-7 -3 21 38 116 60
-6 -3 21 38 116 60
-5 -3 21 38 116 60
-4 -3 21 38 116 60
-3 -3 21 38 116 60
-2 -3 21 38 116 60
-1 -3 21 38 116 60
0 -3 21 38 116 60
1 -3 21 38 116 60
2 -3 21 38 116 60
3 -3 21 38 116 60
4 -3 21 38 116 60
5 -3 21 38 116 60
6 -3 21 38 116 60
7 -3 21 38 116 60
8 -3 21 38 116 60
9 -3 21 42 130 67
10 -3 21 42 130 67
11 -3 21 42 130 67
-9 -2 21 38 116 60
-8 -2 21 38 116 60
-7 -2 21 38 116 60
-6 -2 21 38 116 60
-5 -2 21 38 116 60
-4 -2 21 38 116 60
-3 -2 21 38 116 60
-2 -2 21 38 116 60
-1 -2 21 38 116 60
0 -2 21 38 116 60
1 -2 21 38 116 60
2 -2 21 38 116 60
3 -2 21 38 116 60
4 -2 21 38 116 60
5 -2 21 38 116 60
6 -2 21 38 116 60
7 -2 21 38 116 60
8 -2 21 38 116 60
9 -2 21 42 130 67
10 -2 21 42 130 67
11 -2 21 42 130 67
-9 -1 21 38 116 60
-8 -1 21 38 116 60
-7 -1 21 38 116 60
-6 -1 21 38 116 60
-5 -1 21 38 116 60
-4 -1 21 38 116 60
-3 -1 21 38 116 60
-2 -1 21 38 116 60
-1 -1 21 38 116 60
0 -1 21 38 116 60
1 -1 21 38 116 60
2 -1 21 38 116 60
3 -1 21 38 116 60
4 -1 21 38 116 60
5 -1 21 38 116 60
6 -1 21 38 116 60
7 -1 21 38 116 60
8 -1 21 38 116 60
9 -1 21 42 130 67
10 -1 21 42 130 67
11 -1 21 42 130 67
-9 0 21 38 116 60
-8 0 21 38 116 60
-7 0 21 38 116 60
-6 0 21 38 116 60
-5 0 21 38 116 60
-4 0 21 38 116 60
-3 0 21 38 116 60
-2 0 21 38 116 60
-1 0 21 38 116 60
0 0 21 38 116 60
1 0 21 38 116 60
2 0 21 38 116 60
3 0 21 38 116 60
4 0 21 38 116 60
5 0 21 38 116 60
6 0 21 38 116 60
7 0 21 38 116 60
8 0 21 38 116 60
9 0 21 42 130 67
10 0 21 42 130 67
11 0 21 42 130 67
-9 1 21 38 116 60
-8 1 21 38 116 60
-7 1 21 38 116 60
-6 1 21 38 116 60
-5 1 21 38 116 60
-4 1 21 38 116 60
-3 1 21 38 116 60
-2 1 21 38 116 60
-1 1 21 38 116 60
0 1 21 38 116 60
1 1 21 38 116 60
2 1 21 38 116 60
3 1 21 38 116 60
4 1 21 38 116 60
5 1 21 38 116 60
6 1 21 38 116 60
7 1 21 38 116 60
8 1 21 38 116 60
9 1 21 42 130 67
10 1 21 42 130 67
11 1 21 42 130 67
-9 2 21 38 116 60
-8 2 21 38 116 60
-7 2 21 38 116 60
-6 2 21 38 116 60
-5 2 21 38 116 60
-4 2 21 38 116 60
-3 2 21 38 116 60
-2 2 21 38 116 60
-1 2 21 38 116 60
0 2 21 38 116 60
1 2 21 38 116 60
2 2 21 38 116 60
3 2 21 38 116 60
4 2 21 38 116 60
5 2 21 38 116 60
6 2 21 38 116 60
7 2 21 38 116 60
8 2 21 38 116 60
9 2 21 42 130 67
10 2 21 42 130 67
11 2 21 42 130 67
-9 3 21 38 116 60
-8 3 21 38 116 60
-7 3 21 38 116 60
-6 3 21 38 116 60
-5 3 21 38 116 60
-4 3 21 38 116 60
-3 3 21 38 116 60
-2 3 21 38 116 60
-1 3 21 38 116 60
0 3 21 38 116 60
1 3 21 38 116 60
2 3 21 38 116 60
3 3 21 38 116 60
4 3 21 38 116 60
5 3 21 38 116 60
6 3 21 38 116 60
7 3 21 38 116 60
8 3 21 38 116 60
9 3 21 42 130 67
10 3 21 42 130 67
11 3 21 42 130 67
-9 4 21 38 116 60
-8 4 21 38 116 60
-7 4 21 38 116 60
-6 4 21 38 116 60
-5 4 21 38 116 60
-4 4 21 38 116 60
-3 4 21 38 116 60
-2 4 21 38 116 60
-1 4 21 38 116 60
0 4 21 38 116 60
1 4 21 38 116 60
2 4 21 38 116 60
3 4 21 38 116 60
4 4 21 38 116 60
5 4 21 38 116 60
6 4 21 38 116 60
7 4 21 38 116 60
8 4 21 38 116 60
-9 5 21 38 116 60
-8 5 21 38 116 60
-7 5 21 38 116 60
-6 5 21 38 116 60
-5 5 21 38 116 60
-4 5 21 38 116 60
-3 5 21 38 116 60
-2 5 21 38 116 60
-1 5 21 38 116 60
0 5 21 38 116 60
1 5 21 38 116 60
2 5 21 38 116 60
3 5 21 38 116 60
4 5 21 38 116 60
5 5 21 38 116 60
6 5 21 38 116 60
7 5 21 38 116 60
8 5 21 38 116 60
-9 6 21 38 116 60
-8 6 21 38 116 60
-7 6 21 38 116 60
-6 6 21 38 116 60
-5 6 21 38 116 60
-4 6 21 38 116 60
-3 6 21 38 116 60
-2 6 21 38 116 60
-1 6 21 38 116 60
0 6 21 38 116 60
1 6 21 38 116 60
2 6 21 38 116 60
3 6 21 38 116 60
4 6 21 38 116 60
5 6 21 38 116 60
6 6 21 38 116 60
7 6 21 38 116 60
8 6 21 38 116 60
-9 7 21 38 116 60
-8 7 21 38 116 60
-7 7 21 38 116 60
-6 7 21 38 116 60
-5 7 21 38 116 60
-4 7 21 38 116 60
-3 7 21 38 116 60
-2 7 21 38 116 60
-1 7 21 38 116 60
0 7 21 38 116 60
1 7 21 38 116 60
2 7 21 38 116 60
3 7 21 38 116 60
4 7 21 38 116 60
5 7 21 38 116 60
6 7 21 38 116 60
7 7 21 38 116 60
8 7 21 38 116 60
-9 8 21 38 116 60
-8 8 21 38 116 60
-7 8 21 38 116 60
-6 8 21 38 116 60
-5 8 21 38 116 60
-4 8 21 38 116 60
-3 8 21 38 116 60
-2 8 21 38 116 60
-1 8 21 38 116 60
0 8 21 38 116 60
1 8 21 38 116 60
2 8 21 38 116 60
3 8 21 38 116 60
4 8 21 38 116 60
5 8 21 38 116 60
6 8 21 38 116 60
7 8 21 38 116 60
8 8 21 38 116 60
-9 -9 22 38 116 60
-8 -9 22 38 116 60
-7 -9 22 38 116 60
-6 -9 22 38 116 60
-5 -9 22 38 116 60
-4 -9 22 38 116 60
-3 -9 22 38 116 60
-2 -9 22 38 116 60
-1 -9 22 38 116 60
0 -9 22 38 116 60
1 -9 22 38 116 60
2 -9 22 38 116 60
3 -9 22 38 116 60
4 -9 22 38 116 60
5 -9 22 38 116 60
6 -9 22 38 116 60
7 -9 22 38 116 60
8 -9 22 38 116 60
-9 -8 22 38 116 60
-8 -8 22 38 116 60
-7 -8 22 38 116 60
-6 -8 22 38 116 60
-5 -8 22 38 116 60
-4 -8 22 38 116 60
-3 -8 22 38 116 60
-2 -8 22 38 116 60
-1 -8 22 38 116 60
0 -8 22 38 116 60
1 -8 22 38 116 60
2 -8 22 38 116 60
3 -8 22 38 116 60
4 -8 22 38 116 60
5 -8 22 38 116 60
6 -8 22 38 116 60
7 -8 22 38 116 60
8 -8 22 38 116 60
-9 -7 22 38 116 60
-8 -7 22 38 116 60
-7 -7 22 38 116 60
-6 -7 22 38 116 60
-5 -7 22 38 116 60
-4 -7 22 38 116 60
-3 -7 22 38 116 60
-2 -7 22 38 116 60
-1 -7 22 38 116 60
0 -7 22 38 116 60
1 -7 22 38 116 60
2 -7 22 38 116 60
3 -7 22 38 116 60
4 -7 22 38 116 60
5 -7 22 38 116 60
6 -7 22 38 116 60
7 -7 22 38 116 60
8 -7 22 38 116 60
-9 -6 22 38 116 60
-8 -6 22 38 116 60
-7 -6 22 38 116 60
-6 -6 22 38 116 60
-5 -6 22 38 116 60
-4 -6 22 38 116 60
-3 -6 22 38 116 60
-2 -6 22 38 116 60
-1 -6 22 38 116 60
0 -6 22 38 116 60
1 -6 22 38 116 60
2 -6 22 38 116 60
3 -6 22 38 116 60
4 -6 22 38 116 60
5 -6 22 38 116 60
6 -6 22 38 116 60
7 -6 22 38 116 60
8 -6 22 38 116 60
-9 -5 22 38 116 60
-8 -5 22 38 116 60
-7 -5 22 38 116 60
-6 -5 22 38 116 60
-5 -5 22 38 116 60
-4 -5 22 38 116 60
-3 -5 22 38 116 60
-2 -5 22 38 116 60
-1 -5 22 38 116 60
0 -5 22 38 116 60
1 -5 22 38 116 60
2 -5 22 38 116 60
3 -5 22 38 116 60
4 -5 22 38 116 60
5 -5 22 38 116 60
6 -5 22 38 116 60
7 -5 22 38 116 60
8 -5 22 38 116 60
-9 -4 22 38 116 60
-8 -4 22 38 116 60
-7 -4 22 38 116 60
-6 -4 22 38 116 60
-5 -4 22 38 116 60
-4 -4 22 38 116 60
-3 -4 22 38 116 60
-2 -4 22 38 116 60
-1 -4 22 38 116 60
0 -4 22 38 116 60
1 -4 22 38 116 60
2 -4 22 38 116 60
3 -4 22 38 116 60
4 -4 22 38 116 60
5 -4 22 38 116 60
6 -4 22 38 116 60
7 -4 22 38 116 60
8 -4 22 38 116 60
9 -4 22 42 130 67
10 -4 22 42 130 67
11 -4 22 42 130 67
-9 -3 22 38 116 60
-8 -3 22 38 116 60
-7 -3 22 38 116 60
-6 -3 22 38 116 60
-5 -3 22 38 116 60
-4 -3 22 38 116 60
-3 -3 22 38 116 60
-2 -3 22 38 116 60
-1 -3 22 38 116 60
0 -3 22 38 116 60
1 -3 22 38 116 60
2 -3 22 38 116 60
3 -3 22 38 116 60
4 -3 22 38 116 60
5 -3 22 38 116 60
6 -3 22 38 116 60
7 -3 22 38 116 60
8 -3 22 38 116 60
9 -3 22 42 130 67
10 -3 22 42 130 67
11 -3 22 42 130 67
-9 -2 22 38 116 60
-8 -2 22 38 116 60
-7 -2 22 38 116 60
-6 -2 22 38 116 60
-5 -2 22 38 116 60
-4 -2 22 38 116 60
-3 -2 22 38 116 60
-2 -2 22 38 116 60
-1 -2 22 38 116 60
0 -2 22 38 116 60
1 -2 22 38 116 60
2 -2 22 38 116 60
3 -2 22 38 116 60
4 -2 22 38 116 60
5 -2 22 38 116 60
6 -2 22 38 116 60
7 -2 22 38 116 60
8 -2 22 38 116 60
9 -2 22 42 130 67
10 -2 22 42 130 67
11 -2 22 42 130 67
-9 -1 22 38 116 60
-8 -1 22 38 116 60
-7 -1 22 38 116 60
-6 -1 22 38 116 60
-5 -1 22 38 116 60
-4 -1 22 38 116 60
-3 -1 22 38 116 60
-2 -1 22 38 116 60
-1 -1 22 38 116 60
0 -1 22 38 116 60
1 -1 22 38 116 60
2 -1 22 38 116 60
3 -1 22 38 116 60
4 -1 22 38 116 60
5 -1 22 38 116 60
6 -1 22 38 116 60
7 -1 22 38 116 60
8 -1 22 38 116 60
9 -1 22 42 130 67
10 -1 22 42 130 67
11 -1 22 42 130 67
-9 0 22 38 116 60
-8 0 22 38 116 60
-7 0 22 38 116 60
-6 0 22 38 116 60
-5 0 22 38 116 60
-4 0 22 38 116 60
-3 0 22 38 116 60
-2 0 22 38 116 60
-1 0 22 38 116 60
0 0 22 38 116 60
1 0 22 38 116 60
2 0 22 38 116 60
3 0 22 38 116 60
4 0 22 38 116 60
5 0 22 38 116 60
6 0 22 38 116 60
7 0 22 38 116 60
8 0 22 38 116 60
9 0 22 42 130 67
10 0 22 42 130 67
11 0 22 42 130 67
-9 1 22 38 116 60
-8 1 22 38 116 60
-7 1 22 38 116 60
-6 1 22 38 116 60
-5 1 22 38 116 60
-4 1 22 38 116 60
-3 1 22 38 116 60
-2 1 22 38 116 60
-1 1 22 38 116 60
0 1 22 38 116 60
1 1 22 38 116 60
2 1 22 38 116 60
3 1 22 38 116 60
4 1 22 38 116 60
5 1 22 38 116 60
6 1 22 38 116 60
7 1 22 38 116 60
8 1 22 38 116 60
9 1 22 42 130 67
10 1 22 42 130 67
11 1 22 42 130 67
-9 2 22 38 116 60
-8 2 22 38 116 60
-7 2 22 38 116 60
-6 2 22 38 116 60
-5 2 22 38 116 60
-4 2 22 38 116 60
-3 2 22 38 116 60
-2 2 22 38 116 60
-1 2 22 38 116 60
0 2 22 38 116 60
1 2 22 38 116 60
2 2 22 38 116 60
3 2 22 38 116 60
4 2 22 38 116 60
5 2 22 38 116 60
6 2 22 38 116 60
7 2 22 38 116 60
8 2 22 38 116 60
9 2 22 42 130 67
10 2 22 42 130 67
11 2 22 42 130 67
-9 3 22 38 116 60
-8 3 22 38 116 60
-7 3 22 38 116 60
-6 3 22 38 116 60
-5 3 22 38 116 60
-4 3 22 38 116 60
-3 3 22 38 116 60
-2 3 22 38 116 60
-1 3 22 38 116 60
0 3 22 38 116 60
1 3 22 38 116 60
2 3 22 38 116 60
3 3 22 38 116 60
4 3 22 38 116 60
5 3 22 38 116 60
6 3 22 38 116 60
7 3 22 38 116 60
8 3 22 38 116 60
9 3 22 42 130 67
10 3 22 42 130 67
11 3 22 42 130 67
-9 4 22 38 116 60
-8 4 22 38 116 60
-7 4 22 38 116 60
-6 4 22 38 116 60
-5 4 22 38 116 60
-4 4 22 38 116 60
-3 4 22 38 116 60
-2 4 22 38 116 60
-1 4 22 38 116 60
0 4 22 38 116 60
1 4 22 38 116 60
2 4 22 38 116 60
3 4 22 38 116 60
4 4 22 38 116 60
5 4 22 38 116 60
6 4 22 38 116 60
7 4 22 38 116 60
8 4 22 38 116 60
-9 5 22 38 116 60
-8 5 22 38 116 60
-7 5 22 38 116 60
-6 5 22 38 116 60
-5 5 22 38 116 60
-4 5 22 38 116 60
-3 5 22 38 116 60
-2 5 22 38 116 60
-1 5 22 38 116 60
0 5 22 38 116 60
1 5 22 38 116 60
2 5 22 38 116 60
3 5 22 38 116 60
4 5 22 38 116 60
5 5 22 38 116 60
6 5 22 38 116 60
7 5 22 38 116 60
8 5 22 38 116 60
-9 6 22 38 116 60
-8 6 22 38 116 60
-7 6 22 38 116 60
-6 6 22 38 116 60
-5 6 22 38 116 60
-4 6 22 38 116 60
-3 6 22 38 116 60
-2 6 22 38 116 60
-1 6 22 38 116 60
0 6 22 38 116 60
1 6 22 38 116 60
2 6 22 38 116 60
3 6 22 38 116 60
4 6 22 38 116 60
5 6 22 38 116 60
6 6 22 38 116 60
7 6 22 38 116 60
8 6 22 38 116 60
-9 7 22 38 116 60
-8 7 22 38 116 60
-7 7 22 38 116 60
-6 7 22 38 116 60
-5 7 22 38 116 60
-4 7 22 38 116 60
-3 7 22 38 116 60
-2 7 22 38 116 60
-1 7 22 38 116 60
0 7 22 38 116 60
1 7 22 38 116 60
2 7 22 38 116 60
3 7 22 38 116 60
4 7 22 38 116 60
5 7 22 38 116 60
6 7 22 38 116 60
7 7 22 38 116 60
8 7 22 38 116 60
-9 8 22 38 116 60
-8 8 22 38 116 60
-7 8 22 38 116 60
-6 8 22 38 116 60
-5 8 22 38 116 60
-4 8 22 38 116 60
-3 8 22 38 116 60
-2 8 22 38 116 60
-1 8 22 38 116 60
0 8 22 38 116 60
1 8 22 38 116 60
2 8 22 38 116 60
3 8 22 38 116 60
4 8 22 38 116 60
5 8 22 38 116 60
6 8 22 38 116 60
7 8 22 38 116 60
8 8 22 38 116 60
-9 -9 23 42 130 67
-8 -9 23 42 130 67
-7 -9 23 42 130 67
-6 -9 23 42 130 67
-5 -9 23 42 130 67
-4 -9 23 42 130 67
-3 -9 23 42 130 67
-2 -9 23 42 130 67
-1 -9 23 42 130 67
0 -9 23 42 130 67
1 -9 23 42 130 67
2 -9 23 42 130 67
3 -9 23 42 130 67
4 -9 23 42 130 67
5 -9 23 42 130 67
6 -9 23 42 130 67
7 -9 23 42 130 67
8 -9 23 42 130 67
-9 -8 23 42 130 67
-8 -8 23 42 130 67
-7 -8 23 42 130 67
-6 -8 23 42 130 67
-5 -8 23 42 130 67
-4 -8 23 42 130 67
-3 -8 23 42 130 67
-2 -8 23 42 130 67
-1 -8 23 42 130 67
0 -8 23 42 130 67
1 -8 23 42 130 67
2 -8 23 42 130 67
3 -8 23 42 130 67
4 -8 23 42 130 67
5 -8 23 42 130 67
6 -8 23 42 130 67
7 -8 23 42 130 67
8 -8 23 42 130 67
-9 -7 23 42 130 67
-8 -7 23 42 130 67
-7 -7 23 42 130 67
-6 -7 23 42 130 67
-5 -7 23 42 130 67
-4 -7 23 42 130 67
-3 -7 23 42 130 67
-2 -7 23 42 130 67
-1 -7 23 42 130 67
0 -7 23 42 130 67
1 -7 23 42 130 67
2 -7 23 42 130 67
3 -7 23 42 130 67
4 -7 23 42 130 67
5 -7 23 42 130 67
6 -7 23 42 130 67
7 -7 23 42 130 67
8 -7 23 42 130 67
-9 -6 23 42 130 67
-8 -6 23 42 130 67
-7 -6 23 42 130 67
-6 -6 23 42 130 67
-5 -6 23 42 130 67
-4 -6 23 42 130 67
-3 -6 23 42 130 67
-2 -6 23 42 130 67
-1 -6 23 42 130 67
0 -6 23 42 130 67
1 -6 23 42 130 67
2 -6 23 42 130 67
3 -6 23 42 130 67
4 -6 23 42 130 67
5 -6 23 42 130 67
6 -6 23 42 130 67
7 -6 23 42 130 67
8 -6 23 42 130 67
-9 -5 23 42 130 67
-8 -5 23 42 130 67
-7 -5 23 42 130 67
-6 -5 23 42 130 67
-5 -5 23 42 130 67
-4 -5 23 42 130 67
-3 -5 23 42 130 67
-2 -5 23 42 130 67
-1 -5 23 42 130 67
0 -5 23 42 130 67
1 -5 23 42 130 67
2 -5 23 42 130 67
3 -5 23 42 130 67
4 -5 23 42 130 67
5 -5 23 42 130 67
6 -5 23 42 130 67
7 -5 23 42 130 67
8 -5 23 42 130 67
-9 -4 23 42 130 67
-8 -4 23 42 130 67
-7 -4 23 42 130 67
-6 -4 23 42 130 67
-5 -4 23 42 130 67
-4 -4 23 42 130 67
-3 -4 23 42 130 67
-2 -4 23 42 130 67
-1 -4 23 42 130 67
0 -4 23 42 130 67
1 -4 23 42 130 67
2 -4 23 42 130 67
3 -4 23 42 130 67
4 -4 23 42 130 67
5 -4 23 42 130 67
6 -4 23 42 130 67
7 -4 23 42 130 67
8 -4 23 42 130 67
9 -4 23 38 116 60
10 -4 23 38 116 60
11 -4 23 38 116 60
-9 -3 23 42 130 67
-8 -3 23 42 130 67
-7 -3 23 42 130 67
-6 -3 23 42 130 67
-5 -3 23 42 130 67
-4 -3 23 42 130 67
-3 -3 23 42 130 67
-2 -3 23 42 130 67
-1 -3 23 42 130 67
0 -3 23 42 130 67
1 -3 23 42 130 67
2 -3 23 42 130 67
3 -3 23 42 130 67
4 -3 23 42 130 67
5 -3 23 42 130 67
6 -3 23 42 130 67
7 -3 23 42 130 67
8 -3 23 42 130 67
9 -3 23 38 116 60
10 -3 23 38 116 60
11 -3 23 38 116 60
-9 -2 23 42 130 67
-8 -2 23 42 130 67
-7 -2 23 42 130 67
-6 -2 23 42 130 67
-5 -2 23 42 130 67
-4 -2 23 42 130 67
-3 -2 23 42 130 67
-2 -2 23 42 130 67
-1 -2 23 42 130 67
0 -2 23 42 130 67
1 -2 23 42 130 67
2 -2 23 42 130 67
3 -2 23 42 130 67
4 -2 23 42 130 67
5 -2 23 42 130 67
6 -2 23 42 130 67
7 -2 23 42 130 67
8 -2 23 42 130 67
9 -2 23 38 116 60
10 -2 23 38 116 60
11 -2 23 38 116 60
-9 -1 23 42 130 67
-8 -1 23 42 130 67
-7 -1 23 42 130 67
-6 -1 23 42 130 67
-5 -1 23 42 130 67
-4 -1 23 42 130 67
-3 -1 23 42 130 67
-2 -1 23 42 130 67
-1 -1 23 42 130 67
0 -1 23 42 130 67
1 -1 23 42 130 67
2 -1 23 42 130 67
3 -1 23 42 130 67
4 -1 23 42 130 67
5 -1 23 42 130 67
6 -1 23 42 130 67
7 -1 23 42 130 67
8 -1 23 42 130 67
9 -1 23 38 116 60
10 -1 23 38 116 60
11 -1 23 38 116 60
-9 0 23 42 130 67
-8 0 23 42 130 67
-7 0 23 42 130 67
-6 0 23 42 130 67
-5 0 23 42 130 67
-4 0 23 42 130 67
-3 0 23 42 130 67
-2 0 23 42 130 67
-1 0 23 42 130 67
0 0 23 42 130 67
1 0 23 42 130 67
2 0 23 42 130 67
3 0 23 42 130 67
4 0 23 42 130 67
5 0 23 42 130 67
6 0 23 42 130 67
7 0 23 42 130 67
8 0 23 42 130 67
9 0 23 38 116 60
10 0 23 38 116 60
11 0 23 38 116 60
-9 1 23 42 130 67
-8 1 23 42 130 67
-7 1 23 42 130 67
-6 1 23 42 130 67
-5 1 23 42 130 67
-4 1 23 42 130 67
-3 1 23 42 130 67
-2 1 23 42 130 67
-1 1 23 42 130 67
0 1 23 42 130 67
1 1 23 42 130 67
2 1 23 42 130 67
3 1 23 42 130 67
4 1 23 42 130 67
5 1 23 42 130 67
6 1 23 42 130 67
7 1 23 42 130 67
8 1 23 42 130 67
9 1 23 38 116 60
10 1 23 38 116 60
11 1 23 38 116 60
-9 2 23 42 130 67
-8 2 23 42 130 67
-7 2 23 42 130 67
-6 2 23 42 130 67
-5 2 23 42 130 67
-4 2 23 42 130 67
-3 2 23 42 130 67
-2 2 23 42 130 67
-1 2 23 42 130 67
0 2 23 42 130 67
1 2 23 42 130 67
2 2 23 42 130 67
3 2 23 42 130 67
4 2 23 42 130 67
5 2 23 42 130 67
6 2 23 42 130 67
7 2 23 42 130 67
8 2 23 42 130 67
9 2 23 38 116 60
10 2 23 38 116 60
11 2 23 38 116 60
-9 3 23 42 130 67
-8 3 23 42 130 67
-7 3 23 42 130 67
-6 3 23 42 130 67
-5 3 23 42 130 67
-4 3 23 42 130 67
-3 3 23 42 130 67
-2 3 23 42 130 67
-1 3 23 42 130 67
0 3 23 42 130 67
1 3 23 42 130 67
2 3 23 42 130 67
3 3 23 42 130 67
4 3 23 42 130 67
5 3 23 42 130 67
6 3 23 42 130 67
7 3 23 42 130 67
8 3 23 42 130 67
9 3 23 38 116 60
10 3 23 38 116 60
11 3 23 38 116 60
-9 4 23 42 130 67
-8 4 23 42 130 67
-7 4 23 42 130 67
-6 4 23 42 130 67
-5 4 23 42 130 67
-4 4 23 42 130 67
-3 4 23 42 130 67
-2 4 23 42 130 67
-1 4 23 42 130 67
0 4 23 42 130 67
1 4 23 42 130 67
2 4 23 42 130 67
3 4 23 42 130 67
4 4 23 42 130 67
5 4 23 42 130 67
6 4 23 42 130 67
7 4 23 42 130 67
8 4 23 42 130 67
-9 5 23 42 130 67
-8 5 23 42 130 67
-7 5 23 42 130 67
-6 5 23 42 130 67
-5 5 23 42 130 67
-4 5 23 42 130 67
-3 5 23 42 130 67
-2 5 23 42 130 67
-1 5 23 42 130 67
0 5 23 42 130 67
1 5 23 42 130 67
2 5 23 42 130 67
3 5 23 42 130 67
4 5 23 42 130 67
5 5 23 42 130 67
6 5 23 42 130 67
7 5 23 42 130 67
8 5 23 42 130 67
-9 6 23 42 130 67
-8 6 23 42 130 67
-7 6 23 42 130 67
-6 6 23 42 130 67
-5 6 23 42 130 67
-4 6 23 42 130 67
-3 6 23 42 130 67
-2 6 23 42 130 67
-1 6 23 42 130 67
0 6 23 42 130 67
1 6 23 42 130 67
2 6 23 42 130 67
3 6 23 42 130 67
4 6 23 42 130 67
5 6 23 42 130 67
6 6 23 42 130 67
7 6 23 42 130 67
8 6 23 42 130 67
-9 7 23 42 130 67
-8 7 23 42 130 67
-7 7 23 42 130 67
-6 7 23 42 130 67
-5 7 23 42 130 67
-4 7 23 42 130 67
-3 7 23 42 130 67
-2 7 23 42 130 67
-1 7 23 42 130 67
0 7 23 42 130 67
1 7 23 42 130 67
2 7 23 42 130 67
3 7 23 42 130 67
4 7 23 42 130 67
5 7 23 42 130 67
6 7 23 42 130 67
7 7 23 42 130 67
8 7 23 42 130 67
-9 8 23 42 130 67
-8 8 23 42 130 67
-7 8 23 42 130 67
-6 8 23 42 130 67
-5 8 23 42 130 67
-4 8 23 42 130 67
-3 8 23 42 130 67
-2 8 23 42 130 67
-1 8 23 42 130 67
0 8 23 42 130 67
1 8 23 42 130 67
2 8 23 42 130 67
3 8 23 42 130 67
4 8 23 42 130 67
5 8 23 42 130 67
6 8 23 42 130 67
7 8 23 42 130 67
8 8 23 42 130 67
-9 -9 24 38 116 60
-8 -9 24 38 116 60
-7 -9 24 38 116 60
-6 -9 24 38 116 60
-5 -9 24 38 116 60
-4 -9 24 38 116 60
-3 -9 24 38 116 60
-2 -9 24 38 116 60
-1 -9 24 38 116 60
0 -9 24 38 116 60
1 -9 24 38 116 60
2 -9 24 38 116 60
3 -9 24 38 116 60
4 -9 24 38 116 60
5 -9 24 38 116 60
6 -9 24 38 116 60
7 -9 24 38 116 60
8 -9 24 38 116 60
-9 -8 24 38 116 60
-8 -8 24 38 116 60
-7 -8 24 38 116 60
-6 -8 24 38 116 60
-5 -8 24 38 116 60
-4 -8 24 38 116 60
-3 -8 24 38 116 60
-2 -8 24 38 116 60
-1 -8 24 38 116 60
0 -8 24 38 116 60
1 -8 24 38 116 60
2 -8 24 38 116 60
3 -8 24 38 116 60
4 -8 24 38 116 60
5 -8 24 38 116 60
6 -8 24 38 116 60
7 -8 24 38 116 60
8 -8 24 38 116 60
-9 -7 24 38 116 60
-8 -7 24 38 116 60
-7 -7 24 38 116 60
-6 -7 24 38 116 60
-5 -7 24 38 116 60
-4 -7 24 38 116 60
-3 -7 24 38 116 60
-2 -7 24 38 116 60
-1 -7 24 38 116 60
0 -7 24 38 116 60
1 -7 24 38 116 60
2 -7 24 38 116 60
3 -7 24 38 116 60
4 -7 24 38 116 60
5 -7 24 38 116 60
6 -7 24 38 116 60
7 -7 24 38 116 60
8 -7 24 38 116 60
-9 -6 24 38 116 60
-8 -6 24 38 116 60
-7 -6 24 38 116 60
-6 -6 24 38 116 60
-5 -6 24 38 116 60
-4 -6 24 38 116 60
-3 -6 24 38 116 60
-2 -6 24 38 116 60
-1 -6 24 38 116 60
0 -6 24 38 116 60
1 -6 24 38 116 60
2 -6 24 38 116 60
3 -6 24 38 116 60
4 -6 24 38 116 60
5 -6 24 38 116 60
6 -6 24 38 116 60
7 -6 24 38 116 60
8 -6 24 38 116 60
-9 -5 24 38 116 60
-8 -5 24 38 116 60
-7 -5 24 38 116 60
-6 -5 24 38 116 60
-5 -5 24 38 116 60
-4 -5 24 38 116 60
-3 -5 24 38 116 60
-2 -5 24 38 116 60
-1 -5 24 38 116 60
0 -5 24 38 116 60
1 -5 24 38 116 60
2 -5 24 38 116 60
3 -5 24 38 116 60
4 -5 24 38 116 60
5 -5 24 38 116 60
6 -5 24 38 116 60
7 -5 24 38 116 60
8 -5 24 38 116 60
-9 -4 24 38 116 60
-8 -4 24 38 116 60
-7 -4 24 38 116 60
-6 -4 24 38 116 60
-5 -4 24 38 116 60
-4 -4 24 38 116 60
-3 -4 24 38 116 60
-2 -4 24 38 116 60
-1 -4 24 38 116 60
0 -4 24 38 116 60
1 -4 24 38 116 60
2 -4 24 38 116 60
3 -4 24 38 116 60
4 -4 24 38 116 60
5 -4 24 38 116 60
6 -4 24 38 116 60
7 -4 24 38 116 60
8 -4 24 38 116 60
9 -4 24 42 130 67
10 -4 24 42 130 67
11 -4 24 42 130 67
-9 -3 24 38 116 60
-8 -3 24 38 116 60
-7 -3 24 38 116 60
-6 -3 24 38 116 60
-5 -3 24 38 116 60
-4 -3 24 38 116 60
-3 -3 24 38 116 60
-2 -3 24 38 116 60
-1 -3 24 38 116 60
0 -3 24 38 116 60
1 -3 24 38 116 60
2 -3 24 38 116 60
3 -3 24 38 116 60
4 -3 24 38 116 60
5 -3 24 38 116 60
6 -3 24 38 116 60
7 -3 24 38 116 60
8 -3 24 38 116 60
9 -3 24 42 130 67
10 -3 24 42 130 67
11 -3 24 42 130 67
-9 -2 24 38 116 60
-8 -2 24 38 116 60
-7 -2 24 38 116 60
-6 -2 24 38 116 60
-5 -2 24 38 116 60
-4 -2 24 38 116 60
-3 -2 24 38 116 60
-2 -2 24 38 116 60
-1 -2 24 38 116 60
0 -2 24 38 116 60
1 -2 24 38 116 60
2 -2 24 38 116 60
3 -2 24 38 116 60
4 -2 24 38 116 60
5 -2 24 38 116 60
6 -2 24 38 116 60
7 -2 24 38 116 60
8 -2 24 38 116 60
9 -2 24 42 130 67
10 -2 24 42 130 67
11 -2 24 42 130 67
-9 -1 24 38 116 60
-8 -1 24 38 116 60
-7 -1 24 38 116 60
-6 -1 24 38 116 60
-5 -1 24 38 116 60
-4 -1 24 38 116 60
-3 -1 24 38 116 60
-2 -1 24 38 116 60
-1 -1 24 38 116 60
0 -1 24 38 116 60
1 -1 24 38 116 60
2 -1 24 38 116 60
3 -1 24 38 116 60
4 -1 24 38 116 60
5 -1 24 38 116 60
6 -1 24 38 116 60
7 -1 24 38 116 60
8 -1 24 38 116 60
9 -1 24 42 130 67
10 -1 24 42 130 67
11 -1 24 42 130 67
-9 0 24 38 116 60
-8 0 24 38 116 60
-7 0 24 38 116 60
-6 0 24 38 116 60
-5 0 24 38 116 60
-4 0 24 38 116 60
-3 0 24 38 116 60
-2 0 24 38 116 60
-1 0 24 38 116 60
0 0 24 38 116 60
1 0 24 38 116 60
2 0 24 38 116 60
3 0 24 38 116 60
4 0 24 38 116 60
5 0 24 38 116 60
6 0 24 38 116 60
7 0 24 38 116 60
8 0 24 38 116 60
9 0 24 42 130 67
10 0 24 42 130 67
11 0 24 42 130 67
-9 1 24 38 116 60
-8 1 24 38 116 60
-7 1 24 38 116 60
-6 1 24 38 116 60
-5 1 24 38 116 60
-4 1 24 38 116 60
-3 1 24 38 116 60
-2 1 24 38 116 60
-1 1 24 38 116 60
0 1 24 38 116 60
1 1 24 38 116 60
2 1 24 38 116 60
3 1 24 38 116 60
4 1 24 38 116 60
5 1 24 38 116 60
6 1 24 38 116 60
7 1 24 38 116 60
8 1 24 38 116 60
9 1 24 42 130 67
10 1 24 42 130 67
11 1 24 42 130 67
-9 2 24 38 116 60
-8 2 24 38 116 60
-7 2 24 38 116 60
-6 2 24 38 116 60
-5 2 24 38 116 60
-4 2 24 38 116 60
-3 2 24 38 116 60
-2 2 24 38 116 60
-1 2 24 38 116 60
0 2 24 38 116 60
1 2 24 38 116 60
2 2 24 38 116 60
3 2 24 38 116 60
4 2 24 38 116 60
5 2 24 38 116 60
6 2 24 38 116 60
7 2 24 38 116 60
8 2 24 38 116 60
9 2 24 42 130 67
10 2 24 42 130 67
11 2 24 42 130 67
-9 3 24 38 116 60
-8 3 24 38 116 60
-7 3 24 38 116 60
-6 3 24 38 116 60
-5 3 24 38 116 60
-4 3 24 38 116 60
-3 3 24 38 116 60
-2 3 24 38 116 60
-1 3 24 38 116 60
0 3 24 38 116 60
1 3 24 38 116 60
2 3 24 38 116 60
3 3 24 38 116 60
4 3 24 38 116 60
5 3 24 38 116 60
6 3 24 38 116 60
7 3 24 38 116 60
8 3 24 38 116 60
9 3 24 42 130 67
10 3 24 42 130 67
11 3 24 42 130 67
-9 4 24 38 116 60
-8 4 24 38 116 60
-7 4 24 38 116 60
-6 4 24 38 116 60
-5 4 24 38 116 60
-4 4 24 38 116 60
-3 4 24 38 116 60
-2 4 24 38 116 60
-1 4 24 38 116 60
0 4 24 38 116 60
1 4 24 38 116 60
2 4 24 38 116 60
3 4 24 38 116 60
4 4 24 38 116 60
5 4 24 38 116 60
6 4 24 38 116 60
7 4 24 38 116 60
8 4 24 38 116 60
-9 5 24 38 116 60
-8 5 24 38 116 60
-7 5 24 38 116 60
-6 5 24 38 116 60
-5 5 24 38 116 60
-4 5 24 38 116 60
-3 5 24 38 116 60
-2 5 24 38 116 60
-1 5 24 38 116 60
0 5 24 38 116 60
1 5 24 38 116 60
2 5 24 38 116 60
3 5 24 38 116 60
4 5 24 38 116 60
5 5 24 38 116 60
6 5 24 38 116 60
7 5 24 38 116 60
8 5 24 38 116 60
-9 6 24 38 116 60
-8 6 24 38 116 60
-7 6 24 38 116 60
-6 6 24 38 116 60
-5 6 24 38 116 60
-4 6 24 38 116 60
-3 6 24 38 116 60
-2 6 24 38 116 60
-1 6 24 38 116 60
0 6 24 38 116 60
1 6 24 38 116 60
2 6 24 38 116 60
3 6 24 38 116 60
4 6 24 38 116 60
5 6 24 38 116 60
6 6 24 38 116 60
7 6 24 38 116 60
8 6 24 38 116 60
-9 7 24 38 116 60
-8 7 24 38 116 60
-7 7 24 38 116 60
-6 7 24 38 116 60
-5 7 24 38 116 60
-4 7 24 38 116 60
-3 7 24 38 116 60
-2 7 24 38 116 60
-1 7 24 38 116 60
0 7 24 38 116 60
1 7 24 38 116 60
2 7 24 38 116 60
3 7 24 38 116 60
4 7 24 38 116 60
5 7 24 38 116 60
6 7 24 38 116 60
7 7 24 38 116 60
8 7 24 38 116 60
-9 8 24 38 116 60
-8 8 24 38 116 60
-7 8 24 38 116 60
-6 8 24 38 116 60
-5 8 24 38 116 60
-4 8 24 38 116 60
-3 8 24 38 116 60
-2 8 24 38 116 60
-1 8 24 38 116 60
0 8 24 38 116 60
1 8 24 38 116 60
2 8 24 38 116 60
3 8 24 38 116 60
4 8 24 38 116 60
5 8 24 38 116 60
6 8 24 38 116 60
7 8 24 38 116 60
8 8 24 38 116 60
-9 -9 25 38 116 60
-8 -9 25 38 116 60
-7 -9 25 38 116 60
-6 -9 25 38 116 60
-5 -9 25 38 116 60
-4 -9 25 38 116 60
-3 -9 25 38 116 60
-2 -9 25 38 116 60
-1 -9 25 38 116 60
0 -9 25 38 116 60
1 -9 25 38 116 60
2 -9 25 38 116 60
3 -9 25 38 116 60
4 -9 25 38 116 60
5 -9 25 38 116 60
6 -9 25 38 116 60
7 -9 25 38 116 60
8 -9 25 38 116 60
-9 -8 25 38 116 60
-8 -8 25 38 116 60
-7 -8 25 38 116 60
-6 -8 25 38 116 60
-5 -8 25 38 116 60
-4 -8 25 38 116 60
-3 -8 25 38 116 60
-2 -8 25 38 116 60
-1 -8 25 38 116 60
0 -8 25 38 116 60
1 -8 25 38 116 60
2 -8 25 38 116 60
3 -8 25 38 116 60
4 -8 25 38 116 60
5 -8 25 38 116 60
6 -8 25 38 116 60
7 -8 25 38 116 60
8 -8 25 38 116 60
-9 -7 25 38 116 60
-8 -7 25 38 116 60
-7 -7 25 38 116 60
-6 -7 25 38 116 60
-5 -7 25 38 116 60
-4 -7 25 38 116 60
-3 -7 25 38 116 60
-2 -7 25 38 116 60
-1 -7 25 38 116 60
0 -7 25 38 116 60
1 -7 25 38 116 60
2 -7 25 38 116 60
3 -7 25 38 116 60
4 -7 25 38 116 60
5 -7 25 38 116 60
6 -7 25 38 116 60
7 -7 25 38 116 60
8 -7 25 38 116 60
-9 -6 25 38 116 60
-8 -6 25 38 116 60
-7 -6 25 38 116 60
-6 -6 25 38 116 60
-5 -6 25 38 116 60
-4 -6 25 38 116 60
-3 -6 25 38 116 60
-2 -6 25 38 116 60
-1 -6 25 38 116 60
0 -6 25 38 116 60
1 -6 25 38 116 60
2 -6 25 38 116 60
3 -6 25 38 116 60
4 -6 25 38 116 60
5 -6 25 38 116 60
6 -6 25 38 116 60
7 -6 25 38 116 60
8 -6 25 38 116 60
-9 -5 25 38 116 60
-8 -5 25 38 116 60
-7 -5 25 38 116 60
-6 -5 25 38 116 60
-5 -5 25 38 116 60
-4 -5 25 38 116 60
-3 -5 25 38 116 60
-2 -5 25 38 116 60
-1 -5 25 38 116 60
0 -5 25 38 116 60
1 -5 25 38 116 60
2 -5 25 38 116 60
3 -5 25 38 116 60
4 -5 25 38 116 60
5 -5 25 38 116 60
6 -5 25 38 116 60
7 -5 25 38 116 60
8 -5 25 38 116 60
-9 -4 25 38 116 60
-8 -4 25 38 116 60
-7 -4 25 38 116 60
-6 -4 25 38 116 60
-5 -4 25 38 116 60
-4 -4 25 38 116 60
-3 -4 25 38 116 60
-2 -4 25 38 116 60
-1 -4 25 38 116 60
0 -4 25 38 116 60
1 -4 25 38 116 60
2 -4 25 38 116 60
3 -4 25 38 116 60
4 -4 25 38 116 60
5 -4 25 38 116 60
6 -4 25 38 116 60
7 -4 25 38 116 60
8 -4 25 38 116 60
-9 -3 25 38 116 60
-8 -3 25 38 116 60
-7 -3 25 38 116 60
-6 -3 25 38 116 60
-5 -3 25 38 116 60
-4 -3 25 38 116 60
-3 -3 25 38 116 60
-2 -3 25 38 116 60
-1 -3 25 38 116 60
0 -3 25 38 116 60
1 -3 25 38 116 60
2 -3 25 38 116 60
3 -3 25 38 116 60
4 -3 25 38 116 60
5 -3 25 38 116 60
6 -3 25 38 116 60
7 -3 25 38 116 60
8 -3 25 38 116 60
-9 -2 25 38 116 60
-8 -2 25 38 116 60
-7 -2 25 38 116 60
-6 -2 25 38 116 60
-5 -2 25 38 116 60
-4 -2 25 38 116 60
-3 -2 25 38 116 60
-2 -2 25 38 116 60
-1 -2 25 38 116 60
0 -2 25 38 116 60
1 -2 25 38 116 60
2 -2 25 38 116 60
3 -2 25 38 116 60
4 -2 25 38 116 60
5 -2 25 38 116 60
6 -2 25 38 116 60
7 -2 25 38 116 60
8 -2 25 38 116 60
-9 -1 25 38 116 60
-8 -1 25 38 116 60
-7 -1 25 38 116 60
-6 -1 25 38 116 60
-5 -1 25 38 116 60
-4 -1 25 38 116 60
-3 -1 25 38 116 60
-2 -1 25 38 116 60
-1 -1 25 38 116 60
0 -1 25 38 116 60
1 -1 25 38 116 60
2 -1 25 38 116 60
3 -1 25 38 116 60
4 -1 25 38 116 60
5 -1 25 38 116 60
6 -1 25 38 116 60
7 -1 25 38 116 60
8 -1 25 38 116 60
-9 0 25 38 116 60
-8 0 25 38 116 60
-7 0 25 38 116 60
-6 0 25 38 116 60
-5 0 25 38 116 60
-4 0 25 38 116 60
-3 0 25 38 116 60
-2 0 25 38 116 60
-1 0 25 38 116 60
0 0 25 38 116 60
1 0 25 38 116 60
2 0 25 38 116 60
3 0 25 38 116 60
4 0 25 38 116 60
5 0 25 38 116 60
6 0 25 38 116 60
7 0 25 38 116 60
8 0 25 38 116 60
-9 1 25 38 116 60
-8 1 25 38 116 60
-7 1 25 38 116 60
-6 1 25 38 116 60
-5 1 25 38 116 60
-4 1 25 38 116 60
-3 1 25 38 116 60
-2 1 25 38 116 60
-1 1 25 38 116 60
0 1 25 38 116 60
1 1 25 38 116 60
2 1 25 38 116 60
3 1 25 38 116 60
4 1 25 38 116 60
5 1 25 38 116 60
6 1 25 38 116 60
7 1 25 38 116 60
8 1 25 38 116 60
-9 2 25 38 116 60
-8 2 25 38 116 60
-7 2 25 38 116 60
-6 2 25 38 116 60
-5 2 25 38 116 60
-4 2 25 38 116 60
-3 2 25 38 116 60
-2 2 25 38 116 60
-1 2 25 38 116 60
0 2 25 38 116 60
1 2 25 38 116 60
2 2 25 38 116 60
3 2 25 38 116 60
4 2 25 38 116 60
5 2 25 38 116 60
6 2 25 38 116 60
7 2 25 38 116 60
8 2 25 38 116 60
-9 3 25 38 116 60
-8 3 25 38 116 60
-7 3 25 38 116 60
-6 3 25 38 116 60
-5 3 25 38 116 60
-4 3 25 38 116 60
-3 3 25 38 116 60
-2 3 25 38 116 60
-1 3 25 38 116 60
0 3 25 38 116 60
1 3 25 38 116 60
2 3 25 38 116 60
3 3 25 38 116 60
4 3 25 38 116 60
5 3 25 38 116 60
6 3 25 38 116 60
7 3 25 38 116 60
8 3 25 38 116 60
-9 4 25 38 116 60
-8 4 25 38 116 60
-7 4 25 38 116 60
-6 4 25 38 116 60
-5 4 25 38 116 60
-4 4 25 38 116 60
-3 4 25 38 116 60
-2 4 25 38 116 60
-1 4 25 38 116 60
0 4 25 38 116 60
1 4 25 38 116 60
2 4 25 38 116 60
3 4 25 38 116 60
4 4 25 38 116 60
5 4 25 38 116 60
6 4 25 38 116 60
7 4 25 38 116 60
8 4 25 38 116 60
-9 5 25 38 116 60
-8 5 25 38 116 60
-7 5 25 38 116 60
-6 5 25 38 116 60
-5 5 25 38 116 60
-4 5 25 38 116 60
-3 5 25 38 116 60
-2 5 25 38 116 60
-1 5 25 38 116 60
0 5 25 38 116 60
1 5 25 38 116 60
2 5 25 38 116 60
3 5 25 38 116 60
4 5 25 38 116 60
5 5 25 38 116 60
6 5 25 38 116 60
7 5 25 38 116 60
8 5 25 38 116 60
-9 6 25 38 116 60
-8 6 25 38 116 60
-7 6 25 38 116 60
-6 6 25 38 116 60
-5 6 25 38 116 60
-4 6 25 38 116 60
-3 6 25 38 116 60
-2 6 25 38 116 60
-1 6 25 38 116 60
0 6 25 38 116 60
1 6 25 38 116 60
2 6 25 38 116 60
3 6 25 38 116 60
4 6 25 38 116 60
5 6 25 38 116 60
6 6 25 38 116 60
7 6 25 38 116 60
8 6 25 38 116 60
-9 7 25 38 116 60
-8 7 25 38 116 60
-7 7 25 38 116 60
-6 7 25 38 116 60
-5 7 25 38 116 60
-4 7 25 38 116 60
-3 7 25 38 116 60
-2 7 25 38 116 60
-1 7 25 38 116 60
0 7 25 38 116 60
1 7 25 38 116 60
2 7 25 38 116 60
3 7 25 38 116 60
4 7 25 38 116 60
5 7 25 38 116 60
6 7 25 38 116 60
7 7 25 38 116 60
8 7 25 38 116 60
-9 8 25 38 116 60
-8 8 25 38 116 60
-7 8 25 38 116 60
-6 8 25 38 116 60
-5 8 25 38 116 60
-4 8 25 38 116 60
-3 8 25 38 116 60
-2 8 25 38 116 60
-1 8 25 38 116 60
0 8 25 38 116 60
1 8 25 38 116 60
2 8 25 38 116 60
3 8 25 38 116 60
4 8 25 38 116 60
5 8 25 38 116 60
6 8 25 38 116 60
7 8 25 38 116 60
8 8 25 38 116 60
-9 -9 26 42 130 67
-8 -9 26 42 130 67
-7 -9 26 42 130 67
-6 -9 26 42 130 67
-5 -9 26 42 130 67
-4 -9 26 42 130 67
-3 -9 26 42 130 67
-2 -9 26 42 130 67
-1 -9 26 42 130 67
0 -9 26 42 130 67
1 -9 26 42 130 67
2 -9 26 42 130 67
3 -9 26 42 130 67
4 -9 26 42 130 67
5 -9 26 42 130 67
6 -9 26 42 130 67
7 -9 26 42 130 67
8 -9 26 42 130 67
-9 -8 26 42 130 67
-8 -8 26 42 130 67
-7 -8 26 42 130 67
-6 -8 26 42 130 67
-5 -8 26 42 130 67
-4 -8 26 42 130 67
-3 -8 26 42 130 67
-2 -8 26 42 130 67
-1 -8 26 42 130 67
0 -8 26 42 130 67
1 -8 26 42 130 67
2 -8 26 42 130 67
3 -8 26 42 130 67
4 -8 26 42 130 67
5 -8 26 42 130 67
6 -8 26 42 130 67
7 -8 26 42 130 67
8 -8 26 42 130 67
-9 -7 26 42 130 67
-8 -7 26 42 130 67
-7 -7 26 42 130 67
-6 -7 26 42 130 67
-5 -7 26 42 130 67
-4 -7 26 42 130 67
-3 -7 26 42 130 67
-2 -7 26 42 130 67
-1 -7 26 42 130 67
0 -7 26 42 130 67
1 -7 26 42 130 67
2 -7 26 42 130 67
3 -7 26 42 130 67
4 -7 26 42 130 67
5 -7 26 42 130 67
6 -7 26 42 130 67
7 -7 26 42 130 67
8 -7 26 42 130 67
-9 -6 26 42 130 67
-8 -6 26 42 130 67
-7 -6 26 42 130 67
-6 -6 26 42 130 67
-5 -6 26 42 130 67
-4 -6 26 42 130 67
-3 -6 26 42 130 67
-2 -6 26 42 130 67
-1 -6 26 42 130 67
0 -6 26 42 130 67
1 -6 26 42 130 67
2 -6 26 42 130 67
3 -6 26 42 130 67
4 -6 26 42 130 67
5 -6 26 42 130 67
6 -6 26 42 130 67
7 -6 26 42 130 67
8 -6 26 42 130 67
-9 -5 26 42 130 67
-8 -5 26 42 130 67
-7 -5 26 42 130 67
-6 -5 26 42 130 67
-5 -5 26 42 130 67
-4 -5 26 42 130 67
-3 -5 26 42 130 67
-2 -5 26 42 130 67
-1 -5 26 42 130 67
0 -5 26 42 130 67
1 -5 26 42 130 67
2 -5 26 42 130 67
3 -5 26 42 130 67
4 -5 26 42 130 67
5 -5 26 42 130 67
6 -5 26 42 130 67
7 -5 26 42 130 67
8 -5 26 42 130 67
-9 -4 26 42 130 67
-8 -4 26 42 130 67
-7 -4 26 42 130 67
-6 -4 26 42 130 67
-5 -4 26 42 130 67
-4 -4 26 42 130 67
-3 -4 26 42 130 67
-2 -4 26 42 130 67
-1 -4 26 42 130 67
0 -4 26 42 130 67
1 -4 26 42 130 67
2 -4 26 42 130 67
3 -4 26 42 130 67
4 -4 26 42 130 67
5 -4 26 42 130 67
6 -4 26 42 130 67
7 -4 26 42 130 67
8 -4 26 42 130 67
-9 -3 26 42 130 67
-8 -3 26 42 130 67
-7 -3 26 42 130 67
-6 -3 26 42 130 67
-5 -3 26 42 130 67
-4 -3 26 42 130 67
-3 -3 26 42 130 67
-2 -3 26 42 130 67
-1 -3 26 42 130 67
0 -3 26 42 130 67
1 -3 26 42 130 67
2 -3 26 42 130 67
3 -3 26 42 130 67
4 -3 26 42 130 67
5 -3 26 42 130 67
6 -3 26 42 130 67
7 -3 26 42 130 67
8 -3 26 42 130 67
-9 -2 26 42 130 67
-8 -2 26 42 130 67
-7 -2 26 42 130 67
-6 -2 26 42 130 67
-5 -2 26 42 130 67
-4 -2 26 42 130 67
-3 -2 26 42 130 67
-2 -2 26 42 130 67
-1 -2 26 42 130 67
0 -2 26 42 130 67
1 -2 26 42 130 67
2 -2 26 42 130 67
3 -2 26 42 130 67
4 -2 26 42 130 67
5 -2 26 42 130 67
6 -2 26 42 130 67
7 -2 26 42 130 67
8 -2 26 42 130 67
-9 -1 26 42 130 67
-8 -1 26 42 130 67
-7 -1 26 42 130 67
-6 -1 26 42 130 67
-5 -1 26 42 130 67
-4 -1 26 42 130 67
-3 -1 26 42 130 67
-2 -1 26 42 130 67
-1 -1 26 42 130 67
0 -1 26 42 130 67
1 -1 26 42 130 67
2 -1 26 42 130 67
3 -1 26 42 130 67
4 -1 26 42 130 67
5 -1 26 42 130 67
6 -1 26 42 130 67
7 -1 26 42 130 67
8 -1 26 42 130 67
-9 0 26 42 130 67
-8 0 26 42 130 67
-7 0 26 42 130 67
-6 0 26 42 130 67
-5 0 26 42 130 67
-4 0 26 42 130 67
-3 0 26 42 130 67
-2 0 26 42 130 67
-1 0 26 42 130 67
0 0 26 42 130 67
1 0 26 42 130 67
2 0 26 42 130 67
3 0 26 42 130 67
4 0 26 42 130 67
5 0 26 42 130 67
6 0 26 42 130 67
7 0 26 42 130 67
8 0 26 42 130 67
-9 1 26 42 130 67
-8 1 26 42 130 67
-7 1 26 42 130 67
-6 1 26 42 130 67
-5 1 26 42 130 67
-4 1 26 42 130 67
-3 1 26 42 130 67
-2 1 26 42 130 67
-1 1 26 42 130 67
0 1 26 42 130 67
1 1 26 42 130 67
2 1 26 42 130 67
3 1 26 42 130 67
4 1 26 42 130 67
5 1 26 42 130 67
6 1 26 42 130 67
7 1 26 42 130 67
8 1 26 42 130 67
-9 2 26 42 130 67
-8 2 26 42 130 67
-7 2 26 42 130 67
-6 2 26 42 130 67
-5 2 26 42 130 67
-4 2 26 42 130 67
-3 2 26 42 130 67
-2 2 26 42 130 67
-1 2 26 42 130 67
0 2 26 42 130 67
1 2 26 42 130 67
2 2 26 42 130 67
3 2 26 42 130 67
4 2 26 42 130 67
5 2 26 42 130 67
6 2 26 42 130 67
7 2 26 42 130 67
8 2 26 42 130 67
-9 3 26 42 130 67
-8 3 26 42 130 67
-7 3 26 42 130 67
-6 3 26 42 130 67
-5 3 26 42 130 67
-4 3 26 42 130 67
-3 3 26 42 130 67
-2 3 26 42 130 67
-1 3 26 42 130 67
0 3 26 42 130 67
1 3 26 42 130 67
2 3 26 42 130 67
3 3 26 42 130 67
4 3 26 42 130 67
5 3 26 42 130 67
6 3 26 42 130 67
7 3 26 42 130 67
8 3 26 42 130 67
-9 4 26 42 130 67
-8 4 26 42 130 67
-7 4 26 42 130 67
-6 4 26 42 130 67
-5 4 26 42 130 67
-4 4 26 42 130 67
-3 4 26 42 130 67
-2 4 26 42 130 67
-1 4 26 42 130 67
0 4 26 42 130 67
1 4 26 42 130 67
2 4 26 42 130 67
3 4 26 42 130 67
4 4 26 42 130 67
5 4 26 42 130 67
6 4 26 42 130 67
7 4 26 42 130 67
8 4 26 42 130 67
-9 5 26 42 130 67
-8 5 26 42 130 67
-7 5 26 42 130 67
-6 5 26 42 130 67
-5 5 26 42 130 67
-4 5 26 42 130 67
-3 5 26 42 130 67
-2 5 26 42 130 67
-1 5 26 42 130 67
0 5 26 42 130 67
1 5 26 42 130 67
2 5 26 42 130 67
3 5 26 42 130 67
4 5 26 42 130 67
5 5 26 42 130 67
6 5 26 42 130 67
7 5 26 42 130 67
8 5 26 42 130 67
-9 6 26 42 130 67
-8 6 26 42 130 67
-7 6 26 42 130 67
-6 6 26 42 130 67
-5 6 26 42 130 67
-4 6 26 42 130 67
-3 6 26 42 130 67
-2 6 26 42 130 67
-1 6 26 42 130 67
0 6 26 42 130 67
1 6 26 42 130 67
2 6 26 42 130 67
3 6 26 42 130 67
4 6 26 42 130 67
5 6 26 42 130 67
6 6 26 42 130 67
7 6 26 42 130 67
8 6 26 42 130 67
-9 7 26 42 130 67
-8 7 26 42 130 67
-7 7 26 42 130 67
-6 7 26 42 130 67
-5 7 26 42 130 67
-4 7 26 42 130 67
-3 7 26 42 130 67
-2 7 26 42 130 67
-1 7 26 42 130 67
0 7 26 42 130 67
1 7 26 42 130 67
2 7 26 42 130 67
3 7 26 42 130 67
4 7 26 42 130 67
5 7 26 42 130 67
6 7 26 42 130 67
7 7 26 42 130 67
8 7 26 42 130 67
-9 8 26 42 130 67
-8 8 26 42 130 67
-7 8 26 42 130 67
-6 8 26 42 130 67
-5 8 26 42 130 67
-4 8 26 42 130 67
-3 8 26 42 130 67
-2 8 26 42 130 67
-1 8 26 42 130 67
0 8 26 42 130 67
1 8 26 42 130 67
2 8 26 42 130 67
3 8 26 42 130 67
4 8 26 42 130 67
5 8 26 42 130 67
6 8 26 42 130 67
7 8 26 42 130 67
8 8 26 42 130 67
-9 -9 27 42 130 67
-8 -9 27 42 130 67
-7 -9 27 42 130 67
-6 -9 27 42 130 67
-5 -9 27 42 130 67
-4 -9 27 42 130 67
-3 -9 27 42 130 67
-2 -9 27 42 130 67
-1 -9 27 42 130 67
0 -9 27 42 130 67
1 -9 27 42 130 67
2 -9 27 42 130 67
3 -9 27 42 130 67
4 -9 27 42 130 67
5 -9 27 42 130 67
6 -9 27 42 130 67
7 -9 27 42 130 67
8 -9 27 42 130 67
-9 -8 27 42 130 67
-8 -8 27 42 130 67
-7 -8 27 42 130 67
-6 -8 27 42 130 67
-5 -8 27 42 130 67
-4 -8 27 42 130 67
-3 -8 27 42 130 67
-2 -8 27 42 130 67
-1 -8 27 42 130 67
0 -8 27 42 130 67
1 -8 27 42 130 67
2 -8 27 42 130 67
3 -8 27 42 130 67
4 -8 27 42 130 67
5 -8 27 42 130 67
6 -8 27 42 130 67
7 -8 27 42 130 67
8 -8 27 42 130 67
-9 -7 27 42 130 67
-8 -7 27 42 130 67
-7 -7 27 42 130 67
-6 -7 27 42 130 67
-5 -7 27 42 130 67
-4 -7 27 42 130 67
-3 -7 27 42 130 67
-2 -7 27 42 130 67
-1 -7 27 42 130 67
0 -7 27 42 130 67
1 -7 27 42 130 67
2 -7 27 42 130 67
3 -7 27 42 130 67
4 -7 27 42 130 67
5 -7 27 42 130 67
6 -7 27 42 130 67
7 -7 27 42 130 67
8 -7 27 42 130 67
-9 -6 27 42 130 67
-8 -6 27 42 130 67
-7 -6 27 42 130 67
-6 -6 27 42 130 67
-5 -6 27 42 130 67
-4 -6 27 42 130 67
-3 -6 27 42 130 67
-2 -6 27 42 130 67
-1 -6 27 42 130 67
0 -6 27 42 130 67
1 -6 27 42 130 67
2 -6 27 42 130 67
3 -6 27 42 130 67
4 -6 27 42 130 67
5 -6 27 42 130 67
6 -6 27 42 130 67
7 -6 27 42 130 67
8 -6 27 42 130 67
-9 -5 27 42 130 67
-8 -5 27 42 130 67
-7 -5 27 42 130 67
-6 -5 27 42 130 67
-5 -5 27 42 130 67
-4 -5 27 42 130 67
-3 -5 27 42 130 67
-2 -5 27 42 130 67
-1 -5 27 42 130 67
0 -5 27 42 130 67
1 -5 27 42 130 67
2 -5 27 42 130 67
3 -5 27 42 130 67
4 -5 27 42 130 67
5 -5 27 42 130 67
6 -5 27 42 130 67
7 -5 27 42 130 67
8 -5 27 42 130 67
-9 -4 27 42 130 67
-8 -4 27 42 130 67
-7 -4 27 42 130 67
-6 -4 27 42 130 67
-5 -4 27 42 130 67
-4 -4 27 42 130 67
-3 -4 27 42 130 67
-2 -4 27 42 130 67
-1 -4 27 42 130 67
0 -4 27 42 130 67
1 -4 27 42 130 67
2 -4 27 42 130 67
3 -4 27 42 130 67
4 -4 27 42 130 67
5 -4 27 42 130 67
6 -4 27 42 130 67
7 -4 27 42 130 67
8 -4 27 42 130 67
-9 -3 27 42 130 67
-8 -3 27 42 130 67
-7 -3 27 42 130 67
-6 -3 27 42 130 67
-5 -3 27 42 130 67
-4 -3 27 42 130 67
-3 -3 27 42 130 67
-2 -3 27 42 130 67
-1 -3 27 42 130 67
0 -3 27 42 130 67
1 -3 27 42 130 67
2 -3 27 42 130 67
3 -3 27 42 130 67
4 -3 27 42 130 67
5 -3 27 42 130 67
6 -3 27 42 130 67
7 -3 27 42 130 67
8 -3 27 42 130 67
-9 -2 27 42 130 67
-8 -2 27 42 130 67
-7 -2 27 42 130 67
-6 -2 27 42 130 67
-5 -2 27 42 130 67
-4 -2 27 42 130 67
-3 -2 27 42 130 67
-2 -2 27 42 130 67
-1 -2 27 42 130 67
0 -2 27 42 130 67
1 -2 27 42 130 67
2 -2 27 42 130 67
3 -2 27 42 130 67
4 -2 27 42 130 67
5 -2 27 42 130 67
6 -2 27 42 130 67
7 -2 27 42 130 67
8 -2 27 42 130 67
-9 -1 27 42 130 67
-8 -1 27 42 130 67
-7 -1 27 42 130 67
-6 -1 27 42 130 67
-5 -1 27 42 130 67
-4 -1 27 42 130 67
-3 -1 27 42 130 67
-2 -1 27 42 130 67
-1 -1 27 42 130 67
0 -1 27 42 130 67
1 -1 27 42 130 67
2 -1 27 42 130 67
3 -1 27 42 130 67
4 -1 27 42 130 67
5 -1 27 42 130 67
6 -1 27 42 130 67
7 -1 27 42 130 67
8 -1 27 42 130 67
-9 0 27 42 130 67
-8 0 27 42 130 67
-7 0 27 42 130 67
-6 0 27 42 130 67
-5 0 27 42 130 67
-4 0 27 42 130 67
-3 0 27 42 130 67
-2 0 27 42 130 67
-1 0 27 42 130 67
0 0 27 42 130 67
1 0 27 42 130 67
2 0 27 42 130 67
3 0 27 42 130 67
4 0 27 42 130 67
5 0 27 42 130 67
6 0 27 42 130 67
7 0 27 42 130 67
8 0 27 42 130 67
-9 1 27 42 130 67
-8 1 27 42 130 67
-7 1 27 42 130 67
-6 1 27 42 130 67
-5 1 27 42 130 67
-4 1 27 42 130 67
-3 1 27 42 130 67
-2 1 27 42 130 67
-1 1 27 42 130 67
0 1 27 42 130 67
1 1 27 42 130 67
2 1 27 42 130 67
3 1 27 42 130 67
4 1 27 42 130 67
5 1 27 42 130 67
6 1 27 42 130 67
7 1 27 42 130 67
8 1 27 42 130 67
-9 2 27 42 130 67
-8 2 27 42 130 67
-7 2 27 42 130 67
-6 2 27 42 130 67
-5 2 27 42 130 67
-4 2 27 42 130 67
-3 2 27 42 130 67
-2 2 27 42 130 67
-1 2 27 42 130 67
0 2 27 42 130 67
1 2 27 42 130 67
2 2 27 42 130 67
3 2 27 42 130 67
4 2 27 42 130 67
5 2 27 42 130 67
6 2 27 42 130 67
7 2 27 42 130 67
8 2 27 42 130 67
-9 3 27 42 130 67
-8 3 27 42 130 67
-7 3 27 42 130 67
-6 3 27 42 130 67
-5 3 27 42 130 67
-4 3 27 42 130 67
-3 3 27 42 130 67
-2 3 27 42 130 67
-1 3 27 42 130 67
0 3 27 42 130 67
1 3 27 42 130 67
2 3 27 42 130 67
3 3 27 42 130 67
4 3 27 42 130 67
5 3 27 42 130 67
6 3 27 42 130 67
7 3 27 42 130 67
8 3 27 42 130 67
-9 4 27 42 130 67
-8 4 27 42 130 67
-7 4 27 42 130 67
-6 4 27 42 130 67
-5 4 27 42 130 67
-4 4 27 42 130 67
-3 4 27 42 130 67
-2 4 27 42 130 67
-1 4 27 42 130 67
0 4 27 42 130 67
1 4 27 42 130 67
2 4 27 42 130 67
3 4 27 42 130 67
4 4 27 42 130 67
5 4 27 42 130 67
6 4 27 42 130 67
7 4 27 42 130 67
8 4 27 42 130 67
-9 5 27 42 130 67
-8 5 27 42 130 67
-7 5 27 42 130 67
-6 5 27 42 130 67
-5 5 27 42 130 67
-4 5 27 42 130 67
-3 5 27 42 130 67
-2 5 27 42 130 67
-1 5 27 42 130 67
0 5 27 42 130 67
1 5 27 42 130 67
2 5 27 42 130 67
3 5 27 42 130 67
4 5 27 42 130 67
5 5 27 42 130 67
6 5 27 42 130 67
7 5 27 42 130 67
8 5 27 42 130 67
-9 6 27 42 130 67
-8 6 27 42 130 67
-7 6 27 42 130 67
-6 6 27 42 130 67
-5 6 27 42 130 67
-4 6 27 42 130 67
-3 6 27 42 130 67
-2 6 27 42 130 67
-1 6 27 42 130 67
0 6 27 42 130 67
1 6 27 42 130 67
2 6 27 42 130 67
3 6 27 42 130 67
4 6 27 42 130 67
5 6 27 42 130 67
6 6 27 42 130 67
7 6 27 42 130 67
8 6 27 42 130 67
-9 7 27 42 130 67
-8 7 27 42 130 67
-7 7 27 42 130 67
-6 7 27 42 130 67
-5 7 27 42 130 67
-4 7 27 42 130 67
-3 7 27 42 130 67
-2 7 27 42 130 67
-1 7 27 42 130 67
0 7 27 42 130 67
1 7 27 42 130 67
2 7 27 42 130 67
3 7 27 42 130 67
4 7 27 42 130 67
5 7 27 42 130 67
6 7 27 42 130 67
7 7 27 42 130 67
8 7 27 42 130 67
-9 8 27 42 130 67
-8 8 27 42 130 67
-7 8 27 42 130 67
-6 8 27 42 130 67
-5 8 27 42 130 67
-4 8 27 42 130 67
-3 8 27 42 130 67
-2 8 27 42 130 67
-1 8 27 42 130 67
0 8 27 42 130 67
1 8 27 42 130 67
2 8 27 42 130 67
3 8 27 42 130 67
4 8 27 42 130 67
5 8 27 42 130 67
6 8 27 42 130 67
7 8 27 42 130 67
8 8 27 42 130 67
-9 -9 28 42 130 67
-8 -9 28 42 130 67
-7 -9 28 42 130 67
-6 -9 28 42 130 67
-5 -9 28 42 130 67
-4 -9 28 42 130 67
-3 -9 28 42 130 67
-2 -9 28 42 130 67
-1 -9 28 42 130 67
0 -9 28 42 130 67
1 -9 28 42 130 67
2 -9 28 42 130 67
3 -9 28 42 130 67
4 -9 28 42 130 67
5 -9 28 42 130 67
6 -9 28 42 130 67
7 -9 28 42 130 67
8 -9 28 42 130 67
-9 -8 28 42 130 67
-8 -8 28 42 130 67
-7 -8 28 42 130 67
-6 -8 28 42 130 67
-5 -8 28 42 130 67
-4 -8 28 42 130 67
-3 -8 28 42 130 67
-2 -8 28 42 130 67
-1 -8 28 42 130 67
0 -8 28 42 130 67
1 -8 28 42 130 67
2 -8 28 42 130 67
3 -8 28 42 130 67
4 -8 28 42 130 67
5 -8 28 42 130 67
6 -8 28 42 130 67
7 -8 28 42 130 67
8 -8 28 42 130 67
-9 -7 28 42 130 67
-8 -7 28 42 130 67
-7 -7 28 42 130 67
-6 -7 28 42 130 67
-5 -7 28 42 130 67
-4 -7 28 42 130 67
-3 -7 28 42 130 67
-2 -7 28 42 130 67
-1 -7 28 42 130 67
0 -7 28 42 130 67
1 -7 28 42 130 67
2 -7 28 42 130 67
3 -7 28 42 130 67
4 -7 28 42 130 67
5 -7 28 42 130 67
6 -7 28 42 130 67
7 -7 28 42 130 67
8 -7 28 42 130 67
-9 -6 28 42 130 67
-8 -6 28 42 130 67
-7 -6 28 42 130 67
-6 -6 28 42 130 67
-5 -6 28 42 130 67
-4 -6 28 42 130 67
-3 -6 28 42 130 67
-2 -6 28 42 130 67
-1 -6 28 42 130 67
0 -6 28 42 130 67
1 -6 28 42 130 67
2 -6 28 42 130 67
3 -6 28 42 130 67
4 -6 28 42 130 67
5 -6 28 42 130 67
6 -6 28 42 130 67
7 -6 28 42 130 67
8 -6 28 42 130 67
-9 -5 28 42 130 67
-8 -5 28 42 130 67
-7 -5 28 42 130 67
-6 -5 28 42 130 67
-5 -5 28 42 130 67
-4 -5 28 42 130 67
-3 -5 28 42 130 67
-2 -5 28 42 130 67
-1 -5 28 42 130 67
0 -5 28 42 130 67
1 -5 28 42 130 67
2 -5 28 42 130 67
3 -5 28 42 130 67
4 -5 28 42 130 67
5 -5 28 42 130 67
6 -5 28 42 130 67
7 -5 28 42 130 67
8 -5 28 42 130 67
-9 -4 28 42 130 67
-8 -4 28 42 130 67
-7 -4 28 42 130 67
-6 -4 28 42 130 67
-5 -4 28 42 130 67
-4 -4 28 42 130 67
-3 -4 28 42 130 67
-2 -4 28 42 130 67
-1 -4 28 42 130 67
0 -4 28 42 130 67
1 -4 28 42 130 67
2 -4 28 42 130 67
3 -4 28 42 130 67
4 -4 28 42 130 67
5 -4 28 42 130 67
6 -4 28 42 130 67
7 -4 28 42 130 67
8 -4 28 42 130 67
-9 -3 28 42 130 67
-8 -3 28 42 130 67
-7 -3 28 42 130 67
-6 -3 28 42 130 67
-5 -3 28 42 130 67
-4 -3 28 42 130 67
-3 -3 28 42 130 67
-2 -3 28 42 130 67
-1 -3 28 42 130 67
0 -3 28 42 130 67
1 -3 28 42 130 67
2 -3 28 42 130 67
3 -3 28 42 130 67
4 -3 28 42 130 67
5 -3 28 42 130 67
6 -3 28 42 130 67
7 -3 28 42 130 67
8 -3 28 42 130 67
-9 -2 28 42 130 67
-8 -2 28 42 130 67
-7 -2 28 42 130 67
-6 -2 28 42 130 67
-5 -2 28 42 130 67
-4 -2 28 42 130 67
-3 -2 28 42 130 67
-2 -2 28 42 130 67
-1 -2 28 42 130 67
0 -2 28 42 130 67
1 -2 28 42 130 67
2 -2 28 42 130 67
3 -2 28 42 130 67
4 -2 28 42 130 67
5 -2 28 42 130 67
6 -2 28 42 130 67
7 -2 28 42 130 67
8 -2 28 42 130 67
-9 -1 28 42 130 67
-8 -1 28 42 130 67
-7 -1 28 42 130 67
-6 -1 28 42 130 67
-5 -1 28 42 130 67
-4 -1 28 42 130 67
-3 -1 28 42 130 67
-2 -1 28 42 130 67
-1 -1 28 42 130 67
0 -1 28 42 130 67
1 -1 28 42 130 67
2 -1 28 42 130 67
3 -1 28 42 130 67
4 -1 28 42 130 67
5 -1 28 42 130 67
6 -1 28 42 130 67
7 -1 28 42 130 67
8 -1 28 42 130 67
-9 0 28 42 130 67
-8 0 28 42 130 67
-7 0 28 42 130 67
-6 0 28 42 130 67
-5 0 28 42 130 67
-4 0 28 42 130 67
-3 0 28 42 130 67
-2 0 28 42 130 67
-1 0 28 42 130 67
0 0 28 42 130 67
1 0 28 42 130 67
2 0 28 42 130 67
3 0 28 42 130 67
4 0 28 42 130 67
5 0 28 42 130 67
6 0 28 42 130 67
7 0 28 42 130 67
8 0 28 42 130 67
-9 1 28 42 130 67
-8 1 28 42 130 67
-7 1 28 42 130 67
-6 1 28 42 130 67
-5 1 28 42 130 67
-4 1 28 42 130 67
-3 1 28 42 130 67
-2 1 28 42 130 67
-1 1 28 42 130 67
0 1 28 42 130 67
1 1 28 42 130 67
2 1 28 42 130 67
3 1 28 42 130 67
4 1 28 42 130 67
5 1 28 42 130 67
6 1 28 42 130 67
7 1 28 42 130 67
8 1 28 42 130 67
-9 2 28 42 130 67
-8 2 28 42 130 67
-7 2 28 42 130 67
-6 2 28 42 130 67
-5 2 28 42 130 67
-4 2 28 42 130 67
-3 2 28 42 130 67
-2 2 28 42 130 67
-1 2 28 42 130 67
0 2 28 42 130 67
1 2 28 42 130 67
2 2 28 42 130 67
3 2 28 42 130 67
4 2 28 42 130 67
5 2 28 42 130 67
6 2 28 42 130 67
7 2 28 42 130 67
8 2 28 42 130 67
-9 3 28 42 130 67
-8 3 28 42 130 67
-7 3 28 42 130 67
-6 3 28 42 130 67
-5 3 28 42 130 67
-4 3 28 42 130 67
-3 3 28 42 130 67
-2 3 28 42 130 67
-1 3 28 42 130 67
0 3 28 42 130 67
1 3 28 42 130 67
2 3 28 42 130 67
3 3 28 42 130 67
4 3 28 42 130 67
5 3 28 42 130 67
6 3 28 42 130 67
7 3 28 42 130 67
8 3 28 42 130 67
-9 4 28 42 130 67
-8 4 28 42 130 67
-7 4 28 42 130 67
-6 4 28 42 130 67
-5 4 28 42 130 67
-4 4 28 42 130 67
-3 4 28 42 130 67
-2 4 28 42 130 67
-1 4 28 42 130 67
0 4 28 42 130 67
1 4 28 42 130 67
2 4 28 42 130 67
3 4 28 42 130 67
4 4 28 42 130 67
5 4 28 42 130 67
6 4 28 42 130 67
7 4 28 42 130 67
8 4 28 42 130 67
-9 5 28 42 130 67
-8 5 28 42 130 67
-7 5 28 42 130 67
-6 5 28 42 130 67
-5 5 28 42 130 67
-4 5 28 42 130 67
-3 5 28 42 130 67
-2 5 28 42 130 67
-1 5 28 42 130 67
0 5 28 42 130 67
1 5 28 42 130 67
2 5 28 42 130 67
3 5 28 42 130 67
4 5 28 42 130 67
5 5 28 42 130 67
6 5 28 42 130 67
7 5 28 42 130 67
8 5 28 42 130 67
-9 6 28 42 130 67
-8 6 28 42 130 67
-7 6 28 42 130 67
-6 6 28 42 130 67
-5 6 28 42 130 67
-4 6 28 42 130 67
-3 6 28 42 130 67
-2 6 28 42 130 67
-1 6 28 42 130 67
0 6 28 42 130 67
1 6 28 42 130 67
2 6 28 42 130 67
3 6 28 42 130 67
4 6 28 42 130 67
5 6 28 42 130 67
6 6 28 42 130 67
7 6 28 42 130 67
8 6 28 42 130 67
-9 7 28 42 130 67
-8 7 28 42 130 67
-7 7 28 42 130 67
-6 7 28 42 130 67
-5 7 28 42 130 67
-4 7 28 42 130 67
-3 7 28 42 130 67
-2 7 28 42 130 67
-1 7 28 42 130 67
0 7 28 42 130 67
1 7 28 42 130 67
2 7 28 42 130 67
3 7 28 42 130 67
4 7 28 42 130 67
5 7 28 42 130 67
6 7 28 42 130 67
7 7 28 42 130 67
8 7 28 42 130 67
-9 8 28 42 130 67
-8 8 28 42 130 67
-7 8 28 42 130 67
-6 8 28 42 130 67
-5 8 28 42 130 67
-4 8 28 42 130 67
-3 8 28 42 130 67
-2 8 28 42 130 67
-1 8 28 42 130 67
0 8 28 42 130 67
1 8 28 42 130 67
2 8 28 42 130 67
3 8 28 42 130 67
4 8 28 42 130 67
5 8 28 42 130 67
6 8 28 42 130 67
7 8 28 42 130 67
8 8 28 42 130 67
-9 -9 29 38 116 60
-8 -9 29 38 116 60
-7 -9 29 38 116 60
-6 -9 29 38 116 60
-5 -9 29 38 116 60
-4 -9 29 38 116 60
-3 -9 29 38 116 60
-2 -9 29 38 116 60
-1 -9 29 38 116 60
0 -9 29 38 116 60
1 -9 29 38 116 60
2 -9 29 38 116 60
3 -9 29 38 116 60
4 -9 29 38 116 60
5 -9 29 38 116 60
6 -9 29 38 116 60
7 -9 29 38 116 60
8 -9 29 38 116 60
-9 -8 29 38 116 60
-8 -8 29 38 116 60
-7 -8 29 38 116 60
-6 -8 29 38 116 60
-5 -8 29 38 116 60
-4 -8 29 38 116 60
-3 -8 29 38 116 60
-2 -8 29 38 116 60
-1 -8 29 38 116 60
0 -8 29 38 116 60
1 -8 29 38 116 60
2 -8 29 38 116 60
3 -8 29 38 116 60
4 -8 29 38 116 60
5 -8 29 38 116 60
6 -8 29 38 116 60
7 -8 29 38 116 60
8 -8 29 38 116 60
-9 -7 29 38 116 60
-8 -7 29 38 116 60
-7 -7 29 38 116 60
-6 -7 29 38 116 60
-5 -7 29 38 116 60
-4 -7 29 38 116 60
-3 -7 29 38 116 60
-2 -7 29 38 116 60
-1 -7 29 38 116 60
0 -7 29 38 116 60
1 -7 29 38 116 60
2 -7 29 38 116 60
3 -7 29 38 116 60
4 -7 29 38 116 60
5 -7 29 38 116 60
6 -7 29 38 116 60
7 -7 29 38 116 60
8 -7 29 38 116 60
-9 -6 29 38 116 60
-8 -6 29 38 116 60
-7 -6 29 38 116 60
-6 -6 29 38 116 60
-5 -6 29 38 116 60
-4 -6 29 38 116 60
-3 -6 29 38 116 60
-2 -6 29 38 116 60
-1 -6 29 38 116 60
0 -6 29 38 116 60
1 -6 29 38 116 60
2 -6 29 38 116 60
3 -6 29 38 116 60
4 -6 29 38 116 60
5 -6 29 38 116 60
6 -6 29 38 116 60
7 -6 29 38 116 60
8 -6 29 38 116 60
-9 -5 29 38 116 60
-8 -5 29 38 116 60
-7 -5 29 38 116 60
-6 -5 29 38 116 60
-5 -5 29 38 116 60
-4 -5 29 38 116 60
-3 -5 29 38 116 60
-2 -5 29 38 116 60
-1 -5 29 38 116 60
0 -5 29 38 116 60
1 -5 29 38 116 60
2 -5 29 38 116 60
3 -5 29 38 116 60
4 -5 29 38 116 60
5 -5 29 38 116 60
6 -5 29 38 116 60
7 -5 29 38 116 60
8 -5 29 38 116 60
-9 -4 29 38 116 60
-8 -4 29 38 116 60
-7 -4 29 38 116 60
-6 -4 29 38 116 60
-5 -4 29 38 116 60
-4 -4 29 38 116 60
-3 -4 29 38 116 60
-2 -4 29 38 116 60
-1 -4 29 38 116 60
0 -4 29 38 116 60
1 -4 29 38 116 60
2 -4 29 38 116 60
3 -4 29 38 116 60
4 -4 29 38 116 60
5 -4 29 38 116 60
6 -4 29 38 116 60
7 -4 29 38 116 60
8 -4 29 38 116 60
-9 -3 29 38 116 60
-8 -3 29 38 116 60
-7 -3 29 38 116 60
-6 -3 29 38 116 60
-5 -3 29 38 116 60
-4 -3 29 38 116 60
-3 -3 29 38 116 60
-2 -3 29 38 116 60
-1 -3 29 38 116 60
0 -3 29 38 116 60
1 -3 29 38 116 60
2 -3 29 38 116 60
3 -3 29 38 116 60
4 -3 29 38 116 60
5 -3 29 38 116 60
6 -3 29 38 116 60
7 -3 29 38 116 60
8 -3 29 38 116 60
-9 -2 29 38 116 60
-8 -2 29 38 116 60
-7 -2 29 38 116 60
-6 -2 29 38 116 60
-5 -2 29 38 116 60
-4 -2 29 38 116 60
-3 -2 29 38 116 60
-2 -2 29 38 116 60
-1 -2 29 38 116 60
0 -2 29 38 116 60
1 -2 29 38 116 60
2 -2 29 38 116 60
3 -2 29 38 116 60
4 -2 29 38 116 60
5 -2 29 38 116 60
6 -2 29 38 116 60
7 -2 29 38 116 60
8 -2 29 38 116 60
-9 -1 29 38 116 60
-8 -1 29 38 116 60
-7 -1 29 38 116 60
-6 -1 29 38 116 60
-5 -1 29 38 116 60
-4 -1 29 38 116 60
-3 -1 29 38 116 60
-2 -1 29 38 116 60
-1 -1 29 38 116 60
0 -1 29 38 116 60
1 -1 29 38 116 60
2 -1 29 38 116 60
3 -1 29 38 116 60
4 -1 29 38 116 60
5 -1 29 38 116 60
6 -1 29 38 116 60
7 -1 29 38 116 60
8 -1 29 38 116 60
-9 0 29 38 116 60
-8 0 29 38 116 60
-7 0 29 38 116 60
-6 0 29 38 116 60
-5 0 29 38 116 60
-4 0 29 38 116 60
-3 0 29 38 116 60
-2 0 29 38 116 60
-1 0 29 38 116 60
0 0 29 38 116 60
1 0 29 38 116 60
2 0 29 38 116 60
3 0 29 38 116 60
4 0 29 38 116 60
5 0 29 38 116 60
6 0 29 38 116 60
7 0 29 38 116 60
8 0 29 38 116 60
-9 1 29 38 116 60
-8 1 29 38 116 60
-7 1 29 38 116 60
-6 1 29 38 116 60
-5 1 29 38 116 60
-4 1 29 38 116 60
-3 1 29 38 116 60
-2 1 29 38 116 60
-1 1 29 38 116 60
0 1 29 38 116 60
1 1 29 38 116 60
2 1 29 38 116 60
3 1 29 38 116 60
4 1 29 38 116 60
5 1 29 38 116 60
6 1 29 38 116 60
7 1 29 38 116 60
8 1 29 38 116 60
-9 2 29 38 116 60
-8 2 29 38 116 60
-7 2 29 38 116 60
-6 2 29 38 116 60
-5 2 29 38 116 60
-4 2 29 38 116 60
-3 2 29 38 116 60
-2 2 29 38 116 60
-1 2 29 38 116 60
0 2 29 38 116 60
1 2 29 38 116 60
2 2 29 38 116 60
3 2 29 38 116 60
4 2 29 38 116 60
5 2 29 38 116 60
6 2 29 38 116 60
7 2 29 38 116 60
8 2 29 38 116 60
-9 3 29 38 116 60
-8 3 29 38 116 60
-7 3 29 38 116 60
-6 3 29 38 116 60
-5 3 29 38 116 60
-4 3 29 38 116 60
-3 3 29 38 116 60
-2 3 29 38 116 60
-1 3 29 38 116 60
0 3 29 38 116 60
1 3 29 38 116 60
2 3 29 38 116 60
3 3 29 38 116 60
4 3 29 38 116 60
5 3 29 38 116 60
6 3 29 38 116 60
7 3 29 38 116 60
8 3 29 38 116 60
-9 4 29 38 116 60
-8 4 29 38 116 60
-7 4 29 38 116 60
-6 4 29 38 116 60
-5 4 29 38 116 60
-4 4 29 38 116 60
-3 4 29 38 116 60
-2 4 29 38 116 60
-1 4 29 38 116 60
0 4 29 38 116 60
1 4 29 38 116 60
2 4 29 38 116 60
3 4 29 38 116 60
4 4 29 38 116 60
5 4 29 38 116 60
6 4 29 38 116 60
7 4 29 38 116 60
8 4 29 38 116 60
-9 5 29 38 116 60
-8 5 29 38 116 60
-7 5 29 38 116 60
-6 5 29 38 116 60
-5 5 29 38 116 60
-4 5 29 38 116 60
-3 5 29 38 116 60
-2 5 29 38 116 60
-1 5 29 38 116 60
0 5 29 38 116 60
1 5 29 38 116 60
2 5 29 38 116 60
3 5 29 38 116 60
4 5 29 38 116 60
5 5 29 38 116 60
6 5 29 38 116 60
7 5 29 38 116 60
8 5 29 38 116 60
-9 6 29 38 116 60
-8 6 29 38 116 60
-7 6 29 38 116 60
-6 6 29 38 116 60
-5 6 29 38 116 60
-4 6 29 38 116 60
-3 6 29 38 116 60
-2 6 29 38 116 60
-1 6 29 38 116 60
0 6 29 38 116 60
1 6 29 38 116 60
2 6 29 38 116 60
3 6 29 38 116 60
4 6 29 38 116 60
5 6 29 38 116 60
6 6 29 38 116 60
7 6 29 38 116 60
8 6 29 38 116 60
-9 7 29 38 116 60
-8 7 29 38 116 60
-7 7 29 38 116 60
-6 7 29 38 116 60
-5 7 29 38 116 60
-4 7 29 38 116 60
-3 7 29 38 116 60
-2 7 29 38 116 60
-1 7 29 38 116 60
0 7 29 38 116 60
1 7 29 38 116 60
2 7 29 38 116 60
3 7 29 38 116 60
4 7 29 38 116 60
5 7 29 38 116 60
6 7 29 38 116 60
7 7 29 38 116 60
8 7 29 38 116 60
-9 8 29 38 116 60
-8 8 29 38 116 60
-7 8 29 38 116 60
-6 8 29 38 116 60
-5 8 29 38 116 60
-4 8 29 38 116 60
-3 8 29 38 116 60
-2 8 29 38 116 60
-1 8 29 38 116 60
0 8 29 38 116 60
1 8 29 38 116 60
2 8 29 38 116 60
3 8 29 38 116 60
4 8 29 38 116 60
5 8 29 38 116 60
6 8 29 38 116 60
7 8 29 38 116 60
8 8 29 38 116 60
-9 -9 30 38 116 60
-8 -9 30 38 116 60
-7 -9 30 38 116 60
-6 -9 30 38 116 60
-5 -9 30 38 116 60
-4 -9 30 38 116 60
-3 -9 30 38 116 60
-2 -9 30 38 116 60
-1 -9 30 38 116 60
0 -9 30 38 116 60
1 -9 30 38 116 60
2 -9 30 38 116 60
3 -9 30 38 116 60
4 -9 30 38 116 60
5 -9 30 38 116 60
6 -9 30 38 116 60
7 -9 30 38 116 60
8 -9 30 38 116 60
-9 -8 30 38 116 60
-8 -8 30 38 116 60
-7 -8 30 38 116 60
-6 -8 30 38 116 60
-5 -8 30 38 116 60
-4 -8 30 38 116 60
-3 -8 30 38 116 60
-2 -8 30 38 116 60
-1 -8 30 38 116 60
0 -8 30 38 116 60
1 -8 30 38 116 60
2 -8 30 38 116 60
3 -8 30 38 116 60
4 -8 30 38 116 60
5 -8 30 38 116 60
6 -8 30 38 116 60
7 -8 30 38 116 60
8 -8 30 38 116 60
-9 -7 30 38 116 60
-8 -7 30 38 116 60
-7 -7 30 38 116 60
-6 -7 30 38 116 60
-5 -7 30 38 116 60
-4 -7 30 38 116 60
-3 -7 30 38 116 60
-2 -7 30 38 116 60
-1 -7 30 38 116 60
0 -7 30 38 116 60
1 -7 30 38 116 60
2 -7 30 38 116 60
3 -7 30 38 116 60
4 -7 30 38 116 60
5 -7 30 38 116 60
6 -7 30 38 116 60
7 -7 30 38 116 60
8 -7 30 38 116 60
-9 -6 30 38 116 60
-8 -6 30 38 116 60
-7 -6 30 38 116 60
-6 -6 30 38 116 60
-5 -6 30 38 116 60
-4 -6 30 38 116 60
-3 -6 30 38 116 60
-2 -6 30 38 116 60
-1 -6 30 38 116 60
0 -6 30 38 116 60
1 -6 30 38 116 60
2 -6 30 38 116 60
3 -6 30 38 116 60
4 -6 30 38 116 60
5 -6 30 38 116 60
6 -6 30 38 116 60
7 -6 30 38 116 60
8 -6 30 38 116 60
-9 -5 30 38 116 60
-8 -5 30 38 116 60
-7 -5 30 38 116 60
-6 -5 30 38 116 60
-5 -5 30 38 116 60
-4 -5 30 38 116 60
-3 -5 30 38 116 60
-2 -5 30 38 116 60
-1 -5 30 38 116 60
0 -5 30 38 116 60
1 -5 30 38 116 60
2 -5 30 38 116 60
3 -5 30 38 116 60
4 -5 30 38 116 60
5 -5 30 38 116 60
6 -5 30 38 116 60
7 -5 30 38 116 60
8 -5 30 38 116 60
-9 -4 30 38 116 60
-8 -4 30 38 116 60
-7 -4 30 38 116 60
-6 -4 30 38 116 60
-5 -4 30 38 116 60
-4 -4 30 38 116 60
-3 -4 30 38 116 60
-2 -4 30 38 116 60
-1 -4 30 38 116 60
0 -4 30 38 116 60
1 -4 30 38 116 60
2 -4 30 38 116 60
3 -4 30 38 116 60
4 -4 30 38 116 60
5 -4 30 38 116 60
6 -4 30 38 116 60
7 -4 30 38 116 60
8 -4 30 38 116 60
-9 -3 30 38 116 60
-8 -3 30 38 116 60
-7 -3 30 38 116 60
-6 -3 30 38 116 60
-5 -3 30 38 116 60
-4 -3 30 38 116 60
-3 -3 30 38 116 60
-2 -3 30 38 116 60
-1 -3 30 38 116 60
0 -3 30 38 116 60
1 -3 30 38 116 60
2 -3 30 38 116 60
3 -3 30 38 116 60
4 -3 30 38 116 60
5 -3 30 38 116 60
6 -3 30 38 116 60
7 -3 30 38 116 60
8 -3 30 38 116 60
-9 -2 30 38 116 60
-8 -2 30 38 116 60
-7 -2 30 38 116 60
-6 -2 30 38 116 60
-5 -2 30 38 116 60
-4 -2 30 38 116 60
-3 -2 30 38 116 60
-2 -2 30 38 116 60
-1 -2 30 38 116 60
0 -2 30 38 116 60
1 -2 30 38 116 60
2 -2 30 38 116 60
3 -2 30 38 116 60
4 -2 30 38 116 60
5 -2 30 38 116 60
6 -2 30 38 116 60
7 -2 30 38 116 60
8 -2 30 38 116 60
-9 -1 30 38 116 60
-8 -1 30 38 116 60
-7 -1 30 38 116 60
-6 -1 30 38 116 60
-5 -1 30 38 116 60
-4 -1 30 38 116 60
-3 -1 30 38 116 60
-2 -1 30 38 116 60
-1 -1 30 38 116 60
0 -1 30 38 116 60
1 -1 30 38 116 60
2 -1 30 38 116 60
3 -1 30 38 116 60
4 -1 30 38 116 60
5 -1 30 38 116 60
6 -1 30 38 116 60
7 -1 30 38 116 60
8 -1 30 38 116 60
-9 0 30 38 116 60
-8 0 30 38 116 60
-7 0 30 38 116 60
-6 0 30 38 116 60
-5 0 30 38 116 60
-4 0 30 38 116 60
-3 0 30 38 116 60
-2 0 30 38 116 60
-1 0 30 38 116 60
0 0 30 38 116 60
1 0 30 38 116 60
2 0 30 38 116 60
3 0 30 38 116 60
4 0 30 38 116 60
5 0 30 38 116 60
6 0 30 38 116 60
7 0 30 38 116 60
8 0 30 38 116 60
-9 1 30 38 116 60
-8 1 30 38 116 60
-7 1 30 38 116 60
-6 1 30 38 116 60
-5 1 30 38 116 60
-4 1 30 38 116 60
-3 1 30 38 116 60
-2 1 30 38 116 60
-1 1 30 38 116 60
0 1 30 38 116 60
1 1 30 38 116 60
2 1 30 38 116 60
3 1 30 38 116 60
4 1 30 38 116 60
5 1 30 38 116 60
6 1 30 38 116 60
7 1 30 38 116 60
8 1 30 38 116 60
-9 2 30 38 116 60
-8 2 30 38 116 60
-7 2 30 38 116 60
-6 2 30 38 116 60
-5 2 30 38 116 60
-4 2 30 38 116 60
-3 2 30 38 116 60
-2 2 30 38 116 60
-1 2 30 38 116 60
0 2 30 38 116 60
1 2 30 38 116 60
2 2 30 38 116 60
3 2 30 38 116 60
4 2 30 38 116 60
5 2 30 38 116 60
6 2 30 38 116 60
7 2 30 38 116 60
8 2 30 38 116 60
-9 3 30 38 116 60
-8 3 30 38 116 60
-7 3 30 38 116 60
-6 3 30 38 116 60
-5 3 30 38 116 60
-4 3 30 38 116 60
-3 3 30 38 116 60
-2 3 30 38 116 60
-1 3 30 38 116 60
0 3 30 38 116 60
1 3 30 38 116 60
2 3 30 38 116 60
3 3 30 38 116 60
4 3 30 38 116 60
5 3 30 38 116 60
6 3 30 38 116 60
7 3 30 38 116 60
8 3 30 38 116 60
-9 4 30 38 116 60
-8 4 30 38 116 60
-7 4 30 38 116 60
-6 4 30 38 116 60
-5 4 30 38 116 60
-4 4 30 38 116 60
-3 4 30 38 116 60
-2 4 30 38 116 60
-1 4 30 38 116 60
0 4 30 38 116 60
1 4 30 38 116 60
2 4 30 38 116 60
3 4 30 38 116 60
4 4 30 38 116 60
5 4 30 38 116 60
6 4 30 38 116 60
7 4 30 38 116 60
8 4 30 38 116 60
-9 5 30 38 116 60
-8 5 30 38 116 60
-7 5 30 38 116 60
-6 5 30 38 116 60
-5 5 30 38 116 60
-4 5 30 38 116 60
-3 5 30 38 116 60
-2 5 30 38 116 60
-1 5 30 38 116 60
0 5 30 38 116 60
1 5 30 38 116 60
2 5 30 38 116 60
3 5 30 38 116 60
4 5 30 38 116 60
5 5 30 38 116 60
6 5 30 38 116 60
7 5 30 38 116 60
8 5 30 38 116 60
-9 6 30 38 116 60
-8 6 30 38 116 60
-7 6 30 38 116 60
-6 6 30 38 116 60
-5 6 30 38 116 60
-4 6 30 38 116 60
-3 6 30 38 116 60
-2 6 30 38 116 60
-1 6 30 38 116 60
0 6 30 38 116 60
1 6 30 38 116 60
2 6 30 38 116 60
3 6 30 38 116 60
4 6 30 38 116 60
5 6 30 38 116 60
6 6 30 38 116 60
7 6 30 38 116 60
8 6 30 38 116 60
-9 7 30 38 116 60
-8 7 30 38 116 60
-7 7 30 38 116 60
-6 7 30 38 116 60
-5 7 30 38 116 60
-4 7 30 38 116 60
-3 7 30 38 116 60
-2 7 30 38 116 60
-1 7 30 38 116 60
0 7 30 38 116 60
1 7 30 38 116 60
2 7 30 38 116 60
3 7 30 38 116 60
4 7 30 38 116 60
5 7 30 38 116 60
6 7 30 38 116 60
7 7 30 38 116 60
8 7 30 38 116 60
-9 8 30 38 116 60
-8 8 30 38 116 60
-7 8 30 38 116 60
-6 8 30 38 116 60
-5 8 30 38 116 60
-4 8 30 38 116 60
-3 8 30 38 116 60
-2 8 30 38 116 60
-1 8 30 38 116 60
0 8 30 38 116 60
1 8 30 38 116 60
2 8 30 38 116 60
3 8 30 38 116 60
4 8 30 38 116 60
5 8 30 38 116 60
6 8 30 38 116 60
7 8 30 38 116 60
8 8 30 38 116 60
-9 -9 31 42 130 67
-8 -9 31 42 130 67
-7 -9 31 42 130 67
-6 -9 31 42 130 67
-5 -9 31 42 130 67
-4 -9 31 42 130 67
-3 -9 31 42 130 67
-2 -9 31 42 130 67
-1 -9 31 42 130 67
0 -9 31 42 130 67
1 -9 31 42 130 67
2 -9 31 42 130 67
3 -9 31 42 130 67
4 -9 31 42 130 67
5 -9 31 42 130 67
6 -9 31 42 130 67
7 -9 31 42 130 67
8 -9 31 42 130 67
-9 -8 31 42 130 67
-8 -8 31 42 130 67
-7 -8 31 42 130 67
-6 -8 31 42 130 67
-5 -8 31 42 130 67
-4 -8 31 42 130 67
-3 -8 31 42 130 67
-2 -8 31 42 130 67
-1 -8 31 42 130 67
0 -8 31 42 130 67
1 -8 31 42 130 67
2 -8 31 42 130 67
3 -8 31 42 130 67
4 -8 31 42 130 67
5 -8 31 42 130 67
6 -8 31 42 130 67
7 -8 31 42 130 67
8 -8 31 42 130 67
-9 -7 31 42 130 67
-8 -7 31 42 130 67
-7 -7 31 42 130 67
-6 -7 31 42 130 67
-5 -7 31 42 130 67
-4 -7 31 42 130 67
-3 -7 31 42 130 67
-2 -7 31 42 130 67
-1 -7 31 42 130 67
0 -7 31 42 130 67
1 -7 31 42 130 67
2 -7 31 42 130 67
3 -7 31 42 130 67
4 -7 31 42 130 67
5 -7 31 42 130 67
6 -7 31 42 130 67
7 -7 31 42 130 67
8 -7 31 42 130 67
-9 -6 31 42 130 67
-8 -6 31 42 130 67
-7 -6 31 42 130 67
-6 -6 31 42 130 67
-5 -6 31 42 130 67
-4 -6 31 42 130 67
-3 -6 31 42 130 67
-2 -6 31 42 130 67
-1 -6 31 42 130 67
0 -6 31 42 130 67
1 -6 31 42 130 67
2 -6 31 42 130 67
3 -6 31 42 130 67
4 -6 31 42 130 67
5 -6 31 42 130 67
6 -6 31 42 130 67
7 -6 31 42 130 67
8 -6 31 42 130 67
-9 -5 31 42 130 67
-8 -5 31 42 130 67
-7 -5 31 42 130 67
-6 -5 31 42 130 67
-5 -5 31 42 130 67
-4 -5 31 42 130 67
-3 -5 31 42 130 67
-2 -5 31 42 130 67
-1 -5 31 42 130 67
0 -5 31 42 130 67
1 -5 31 42 130 67
2 -5 31 42 130 67
3 -5 31 42 130 67
4 -5 31 42 130 67
5 -5 31 42 130 67
6 -5 31 42 130 67
7 -5 31 42 130 67
8 -5 31 42 130 67
-9 -4 31 42 130 67
-8 -4 31 42 130 67
-7 -4 31 42 130 67
-6 -4 31 42 130 67
-5 -4 31 42 130 67
-4 -4 31 42 130 67
-3 -4 31 42 130 67
-2 -4 31 42 130 67
-1 -4 31 42 130 67
0 -4 31 42 130 67
1 -4 31 42 130 67
2 -4 31 42 130 67
3 -4 31 42 130 67
4 -4 31 42 130 67
5 -4 31 42 130 67
6 -4 31 42 130 67
7 -4 31 42 130 67
8 -4 31 42 130 67
-9 -3 31 42 130 67
-8 -3 31 42 130 67
-7 -3 31 42 130 67
-6 -3 31 42 130 67
-5 -3 31 42 130 67
-4 -3 31 42 130 67
-3 -3 31 42 130 67
-2 -3 31 42 130 67
-1 -3 31 42 130 67
0 -3 31 42 130 67
1 -3 31 42 130 67
2 -3 31 42 130 67
3 -3 31 42 130 67
4 -3 31 42 130 67
5 -3 31 42 130 67
6 -3 31 42 130 67
7 -3 31 42 130 67
8 -3 31 42 130 67
-9 -2 31 42 130 67
-8 -2 31 42 130 67
-7 -2 31 42 130 67
-6 -2 31 42 130 67
-5 -2 31 42 130 67
-4 -2 31 42 130 67
-3 -2 31 42 130 67
-2 -2 31 42 130 67
-1 -2 31 42 130 67
0 -2 31 42 130 67
1 -2 31 42 130 67
2 -2 31 42 130 67
3 -2 31 42 130 67
4 -2 31 42 130 67
5 -2 31 42 130 67
6 -2 31 42 130 67
7 -2 31 42 130 67
8 -2 31 42 130 67
-9 -1 31 42 130 67
-8 -1 31 42 130 67
-7 -1 31 42 130 67
-6 -1 31 42 130 67
-5 -1 31 42 130 67
-4 -1 31 42 130 67
-3 -1 31 42 130 67
-2 -1 31 42 130 67
-1 -1 31 42 130 67
0 -1 31 42 130 67
1 -1 31 42 130 67
2 -1 31 42 130 67
3 -1 31 42 130 67
4 -1 31 42 130 67
5 -1 31 42 130 67
6 -1 31 42 130 67
7 -1 31 42 130 67
8 -1 31 42 130 67
-9 0 31 42 130 67
-8 0 31 42 130 67
-7 0 31 42 130 67
-6 0 31 42 130 67
-5 0 31 42 130 67
-4 0 31 42 130 67
-3 0 31 42 130 67
-2 0 31 42 130 67
-1 0 31 42 130 67
0 0 31 42 130 67
1 0 31 42 130 67
2 0 31 42 130 67
3 0 31 42 130 67
4 0 31 42 130 67
5 0 31 42 130 67
6 0 31 42 130 67
7 0 31 42 130 67
8 0 31 42 130 67
-9 1 31 42 130 67
-8 1 31 42 130 67
-7 1 31 42 130 67
-6 1 31 42 130 67
-5 1 31 42 130 67
-4 1 31 42 130 67
-3 1 31 42 130 67
-2 1 31 42 130 67
-1 1 31 42 130 67
0 1 31 42 130 67
1 1 31 42 130 67
2 1 31 42 130 67
3 1 31 42 130 67
4 1 31 42 130 67
5 1 31 42 130 67
6 1 31 42 130 67
7 1 31 42 130 67
8 1 31 42 130 67
-9 2 31 42 130 67
-8 2 31 42 130 67
-7 2 31 42 130 67
-6 2 31 42 130 67
-5 2 31 42 130 67
-4 2 31 42 130 67
-3 2 31 42 130 67
-2 2 31 42 130 67
-1 2 31 42 130 67
0 2 31 42 130 67
1 2 31 42 130 67
2 2 31 42 130 67
3 2 31 42 130 67
4 2 31 42 130 67
5 2 31 42 130 67
6 2 31 42 130 67
7 2 31 42 130 67
8 2 31 42 130 67
-9 3 31 42 130 67
-8 3 31 42 130 67
-7 3 31 42 130 67
-6 3 31 42 130 67
-5 3 31 42 130 67
-4 3 31 42 130 67
-3 3 31 42 130 67
-2 3 31 42 130 67
-1 3 31 42 130 67
0 3 31 42 130 67
1 3 31 42 130 67
2 3 31 42 130 67
3 3 31 42 130 67
4 3 31 42 130 67
5 3 31 42 130 67
6 3 31 42 130 67
7 3 31 42 130 67
8 3 31 42 130 67
-9 4 31 42 130 67
-8 4 31 42 130 67
-7 4 31 42 130 67
-6 4 31 42 130 67
-5 4 31 42 130 67
-4 4 31 42 130 67
-3 4 31 42 130 67
-2 4 31 42 130 67
-1 4 31 42 130 67
0 4 31 42 130 67
1 4 31 42 130 67
2 4 31 42 130 67
3 4 31 42 130 67
4 4 31 42 130 67
5 4 31 42 130 67
6 4 31 42 130 67
7 4 31 42 130 67
8 4 31 42 130 67
-9 5 31 42 130 67
-8 5 31 42 130 67
-7 5 31 42 130 67
-6 5 31 42 130 67
-5 5 31 42 130 67
-4 5 31 42 130 67
-3 5 31 42 130 67
-2 5 31 42 130 67
-1 5 31 42 130 67
0 5 31 42 130 67
1 5 31 42 130 67
2 5 31 42 130 67
3 5 31 42 130 67
4 5 31 42 130 67
5 5 31 42 130 67
6 5 31 42 130 67
7 5 31 42 130 67
8 5 31 42 130 67
-9 6 31 42 130 67
-8 6 31 42 130 67
-7 6 31 42 130 67
-6 6 31 42 130 67
-5 6 31 42 130 67
-4 6 31 42 130 67
-3 6 31 42 130 67
-2 6 31 42 130 67
-1 6 31 42 130 67
0 6 31 42 130 67
1 6 31 42 130 67
2 6 31 42 130 67
3 6 31 42 130 67
4 6 31 42 130 67
5 6 31 42 130 67
6 6 31 42 130 67
7 6 31 42 130 67
8 6 31 42 130 67
-9 7 31 42 130 67
-8 7 31 42 130 67
-7 7 31 42 130 67
-6 7 31 42 130 67
-5 7 31 42 130 67
-4 7 31 42 130 67
-3 7 31 42 130 67
-2 7 31 42 130 67
-1 7 31 42 130 67
0 7 31 42 130 67
1 7 31 42 130 67
2 7 31 42 130 67
3 7 31 42 130 67
4 7 31 42 130 67
5 7 31 42 130 67
6 7 31 42 130 67
7 7 31 42 130 67
8 7 31 42 130 67
-9 8 31 42 130 67
-8 8 31 42 130 67
-7 8 31 42 130 67
-6 8 31 42 130 67
-5 8 31 42 130 67
-4 8 31 42 130 67
-3 8 31 42 130 67
-2 8 31 42 130 67
-1 8 31 42 130 67
0 8 31 42 130 67
1 8 31 42 130 67
2 8 31 42 130 67
3 8 31 42 130 67
4 8 31 42 130 67
5 8 31 42 130 67
6 8 31 42 130 67
7 8 31 42 130 67
8 8 31 42 130 67
-9 -9 32 42 130 67
-8 -9 32 42 130 67
-7 -9 32 42 130 67
-6 -9 32 42 130 67
-5 -9 32 42 130 67
-4 -9 32 42 130 67
-3 -9 32 42 130 67
-2 -9 32 42 130 67
-1 -9 32 42 130 67
0 -9 32 42 130 67
1 -9 32 42 130 67
2 -9 32 42 130 67
3 -9 32 42 130 67
4 -9 32 42 130 67
5 -9 32 42 130 67
6 -9 32 42 130 67
7 -9 32 42 130 67
8 -9 32 42 130 67
-9 -8 32 42 130 67
-8 -8 32 42 130 67
-7 -8 32 42 130 67
-6 -8 32 42 130 67
-5 -8 32 42 130 67
-4 -8 32 42 130 67
-3 -8 32 42 130 67
-2 -8 32 42 130 67
-1 -8 32 42 130 67
0 -8 32 42 130 67
1 -8 32 42 130 67
2 -8 32 42 130 67
3 -8 32 42 130 67
4 -8 32 42 130 67
5 -8 32 42 130 67
6 -8 32 42 130 67
7 -8 32 42 130 67
8 -8 32 42 130 67
-9 -7 32 42 130 67
-8 -7 32 42 130 67
-7 -7 32 42 130 67
-6 -7 32 42 130 67
-5 -7 32 42 130 67
-4 -7 32 42 130 67
-3 -7 32 42 130 67
-2 -7 32 42 130 67
-1 -7 32 42 130 67
0 -7 32 42 130 67
1 -7 32 42 130 67
2 -7 32 42 130 67
3 -7 32 42 130 67
4 -7 32 42 130 67
5 -7 32 42 130 67
6 -7 32 42 130 67
7 -7 32 42 130 67
8 -7 32 42 130 67
-9 -6 32 42 130 67
-8 -6 32 42 130 67
-7 -6 32 42 130 67
-6 -6 32 42 130 67
-5 -6 32 42 130 67
-4 -6 32 42 130 67
-3 -6 32 42 130 67
-2 -6 32 42 130 67
-1 -6 32 42 130 67
0 -6 32 42 130 67
1 -6 32 42 130 67
2 -6 32 42 130 67
3 -6 32 42 130 67
4 -6 32 42 130 67
5 -6 32 42 130 67
6 -6 32 42 130 67
7 -6 32 42 130 67
8 -6 32 42 130 67
-9 -5 32 42 130 67
-8 -5 32 42 130 67
-7 -5 32 42 130 67
-6 -5 32 42 130 67
-5 -5 32 42 130 67
-4 -5 32 42 130 67
-3 -5 32 42 130 67
-2 -5 32 42 130 67
-1 -5 32 42 130 67
0 -5 32 42 130 67
1 -5 32 42 130 67
2 -5 32 42 130 67
3 -5 32 42 130 67
4 -5 32 42 130 67
5 -5 32 42 130 67
6 -5 32 42 130 67
7 -5 32 42 130 67
8 -5 32 42 130 67
-9 -4 32 42 130 67
-8 -4 32 42 130 67
-7 -4 32 42 130 67
-6 -4 32 42 130 67
-5 -4 32 42 130 67
-4 -4 32 42 130 67
-3 -4 32 42 130 67
-2 -4 32 42 130 67
-1 -4 32 42 130 67
0 -4 32 42 130 67
1 -4 32 42 130 67
2 -4 32 42 130 67
3 -4 32 42 130 67
4 -4 32 42 130 67
5 -4 32 42 130 67
6 -4 32 42 130 67
7 -4 32 42 130 67
8 -4 32 42 130 67
-9 -3 32 42 130 67
-8 -3 32 42 130 67
-7 -3 32 42 130 67
-6 -3 32 42 130 67
-5 -3 32 42 130 67
-4 -3 32 42 130 67
-3 -3 32 42 130 67
-2 -3 32 42 130 67
-1 -3 32 42 130 67
0 -3 32 42 130 67
1 -3 32 42 130 67
2 -3 32 42 130 67
3 -3 32 42 130 67
4 -3 32 42 130 67
5 -3 32 42 130 67
6 -3 32 42 130 67
7 -3 32 42 130 67
8 -3 32 42 130 67
-9 -2 32 42 130 67
-8 -2 32 42 130 67
-7 -2 32 42 130 67
-6 -2 32 42 130 67
-5 -2 32 42 130 67
-4 -2 32 42 130 67
-3 -2 32 42 130 67
-2 -2 32 42 130 67
-1 -2 32 42 130 67
0 -2 32 42 130 67
1 -2 32 42 130 67
2 -2 32 42 130 67
3 -2 32 42 130 67
4 -2 32 42 130 67
5 -2 32 42 130 67
6 -2 32 42 130 67
7 -2 32 42 130 67
8 -2 32 42 130 67
-9 -1 32 42 130 67
-8 -1 32 42 130 67
-7 -1 32 42 130 67
-6 -1 32 42 130 67
-5 -1 32 42 130 67
-4 -1 32 42 130 67
-3 -1 32 42 130 67
-2 -1 32 42 130 67
-1 -1 32 42 130 67
0 -1 32 42 130 67
1 -1 32 42 130 67
2 -1 32 42 130 67
3 -1 32 42 130 67
4 -1 32 42 130 67
5 -1 32 42 130 67
6 -1 32 42 130 67
7 -1 32 42 130 67
8 -1 32 42 130 67
-9 0 32 42 130 67
-8 0 32 42 130 67
-7 0 32 42 130 67
-6 0 32 42 130 67
-5 0 32 42 130 67
-4 0 32 42 130 67
-3 0 32 42 130 67
-2 0 32 42 130 67
-1 0 32 42 130 67
0 0 32 42 130 67
1 0 32 42 130 67
2 0 32 42 130 67
3 0 32 42 130 67
4 0 32 42 130 67
5 0 32 42 130 67
6 0 32 42 130 67
7 0 32 42 130 67
8 0 32 42 130 67
-9 1 32 42 130 67
-8 1 32 42 130 67
-7 1 32 42 130 67
-6 1 32 42 130 67
-5 1 32 42 130 67
-4 1 32 42 130 67
-3 1 32 42 130 67
-2 1 32 42 130 67
-1 1 32 42 130 67
0 1 32 42 130 67
1 1 32 42 130 67
2 1 32 42 130 67
3 1 32 42 130 67
4 1 32 42 130 67
5 1 32 42 130 67
6 1 32 42 130 67
7 1 32 42 130 67
8 1 32 42 130 67
-9 2 32 42 130 67
-8 2 32 42 130 67
-7 2 32 42 130 67
-6 2 32 42 130 67
-5 2 32 42 130 67
-4 2 32 42 130 67
-3 2 32 42 130 67
-2 2 32 42 130 67
-1 2 32 42 130 67
0 2 32 42 130 67
1 2 32 42 130 67
2 2 32 42 130 67
3 2 32 42 130 67
4 2 32 42 130 67
5 2 32 42 130 67
6 2 32 42 130 67
7 2 32 42 130 67
8 2 32 42 130 67
-9 3 32 42 130 67
-8 3 32 42 130 67
-7 3 32 42 130 67
-6 3 32 42 130 67
-5 3 32 42 130 67
-4 3 32 42 130 67
-3 3 32 42 130 67
-2 3 32 42 130 67
-1 3 32 42 130 67
0 3 32 42 130 67
1 3 32 42 130 67
2 3 32 42 130 67
3 3 32 42 130 67
4 3 32 42 130 67
5 3 32 42 130 67
6 3 32 42 130 67
7 3 32 42 130 67
8 3 32 42 130 67
-9 4 32 42 130 67
-8 4 32 42 130 67
-7 4 32 42 130 67
-6 4 32 42 130 67
-5 4 32 42 130 67
-4 4 32 42 130 67
-3 4 32 42 130 67
-2 4 32 42 130 67
-1 4 32 42 130 67
0 4 32 42 130 67
1 4 32 42 130 67
2 4 32 42 130 67
3 4 32 42 130 67
4 4 32 42 130 67
5 4 32 42 130 67
6 4 32 42 130 67
7 4 32 42 130 67
8 4 32 42 130 67
-9 5 32 42 130 67
-8 5 32 42 130 67
-7 5 32 42 130 67
-6 5 32 42 130 67
-5 5 32 42 130 67
-4 5 32 42 130 67
-3 5 32 42 130 67
-2 5 32 42 130 67
-1 5 32 42 130 67
0 5 32 42 130 67
1 5 32 42 130 67
2 5 32 42 130 67
3 5 32 42 130 67
4 5 32 42 130 67
5 5 32 42 130 67
6 5 32 42 130 67
7 5 32 42 130 67
8 5 32 42 130 67
-9 6 32 42 130 67
-8 6 32 42 130 67
-7 6 32 42 130 67
-6 6 32 42 130 67
-5 6 32 42 130 67
-4 6 32 42 130 67
-3 6 32 42 130 67
-2 6 32 42 130 67
-1 6 32 42 130 67
0 6 32 42 130 67
1 6 32 42 130 67
2 6 32 42 130 67
3 6 32 42 130 67
4 6 32 42 130 67
5 6 32 42 130 67
6 6 32 42 130 67
7 6 32 42 130 67
8 6 32 42 130 67
-9 7 32 42 130 67
-8 7 32 42 130 67
-7 7 32 42 130 67
-6 7 32 42 130 67
-5 7 32 42 130 67
-4 7 32 42 130 67
-3 7 32 42 130 67
-2 7 32 42 130 67
-1 7 32 42 130 67
0 7 32 42 130 67
1 7 32 42 130 67
2 7 32 42 130 67
3 7 32 42 130 67
4 7 32 42 130 67
5 7 32 42 130 67
6 7 32 42 130 67
7 7 32 42 130 67
8 7 32 42 130 67
-9 8 32 42 130 67
-8 8 32 42 130 67
-7 8 32 42 130 67
-6 8 32 42 130 67
-5 8 32 42 130 67
-4 8 32 42 130 67
-3 8 32 42 130 67
-2 8 32 42 130 67
-1 8 32 42 130 67
0 8 32 42 130 67
1 8 32 42 130 67
2 8 32 42 130 67
3 8 32 42 130 67
4 8 32 42 130 67
5 8 32 42 130 67
6 8 32 42 130 67
7 8 32 42 130 67
8 8 32 42 130 67
-9 -9 33 38 116 60
-8 -9 33 38 116 60
-7 -9 33 38 116 60
-6 -9 33 38 116 60
-5 -9 33 38 116 60
-4 -9 33 38 116 60
-3 -9 33 38 116 60
-2 -9 33 38 116 60
-1 -9 33 38 116 60
0 -9 33 38 116 60
1 -9 33 38 116 60
2 -9 33 38 116 60
3 -9 33 38 116 60
4 -9 33 38 116 60
5 -9 33 38 116 60
6 -9 33 38 116 60
7 -9 33 38 116 60
8 -9 33 38 116 60
-9 -8 33 38 116 60
-8 -8 33 38 116 60
-7 -8 33 38 116 60
-6 -8 33 38 116 60
-5 -8 33 38 116 60
-4 -8 33 38 116 60
-3 -8 33 38 116 60
-2 -8 33 38 116 60
-1 -8 33 38 116 60
0 -8 33 38 116 60
1 -8 33 38 116 60
2 -8 33 38 116 60
3 -8 33 38 116 60
4 -8 33 38 116 60
5 -8 33 38 116 60
6 -8 33 38 116 60
7 -8 33 38 116 60
8 -8 33 38 116 60
-9 -7 33 38 116 60
-8 -7 33 38 116 60
-7 -7 33 38 116 60
-6 -7 33 38 116 60
-5 -7 33 38 116 60
-4 -7 33 38 116 60
-3 -7 33 38 116 60
-2 -7 33 38 116 60
-1 -7 33 38 116 60
0 -7 33 38 116 60
1 -7 33 38 116 60
2 -7 33 38 116 60
3 -7 33 38 116 60
4 -7 33 38 116 60
5 -7 33 38 116 60
6 -7 33 38 116 60
7 -7 33 38 116 60
8 -7 33 38 116 60
-9 -6 33 38 116 60
-8 -6 33 38 116 60
-7 -6 33 38 116 60
-6 -6 33 38 116 60
-5 -6 33 38 116 60
-4 -6 33 38 116 60
-3 -6 33 38 116 60
-2 -6 33 38 116 60
-1 -6 33 38 116 60
0 -6 33 38 116 60
1 -6 33 38 116 60
2 -6 33 38 116 60
3 -6 33 38 116 60
4 -6 33 38 116 60
5 -6 33 38 116 60
6 -6 33 38 116 60
7 -6 33 38 116 60
8 -6 33 38 116 60
-9 -5 33 38 116 60
-8 -5 33 38 116 60
-7 -5 33 38 116 60
-6 -5 33 38 116 60
-5 -5 33 38 116 60
-4 -5 33 38 116 60
-3 -5 33 38 116 60
-2 -5 33 38 116 60
-1 -5 33 38 116 60
0 -5 33 38 116 60
1 -5 33 38 116 60
2 -5 33 38 116 60
3 -5 33 38 116 60
4 -5 33 38 116 60
5 -5 33 38 116 60
6 -5 33 38 116 60
7 -5 33 38 116 60
8 -5 33 38 116 60
-9 -4 33 38 116 60
-8 -4 33 38 116 60
-7 -4 33 38 116 60
-6 -4 33 38 116 60
-5 -4 33 38 116 60
-4 -4 33 38 116 60
-3 -4 33 38 116 60
-2 -4 33 38 116 60
-1 -4 33 38 116 60
0 -4 33 38 116 60
1 -4 33 38 116 60
2 -4 33 38 116 60
3 -4 33 38 116 60
4 -4 33 38 116 60
5 -4 33 38 116 60
6 -4 33 38 116 60
7 -4 33 38 116 60
8 -4 33 38 116 60
-9 -3 33 38 116 60
-8 -3 33 38 116 60
-7 -3 33 38 116 60
-6 -3 33 38 116 60
-5 -3 33 38 116 60
-4 -3 33 38 116 60
-3 -3 33 38 116 60
-2 -3 33 38 116 60
-1 -3 33 38 116 60
0 -3 33 38 116 60
1 -3 33 38 116 60
2 -3 33 38 116 60
3 -3 33 38 116 60
4 -3 33 38 116 60
5 -3 33 38 116 60
6 -3 33 38 116 60
7 -3 33 38 116 60
8 -3 33 38 116 60
-9 -2 33 38 116 60
-8 -2 33 38 116 60
-7 -2 33 38 116 60
-6 -2 33 38 116 60
-5 -2 33 38 116 60
-4 -2 33 38 116 60
-3 -2 33 38 116 60
-2 -2 33 38 116 60
-1 -2 33 38 116 60
0 -2 33 38 116 60
1 -2 33 38 116 60
2 -2 33 38 116 60
3 -2 33 38 116 60
4 -2 33 38 116 60
5 -2 33 38 116 60
6 -2 33 38 116 60
7 -2 33 38 116 60
8 -2 33 38 116 60
-9 -1 33 38 116 60
-8 -1 33 38 116 60
-7 -1 33 38 116 60
-6 -1 33 38 116 60
-5 -1 33 38 116 60
-4 -1 33 38 116 60
-3 -1 33 38 116 60
-2 -1 33 38 116 60
-1 -1 33 38 116 60
0 -1 33 38 116 60
1 -1 33 38 116 60
2 -1 33 38 116 60
3 -1 33 38 116 60
4 -1 33 38 116 60
5 -1 33 38 116 60
6 -1 33 38 116 60
7 -1 33 38 116 60
8 -1 33 38 116 60
-9 0 33 38 116 60
-8 0 33 38 116 60
-7 0 33 38 116 60
-6 0 33 38 116 60
-5 0 33 38 116 60
-4 0 33 38 116 60
-3 0 33 38 116 60
-2 0 33 38 116 60
-1 0 33 38 116 60
0 0 33 38 116 60
1 0 33 38 116 60
2 0 33 38 116 60
3 0 33 38 116 60
4 0 33 38 116 60
5 0 33 38 116 60
6 0 33 38 116 60
7 0 33 38 116 60
8 0 33 38 116 60
-9 1 33 38 116 60
-8 1 33 38 116 60
-7 1 33 38 116 60
-6 1 33 38 116 60
-5 1 33 38 116 60
-4 1 33 38 116 60
-3 1 33 38 116 60
-2 1 33 38 116 60
-1 1 33 38 116 60
0 1 33 38 116 60
1 1 33 38 116 60
2 1 33 38 116 60
3 1 33 38 116 60
4 1 33 38 116 60
5 1 33 38 116 60
6 1 33 38 116 60
7 1 33 38 116 60
8 1 33 38 116 60
-9 2 33 38 116 60
-8 2 33 38 116 60
-7 2 33 38 116 60
-6 2 33 38 116 60
-5 2 33 38 116 60
-4 2 33 38 116 60
-3 2 33 38 116 60
-2 2 33 38 116 60
-1 2 33 38 116 60
0 2 33 38 116 60
1 2 33 38 116 60
2 2 33 38 116 60
3 2 33 38 116 60
4 2 33 38 116 60
5 2 33 38 116 60
6 2 33 38 116 60
7 2 33 38 116 60
8 2 33 38 116 60
-9 3 33 38 116 60
-8 3 33 38 116 60
-7 3 33 38 116 60
-6 3 33 38 116 60
-5 3 33 38 116 60
-4 3 33 38 116 60
-3 3 33 38 116 60
-2 3 33 38 116 60
-1 3 33 38 116 60
0 3 33 38 116 60
1 3 33 38 116 60
2 3 33 38 116 60
3 3 33 38 116 60
4 3 33 38 116 60
5 3 33 38 116 60
6 3 33 38 116 60
7 3 33 38 116 60
8 3 33 38 116 60
-9 4 33 38 116 60
-8 4 33 38 116 60
-7 4 33 38 116 60
-6 4 33 38 116 60
-5 4 33 38 116 60
-4 4 33 38 116 60
-3 4 33 38 116 60
-2 4 33 38 116 60
-1 4 33 38 116 60
0 4 33 38 116 60
1 4 33 38 116 60
2 4 33 38 116 60
3 4 33 38 116 60
4 4 33 38 116 60
5 4 33 38 116 60
6 4 33 38 116 60
7 4 33 38 116 60
8 4 33 38 116 60
-9 5 33 38 116 60
-8 5 33 38 116 60
-7 5 33 38 116 60
-6 5 33 38 116 60
-5 5 33 38 116 60
-4 5 33 38 116 60
-3 5 33 38 116 60
-2 5 33 38 116 60
-1 5 33 38 116 60
0 5 33 38 116 60
1 5 33 38 116 60
2 5 33 38 116 60
3 5 33 38 116 60
4 5 33 38 116 60
5 5 33 38 116 60
6 5 33 38 116 60
7 5 33 38 116 60
8 5 33 38 116 60
-9 6 33 38 116 60
-8 6 33 38 116 60
-7 6 33 38 116 60
-6 6 33 38 116 60
-5 6 33 38 116 60
-4 6 33 38 116 60
-3 6 33 38 116 60
-2 6 33 38 116 60
-1 6 33 38 116 60
0 6 33 38 116 60
1 6 33 38 116 60
2 6 33 38 116 60
3 6 33 38 116 60
4 6 33 38 116 60
5 6 33 38 116 60
6 6 33 38 116 60
7 6 33 38 116 60
8 6 33 38 116 60
-9 7 33 38 116 60
-8 7 33 38 116 60
-7 7 33 38 116 60
-6 7 33 38 116 60
-5 7 33 38 116 60
-4 7 33 38 116 60
-3 7 33 38 116 60
-2 7 33 38 116 60
-1 7 33 38 116 60
0 7 33 38 116 60
1 7 33 38 116 60
2 7 33 38 116 60
3 7 33 38 116 60
4 7 33 38 116 60
5 7 33 38 116 60
6 7 33 38 116 60
7 7 33 38 116 60
8 7 33 38 116 60
-9 8 33 38 116 60
-8 8 33 38 116 60
-7 8 33 38 116 60
-6 8 33 38 116 60
-5 8 33 38 116 60
-4 8 33 38 116 60
-3 8 33 38 116 60
-2 8 33 38 116 60
-1 8 33 38 116 60
0 8 33 38 116 60
1 8 33 38 116 60
2 8 33 38 116 60
3 8 33 38 116 60
4 8 33 38 116 60
5 8 33 38 116 60
6 8 33 38 116 60
7 8 33 38 116 60
8 8 33 38 116 60
