ply
format ascii 1.0
comment : MagicaVoxel @ Ephtracy
element vertex 6113
property float x
property float y
property float z
property uchar red
property uchar green
property uchar blue
end_header
42 -4 0 111 84 43
43 -4 0 111 84 43
44 -4 0 111 84 43
45 -4 0 111 84 43
46 -4 0 111 84 43
47 -4 0 111 84 43
48 -4 0 111 84 43
49 -4 0 111 84 43
42 -3 0 111 84 43
43 -3 0 100 73 32
44 -3 0 100 73 32
45 -3 0 100 73 32
46 -3 0 100 73 32
47 -3 0 100 73 32
48 -3 0 100 73 32
49 -3 0 111 84 43
42 -2 0 111 84 43
43 -2 0 100 73 32
44 -2 0 100 73 32
45 -2 0 100 73 32
46 -2 0 100 73 32
47 -2 0 100 73 32
48 -2 0 100 73 32
49 -2 0 111 84 43
42 -1 0 111 84 43
43 -1 0 100 73 32
44 -1 0 100 73 32
45 -1 0 100 73 32
46 -1 0 100 73 32
47 -1 0 100 73 32
48 -1 0 100 73 32
49 -1 0 111 84 43
42 0 0 111 84 43
43 0 0 100 73 32
44 0 0 100 73 32
45 0 0 100 73 32
46 0 0 100 73 32
47 0 0 100 73 32
48 0 0 100 73 32
49 0 0 111 84 43
42 1 0 111 84 43
43 1 0 100 73 32
44 1 0 100 73 32
45 1 0 100 73 32
46 1 0 100 73 32
47 1 0 100 73 32
48 1 0 100 73 32
49 1 0 111 84 43
42 2 0 111 84 43
43 2 0 100 73 32
44 2 0 100 73 32
45 2 0 100 73 32
46 2 0 100 73 32
47 2 0 100 73 32
48 2 0 100 73 32
49 2 0 111 84 43
42 3 0 111 84 43
43 3 0 111 84 43
44 3 0 111 84 43
45 3 0 111 84 43
46 3 0 111 84 43
47 3 0 111 84 43
48 3 0 111 84 43
49 3 0 111 84 43
42 -4 1 100 73 32
43 -4 1 100 73 32
44 -4 1 100 73 32
45 -4 1 100 73 32
46 -4 1 100 73 32
47 -4 1 111 84 43
48 -4 1 111 84 43
49 -4 1 111 84 43
42 -3 1 111 84 43
43 -3 1 100 73 32
44 -3 1 100 73 32
45 -3 1 100 73 32
46 -3 1 100 73 32
47 -3 1 100 73 32
48 -3 1 100 73 32
49 -3 1 100 73 32
42 -2 1 111 84 43
43 -2 1 100 73 32
44 -2 1 100 73 32
45 -2 1 100 73 32
46 -2 1 100 73 32
47 -2 1 100 73 32
48 -2 1 100 73 32
49 -2 1 100 73 32
42 -1 1 111 84 43
43 -1 1 100 73 32
44 -1 1 100 73 32
45 -1 1 100 73 32
46 -1 1 100 73 32
47 -1 1 100 73 32
48 -1 1 100 73 32
49 -1 1 100 73 32
42 0 1 111 84 43
43 0 1 100 73 32
44 0 1 100 73 32
45 0 1 100 73 32
46 0 1 100 73 32
47 0 1 100 73 32
48 0 1 100 73 32
49 0 1 111 84 43
42 1 1 100 73 32
43 1 1 100 73 32
44 1 1 100 73 32
45 1 1 100 73 32
46 1 1 100 73 32
47 1 1 100 73 32
48 1 1 100 73 32
49 1 1 111 84 43
42 2 1 100 73 32
43 2 1 100 73 32
44 2 1 100 73 32
45 2 1 100 73 32
46 2 1 100 73 32
47 2 1 100 73 32
48 2 1 100 73 32
49 2 1 100 73 32
42 3 1 111 84 43
43 3 1 111 84 43
44 3 1 100 73 32
45 3 1 100 73 32
46 3 1 100 73 32
47 3 1 111 84 43
48 3 1 100 73 32
49 3 1 100 73 32
42 -4 2 100 73 32
43 -4 2 100 73 32
44 -4 2 100 73 32
45 -4 2 100 73 32
46 -4 2 100 73 32
47 -4 2 100 73 32
48 -4 2 100 73 32
49 -4 2 100 73 32
42 -3 2 100 73 32
43 -3 2 100 73 32
44 -3 2 100 73 32
45 -3 2 100 73 32
46 -3 2 100 73 32
47 -3 2 100 73 32
48 -3 2 100 73 32
49 -3 2 100 73 32
42 -2 2 100 73 32
43 -2 2 100 73 32
44 -2 2 100 73 32
45 -2 2 100 73 32
46 -2 2 100 73 32
47 -2 2 100 73 32
48 -2 2 100 73 32
49 -2 2 100 73 32
42 -1 2 100 73 32
43 -1 2 100 73 32
44 -1 2 100 73 32
45 -1 2 100 73 32
46 -1 2 100 73 32
47 -1 2 100 73 32
48 -1 2 100 73 32
49 -1 2 100 73 32
42 0 2 100 73 32
43 0 2 100 73 32
44 0 2 100 73 32
45 0 2 100 73 32
46 0 2 100 73 32
47 0 2 100 73 32
48 0 2 100 73 32
49 0 2 100 73 32
42 1 2 100 73 32
43 1 2 100 73 32
44 1 2 100 73 32
45 1 2 100 73 32
46 1 2 100 73 32
47 1 2 100 73 32
48 1 2 100 73 32
49 1 2 100 73 32
42 2 2 100 73 32
43 2 2 100 73 32
44 2 2 100 73 32
45 2 2 100 73 32
46 2 2 100 73 32
47 2 2 100 73 32
48 2 2 100 73 32
49 2 2 100 73 32
42 3 2 100 73 32
43 3 2 100 73 32
44 3 2 100 73 32
45 3 2 100 73 32
46 3 2 100 73 32
47 3 2 100 73 32
48 3 2 100 73 32
49 3 2 100 73 32
42 -4 3 100 73 32
43 -4 3 100 73 32
44 -4 3 100 73 32
45 -4 3 100 73 32
46 -4 3 100 73 32
47 -4 3 100 73 32
48 -4 3 100 73 32
49 -4 3 100 73 32
42 -3 3 100 73 32
43 -3 3 100 73 32
44 -3 3 100 73 32
45 -3 3 100 73 32
46 -3 3 100 73 32
47 -3 3 100 73 32
48 -3 3 100 73 32
49 -3 3 100 73 32
42 -2 3 100 73 32
43 -2 3 100 73 32
44 -2 3 100 73 32
45 -2 3 100 73 32
46 -2 3 100 73 32
47 -2 3 100 73 32
48 -2 3 100 73 32
49 -2 3 100 73 32
42 -1 3 100 73 32
43 -1 3 100 73 32
44 -1 3 100 73 32
45 -1 3 100 73 32
46 -1 3 100 73 32
47 -1 3 100 73 32
48 -1 3 100 73 32
49 -1 3 100 73 32
42 0 3 100 73 32
43 0 3 100 73 32
44 0 3 100 73 32
45 0 3 100 73 32
46 0 3 100 73 32
47 0 3 100 73 32
48 0 3 100 73 32
49 0 3 100 73 32
42 1 3 100 73 32
43 1 3 100 73 32
44 1 3 100 73 32
45 1 3 100 73 32
46 1 3 100 73 32
47 1 3 100 73 32
48 1 3 100 73 32
49 1 3 100 73 32
42 2 3 100 73 32
43 2 3 100 73 32
44 2 3 100 73 32
45 2 3 100 73 32
46 2 3 100 73 32
47 2 3 100 73 32
48 2 3 100 73 32
49 2 3 100 73 32
42 3 3 100 73 32
43 3 3 100 73 32
44 3 3 100 73 32
45 3 3 100 73 32
46 3 3 100 73 32
47 3 3 100 73 32
48 3 3 100 73 32
49 3 3 100 73 32
42 -4 4 100 73 32
43 -4 4 100 73 32
44 -4 4 111 84 43
45 -4 4 111 84 43
46 -4 4 111 84 43
47 -4 4 111 84 43
48 -4 4 111 84 43
49 -4 4 111 84 43
42 -3 4 100 73 32
43 -3 4 100 73 32
44 -3 4 100 73 32
45 -3 4 100 73 32
46 -3 4 100 73 32
47 -3 4 100 73 32
48 -3 4 100 73 32
49 -3 4 111 84 43
42 -2 4 100 73 32
43 -2 4 100 73 32
44 -2 4 100 73 32
45 -2 4 100 73 32
46 -2 4 100 73 32
47 -2 4 100 73 32
48 -2 4 100 73 32
49 -2 4 100 73 32
42 -1 4 100 73 32
43 -1 4 100 73 32
44 -1 4 100 73 32
45 -1 4 100 73 32
46 -1 4 100 73 32
47 -1 4 100 73 32
48 -1 4 100 73 32
49 -1 4 100 73 32
42 0 4 100 73 32
43 0 4 100 73 32
44 0 4 100 73 32
45 0 4 100 73 32
46 0 4 100 73 32
47 0 4 100 73 32
48 0 4 100 73 32
49 0 4 100 73 32
42 1 4 100 73 32
43 1 4 100 73 32
44 1 4 100 73 32
45 1 4 100 73 32
46 1 4 100 73 32
47 1 4 100 73 32
48 1 4 100 73 32
49 1 4 100 73 32
42 2 4 111 84 43
43 2 4 100 73 32
44 2 4 100 73 32
45 2 4 100 73 32
46 2 4 100 73 32
47 2 4 100 73 32
48 2 4 100 73 32
49 2 4 100 73 32
42 3 4 111 84 43
43 3 4 111 84 43
44 3 4 111 84 43
45 3 4 111 84 43
46 3 4 111 84 43
47 3 4 111 84 43
48 3 4 111 84 43
49 3 4 100 73 32
43 -3 5 111 84 43
44 -3 5 111 84 43
45 -3 5 111 84 43
46 -3 5 111 84 43
47 -3 5 111 84 43
48 -3 5 111 84 43
43 -2 5 111 84 43
44 -2 5 100 73 32
45 -2 5 100 73 32
46 -2 5 100 73 32
47 -2 5 100 73 32
48 -2 5 111 84 43
43 -1 5 111 84 43
44 -1 5 100 73 32
45 -1 5 100 73 32
46 -1 5 100 73 32
47 -1 5 100 73 32
48 -1 5 111 84 43
43 0 5 111 84 43
44 0 5 100 73 32
45 0 5 100 73 32
46 0 5 100 73 32
47 0 5 100 73 32
48 0 5 111 84 43
43 1 5 111 84 43
44 1 5 100 73 32
45 1 5 100 73 32
46 1 5 100 73 32
47 1 5 100 73 32
48 1 5 111 84 43
43 2 5 111 84 43
44 2 5 111 84 43
45 2 5 111 84 43
46 2 5 111 84 43
47 2 5 111 84 43
48 2 5 111 84 43
43 -3 6 111 84 43
44 -3 6 100 73 32
45 -3 6 100 73 32
46 -3 6 100 73 32
47 -3 6 100 73 32
48 -3 6 100 73 32
43 -2 6 111 84 43
44 -2 6 100 73 32
45 -2 6 100 73 32
46 -2 6 100 73 32
47 -2 6 100 73 32
48 -2 6 111 84 43
43 -1 6 111 84 43
44 -1 6 100 73 32
45 -1 6 100 73 32
46 -1 6 100 73 32
47 -1 6 100 73 32
48 -1 6 111 84 43
43 0 6 100 73 32
44 0 6 100 73 32
45 0 6 100 73 32
46 0 6 100 73 32
47 0 6 100 73 32
48 0 6 111 84 43
43 1 6 100 73 32
44 1 6 100 73 32
45 1 6 100 73 32
46 1 6 100 73 32
47 1 6 100 73 32
48 1 6 111 84 43
43 2 6 100 73 32
44 2 6 100 73 32
45 2 6 100 73 32
46 2 6 100 73 32
47 2 6 100 73 32
48 2 6 111 84 43
43 -3 7 100 73 32
44 -3 7 100 73 32
45 -3 7 100 73 32
46 -3 7 100 73 32
47 -3 7 100 73 32
48 -3 7 100 73 32
43 -2 7 100 73 32
44 -2 7 100 73 32
45 -2 7 100 73 32
46 -2 7 100 73 32
47 -2 7 100 73 32
48 -2 7 100 73 32
43 -1 7 100 73 32
44 -1 7 100 73 32
45 -1 7 100 73 32
46 -1 7 100 73 32
47 -1 7 100 73 32
48 -1 7 100 73 32
43 0 7 100 73 32
44 0 7 100 73 32
45 0 7 100 73 32
46 0 7 100 73 32
47 0 7 100 73 32
48 0 7 100 73 32
43 1 7 100 73 32
44 1 7 100 73 32
45 1 7 100 73 32
46 1 7 100 73 32
47 1 7 100 73 32
48 1 7 100 73 32
43 2 7 100 73 32
44 2 7 100 73 32
45 2 7 100 73 32
46 2 7 100 73 32
47 2 7 100 73 32
48 2 7 100 73 32
43 -3 8 100 73 32
44 -3 8 100 73 32
45 -3 8 100 73 32
46 -3 8 100 73 32
47 -3 8 100 73 32
48 -3 8 100 73 32
43 -2 8 100 73 32
44 -2 8 100 73 32
45 -2 8 100 73 32
46 -2 8 100 73 32
47 -2 8 100 73 32
48 -2 8 100 73 32
43 -1 8 100 73 32
44 -1 8 100 73 32
45 -1 8 100 73 32
46 -1 8 100 73 32
47 -1 8 100 73 32
48 -1 8 100 73 32
43 0 8 100 73 32
44 0 8 100 73 32
45 0 8 100 73 32
46 0 8 100 73 32
47 0 8 100 73 32
48 0 8 100 73 32
43 1 8 100 73 32
44 1 8 100 73 32
45 1 8 100 73 32
46 1 8 100 73 32
47 1 8 100 73 32
48 1 8 100 73 32
43 2 8 100 73 32
44 2 8 100 73 32
45 2 8 100 73 32
46 2 8 100 73 32
47 2 8 100 73 32
48 2 8 100 73 32
43 -3 9 100 73 32
44 -3 9 100 73 32
45 -3 9 100 73 32
46 -3 9 100 73 32
47 -3 9 100 73 32
48 -3 9 100 73 32
43 -2 9 100 73 32
44 -2 9 100 73 32
45 -2 9 100 73 32
46 -2 9 100 73 32
47 -2 9 100 73 32
48 -2 9 111 84 43
43 -1 9 100 73 32
44 -1 9 100 73 32
45 -1 9 100 73 32
46 -1 9 100 73 32
47 -1 9 100 73 32
48 -1 9 111 84 43
43 0 9 100 73 32
44 0 9 100 73 32
45 0 9 100 73 32
46 0 9 100 73 32
47 0 9 100 73 32
48 0 9 111 84 43
43 1 9 100 73 32
44 1 9 100 73 32
45 1 9 100 73 32
46 1 9 100 73 32
47 1 9 100 73 32
48 1 9 100 73 32
43 2 9 100 73 32
44 2 9 100 73 32
45 2 9 100 73 32
46 2 9 100 73 32
47 2 9 100 73 32
48 2 9 100 73 32
43 -3 10 111 84 43
44 -3 10 111 84 43
45 -3 10 100 73 32
46 -3 10 100 73 32
47 -3 10 100 73 32
48 -3 10 111 84 43
43 -2 10 111 84 43
44 -2 10 100 73 32
45 -2 10 100 73 32
46 -2 10 100 73 32
47 -2 10 100 73 32
48 -2 10 111 84 43
43 -1 10 111 84 43
44 -1 10 100 73 32
45 -1 10 100 73 32
46 -1 10 100 73 32
47 -1 10 100 73 32
48 -1 10 111 84 43
43 0 10 100 73 32
44 0 10 100 73 32
45 0 10 100 73 32
46 0 10 100 73 32
47 0 10 100 73 32
48 0 10 111 84 43
43 1 10 100 73 32
44 1 10 100 73 32
45 1 10 100 73 32
46 1 10 100 73 32
47 1 10 100 73 32
48 1 10 100 73 32
43 2 10 100 73 32
44 2 10 111 84 43
45 2 10 111 84 43
46 2 10 111 84 43
47 2 10 111 84 43
48 2 10 100 73 32
43 -2 11 111 84 43
44 -2 11 111 84 43
45 -2 11 111 84 43
46 -2 11 111 84 43
47 -2 11 111 84 43
43 -1 11 111 84 43
44 -1 11 100 73 32
45 -1 11 100 73 32
46 -1 11 100 73 32
47 -1 11 111 84 43
43 0 11 111 84 43
44 0 11 100 73 32
45 0 11 100 73 32
46 0 11 100 73 32
47 0 11 111 84 43
43 1 11 111 84 43
44 1 11 111 84 43
45 1 11 111 84 43
46 1 11 111 84 43
47 1 11 111 84 43
43 -2 12 111 84 43
44 -2 12 111 84 43
45 -2 12 111 84 43
46 -2 12 100 73 32
47 -2 12 100 73 32
43 -1 12 111 84 43
44 -1 12 100 73 32
45 -1 12 100 73 32
46 -1 12 100 73 32
47 -1 12 111 84 43
43 0 12 111 84 43
44 0 12 100 73 32
45 0 12 100 73 32
46 0 12 100 73 32
47 0 12 111 84 43
43 1 12 100 73 32
44 1 12 100 73 32
45 1 12 100 73 32
46 1 12 100 73 32
47 1 12 111 84 43
44 -2 13 100 73 32
45 -2 13 100 73 32
46 -2 13 100 73 32
47 -2 13 100 73 32
43 -1 13 111 84 43
44 -1 13 100 73 32
45 -1 13 100 73 32
46 -1 13 100 73 32
47 -1 13 100 73 32
43 0 13 111 84 43
44 0 13 100 73 32
45 0 13 100 73 32
46 0 13 100 73 32
47 0 13 100 73 32
43 1 13 100 73 32
44 1 13 100 73 32
45 1 13 100 73 32
46 1 13 100 73 32
47 1 13 100 73 32
44 -2 14 100 73 32
45 -2 14 100 73 32
46 -2 14 100 73 32
47 -2 14 100 73 32
43 -1 14 111 84 43
44 -1 14 100 73 32
45 -1 14 100 73 32
46 -1 14 100 73 32
47 -1 14 100 73 32
43 0 14 111 84 43
44 0 14 100 73 32
45 0 14 100 73 32
46 0 14 100 73 32
47 0 14 100 73 32
43 1 14 100 73 32
44 1 14 100 73 32
45 1 14 100 73 32
46 1 14 100 73 32
47 1 14 100 73 32
44 -2 15 100 73 32
45 -2 15 100 73 32
46 -2 15 100 73 32
47 -2 15 100 73 32
43 -1 15 100 73 32
44 -1 15 100 73 32
45 -1 15 100 73 32
46 -1 15 100 73 32
47 -1 15 100 73 32
43 0 15 100 73 32
44 0 15 100 73 32
45 0 15 100 73 32
46 0 15 100 73 32
47 0 15 100 73 32
43 1 15 100 73 32
44 1 15 100 73 32
45 1 15 100 73 32
46 1 15 100 73 32
47 1 15 100 73 32
44 -2 16 100 73 32
45 -2 16 100 73 32
46 -2 16 100 73 32
47 -2 16 100 73 32
44 -1 16 100 73 32
45 -1 16 100 73 32
46 -1 16 100 73 32
47 -1 16 100 73 32
44 0 16 100 73 32
45 0 16 100 73 32
46 0 16 100 73 32
47 0 16 100 73 32
44 1 16 100 73 32
45 1 16 100 73 32
46 1 16 100 73 32
47 1 16 100 73 32
44 -2 17 100 73 32
45 -2 17 100 73 32
46 -2 17 100 73 32
47 -2 17 100 73 32
44 -1 17 100 73 32
45 -1 17 100 73 32
46 -1 17 100 73 32
47 -1 17 100 73 32
44 0 17 100 73 32
45 0 17 100 73 32
46 0 17 100 73 32
47 0 17 100 73 32
44 1 17 100 73 32
45 1 17 100 73 32
46 1 17 100 73 32
47 1 17 100 73 32
44 -2 18 100 73 32
45 -2 18 100 73 32
46 -2 18 100 73 32
47 -2 18 100 73 32
44 -1 18 100 73 32
45 -1 18 100 73 32
46 -1 18 100 73 32
47 -1 18 100 73 32
44 0 18 100 73 32
45 0 18 100 73 32
46 0 18 100 73 32
47 0 18 100 73 32
44 1 18 100 73 32
45 1 18 100 73 32
46 1 18 100 73 32
47 1 18 100 73 32
44 -2 19 100 73 32
45 -2 19 111 84 43
46 -2 19 111 84 43
47 -2 19 111 84 43
44 -1 19 100 73 32
45 -1 19 100 73 32
46 -1 19 100 73 32
47 -1 19 111 84 43
44 0 19 111 84 43
45 0 19 100 73 32
46 0 19 100 73 32
47 0 19 100 73 32
44 1 19 111 84 43
45 1 19 111 84 43
46 1 19 111 84 43
47 1 19 100 73 32
44 -2 20 111 84 43
45 -2 20 111 84 43
46 -2 20 111 84 43
47 -2 20 111 84 43
44 -1 20 111 84 43
45 -1 20 100 73 32
46 -1 20 100 73 32
47 -1 20 111 84 43
44 0 20 111 84 43
45 0 20 100 73 32
46 0 20 100 73 32
47 0 20 111 84 43
44 1 20 111 84 43
45 1 20 111 84 43
46 1 20 111 84 43
47 1 20 111 84 43
44 -2 21 100 73 32
45 -2 21 100 73 32
46 -2 21 100 73 32
47 -2 21 100 73 32
44 -1 21 111 84 43
45 -1 21 100 73 32
46 -1 21 100 73 32
47 -1 21 111 84 43
44 0 21 111 84 43
45 0 21 100 73 32
46 0 21 100 73 32
47 0 21 111 84 43
44 1 21 111 84 43
45 1 21 100 73 32
46 1 21 100 73 32
47 1 21 100 73 32
44 -2 22 100 73 32
45 -2 22 100 73 32
46 -2 22 100 73 32
47 -2 22 100 73 32
44 -1 22 100 73 32
45 -1 22 100 73 32
46 -1 22 100 73 32
47 -1 22 100 73 32
44 0 22 100 73 32
45 0 22 100 73 32
46 0 22 100 73 32
47 0 22 100 73 32
44 1 22 100 73 32
45 1 22 100 73 32
46 1 22 100 73 32
47 1 22 100 73 32
44 -2 23 100 73 32
45 -2 23 100 73 32
46 -2 23 100 73 32
47 -2 23 100 73 32
44 -1 23 100 73 32
45 -1 23 100 73 32
46 -1 23 100 73 32
47 -1 23 100 73 32
44 0 23 100 73 32
45 0 23 100 73 32
46 0 23 100 73 32
47 0 23 100 73 32
44 1 23 100 73 32
45 1 23 100 73 32
46 1 23 100 73 32
47 1 23 100 73 32
44 -2 24 111 84 43
45 -2 24 100 73 32
46 -2 24 100 73 32
47 -2 24 100 73 32
44 -1 24 111 84 43
45 -1 24 100 73 32
46 -1 24 100 73 32
47 -1 24 100 73 32
44 0 24 111 84 43
45 0 24 100 73 32
46 0 24 100 73 32
47 0 24 100 73 32
44 1 24 111 84 43
45 1 24 111 84 43
46 1 24 100 73 32
47 1 24 100 73 32
44 -2 25 111 84 43
45 -2 25 111 84 43
46 -2 25 111 84 43
47 -2 25 100 73 32
38 -1 25 100 73 32
39 -1 25 111 84 43
40 -1 25 111 84 43
41 -1 25 111 84 43
42 -1 25 100 73 32
43 -1 25 100 73 32
44 -1 25 100 73 32
45 -1 25 100 73 32
46 -1 25 100 73 32
47 -1 25 100 73 32
38 0 25 100 73 32
39 0 25 111 84 43
40 0 25 111 84 43
41 0 25 111 84 43
42 0 25 100 73 32
43 0 25 100 73 32
44 0 25 100 73 32
45 0 25 100 73 32
46 0 25 100 73 32
47 0 25 111 84 43
44 1 25 111 84 43
45 1 25 111 84 43
46 1 25 111 84 43
47 1 25 111 84 43
44 -2 26 111 84 43
45 -2 26 111 84 43
46 -2 26 111 84 43
47 -2 26 111 84 43
38 -1 26 100 73 32
39 -1 26 100 73 32
40 -1 26 111 84 43
41 -1 26 111 84 43
42 -1 26 111 84 43
43 -1 26 100 73 32
44 -1 26 100 73 32
45 -1 26 100 73 32
46 -1 26 100 73 32
47 -1 26 111 84 43
38 0 26 100 73 32
39 0 26 100 73 32
40 0 26 111 84 43
41 0 26 111 84 43
42 0 26 100 73 32
43 0 26 100 73 32
44 0 26 100 73 32
45 0 26 100 73 32
46 0 26 100 73 32
47 0 26 111 84 43
44 1 26 111 84 43
45 1 26 111 84 43
46 1 26 111 84 43
47 1 26 111 84 43
47 -3 27 100 73 32
48 -3 27 100 73 32
49 -3 27 111 84 43
50 -3 27 111 84 43
51 -3 27 100 73 32
52 -3 27 100 73 32
53 -3 27 100 73 32
44 -2 27 111 84 43
45 -2 27 111 84 43
46 -2 27 111 84 43
47 -2 27 100 73 32
48 -2 27 100 73 32
49 -2 27 100 73 32
50 -2 27 111 84 43
51 -2 27 111 84 43
52 -2 27 100 73 32
53 -2 27 100 73 32
38 -1 27 100 73 32
39 -1 27 100 73 32
44 -1 27 111 84 43
45 -1 27 100 73 32
46 -1 27 100 73 32
47 -1 27 111 84 43
38 0 27 100 73 32
39 0 27 100 73 32
44 0 27 111 84 43
45 0 27 100 73 32
46 0 27 100 73 32
47 0 27 111 84 43
44 1 27 111 84 43
45 1 27 100 73 32
46 1 27 100 73 32
47 1 27 111 84 43
47 -3 28 100 73 32
48 -3 28 100 73 32
49 -3 28 111 84 43
50 -3 28 111 84 43
51 -3 28 100 73 32
52 -3 28 111 84 43
53 -3 28 111 84 43
44 -2 28 100 73 32
45 -2 28 111 84 43
46 -2 28 111 84 43
47 -2 28 100 73 32
48 -2 28 100 73 32
49 -2 28 100 73 32
50 -2 28 111 84 43
51 -2 28 111 84 43
52 -2 28 111 84 43
53 -2 28 100 73 32
38 -1 28 100 73 32
39 -1 28 100 73 32
44 -1 28 100 73 32
45 -1 28 100 73 32
46 -1 28 100 73 32
47 -1 28 111 84 43
38 0 28 100 73 32
39 0 28 100 73 32
44 0 28 100 73 32
45 0 28 100 73 32
46 0 28 100 73 32
47 0 28 100 73 32
44 1 28 100 73 32
45 1 28 100 73 32
46 1 28 100 73 32
47 1 28 100 73 32
34 -5 29 38 116 60
35 -5 29 38 116 60
36 -5 29 38 116 60
37 -5 29 38 116 60
38 -5 29 38 116 60
39 -5 29 38 116 60
40 -5 29 38 116 60
41 -5 29 38 116 60
34 -4 29 38 116 60
35 -4 29 38 116 60
36 -4 29 38 116 60
37 -4 29 38 116 60
38 -4 29 38 116 60
39 -4 29 38 116 60
40 -4 29 38 116 60
41 -4 29 38 116 60
34 -3 29 38 116 60
35 -3 29 38 116 60
36 -3 29 38 116 60
37 -3 29 38 116 60
38 -3 29 38 116 60
39 -3 29 38 116 60
40 -3 29 38 116 60
41 -3 29 38 116 60
52 -3 29 111 84 43
53 -3 29 111 84 43
34 -2 29 38 116 60
35 -2 29 38 116 60
36 -2 29 38 116 60
37 -2 29 38 116 60
38 -2 29 38 116 60
39 -2 29 38 116 60
40 -2 29 38 116 60
41 -2 29 38 116 60
44 -2 29 100 73 32
45 -2 29 100 73 32
46 -2 29 111 84 43
47 -2 29 111 84 43
52 -2 29 100 73 32
53 -2 29 111 84 43
34 -1 29 38 116 60
35 -1 29 38 116 60
36 -1 29 38 116 60
37 -1 29 38 116 60
38 -1 29 100 73 32
39 -1 29 100 73 32
40 -1 29 38 116 60
41 -1 29 38 116 60
44 -1 29 100 73 32
45 -1 29 100 73 32
46 -1 29 100 73 32
47 -1 29 111 84 43
34 0 29 38 116 60
35 0 29 38 116 60
36 0 29 38 116 60
37 0 29 38 116 60
38 0 29 100 73 32
39 0 29 100 73 32
40 0 29 38 116 60
41 0 29 38 116 60
44 0 29 111 84 43
45 0 29 100 73 32
46 0 29 100 73 32
47 0 29 100 73 32
34 1 29 38 116 60
35 1 29 38 116 60
36 1 29 38 116 60
37 1 29 38 116 60
38 1 29 38 116 60
39 1 29 38 116 60
40 1 29 38 116 60
41 1 29 38 116 60
44 1 29 111 84 43
45 1 29 111 84 43
46 1 29 111 84 43
47 1 29 100 73 32
34 2 29 38 116 60
35 2 29 38 116 60
36 2 29 38 116 60
37 2 29 38 116 60
38 2 29 38 116 60
39 2 29 38 116 60
40 2 29 38 116 60
41 2 29 38 116 60
34 3 29 38 116 60
35 3 29 38 116 60
36 3 29 38 116 60
37 3 29 38 116 60
38 3 29 38 116 60
39 3 29 38 116 60
40 3 29 38 116 60
41 3 29 38 116 60
34 4 29 38 116 60
35 4 29 38 116 60
36 4 29 38 116 60
37 4 29 38 116 60
38 4 29 38 116 60
39 4 29 38 116 60
40 4 29 38 116 60
41 4 29 38 116 60
39 -8 30 42 130 67
40 -8 30 42 130 67
41 -8 30 42 130 67
42 -8 30 42 130 67
43 -8 30 42 130 67
44 -8 30 42 130 67
45 -8 30 42 130 67
46 -8 30 42 130 67
47 -8 30 42 130 67
48 -8 30 42 130 67
49 -8 30 42 130 67
50 -8 30 42 130 67
51 -8 30 42 130 67
52 -8 30 42 130 67
53 -8 30 42 130 67
54 -8 30 42 130 67
39 -7 30 42 130 67
40 -7 30 42 130 67
41 -7 30 42 130 67
42 -7 30 42 130 67
43 -7 30 42 130 67
44 -7 30 42 130 67
45 -7 30 42 130 67
46 -7 30 42 130 67
47 -7 30 42 130 67
48 -7 30 42 130 67
49 -7 30 42 130 67
50 -7 30 42 130 67
51 -7 30 42 130 67
52 -7 30 42 130 67
53 -7 30 42 130 67
54 -7 30 42 130 67
39 -6 30 42 130 67
40 -6 30 42 130 67
41 -6 30 42 130 67
42 -6 30 42 130 67
43 -6 30 42 130 67
44 -6 30 42 130 67
45 -6 30 42 130 67
46 -6 30 42 130 67
47 -6 30 42 130 67
48 -6 30 42 130 67
49 -6 30 42 130 67
50 -6 30 42 130 67
51 -6 30 42 130 67
52 -6 30 42 130 67
53 -6 30 42 130 67
54 -6 30 42 130 67
34 -5 30 38 116 60
35 -5 30 38 116 60
36 -5 30 38 116 60
37 -5 30 38 116 60
38 -5 30 38 116 60
39 -5 30 42 130 67
40 -5 30 42 130 67
41 -5 30 42 130 67
42 -5 30 42 130 67
43 -5 30 42 130 67
44 -5 30 42 130 67
45 -5 30 42 130 67
46 -5 30 42 130 67
47 -5 30 42 130 67
48 -5 30 42 130 67
49 -5 30 42 130 67
50 -5 30 42 130 67
51 -5 30 42 130 67
52 -5 30 42 130 67
53 -5 30 42 130 67
54 -5 30 42 130 67
34 -4 30 38 116 60
35 -4 30 38 116 60
36 -4 30 38 116 60
37 -4 30 38 116 60
38 -4 30 38 116 60
39 -4 30 42 130 67
40 -4 30 42 130 67
41 -4 30 42 130 67
42 -4 30 42 130 67
43 -4 30 42 130 67
44 -4 30 42 130 67
45 -4 30 42 130 67
46 -4 30 42 130 67
47 -4 30 42 130 67
48 -4 30 42 130 67
49 -4 30 42 130 67
50 -4 30 42 130 67
51 -4 30 42 130 67
52 -4 30 42 130 67
53 -4 30 42 130 67
54 -4 30 42 130 67
34 -3 30 38 116 60
35 -3 30 38 116 60
36 -3 30 42 130 67
37 -3 30 42 130 67
38 -3 30 42 130 67
39 -3 30 42 130 67
40 -3 30 42 130 67
41 -3 30 42 130 67
42 -3 30 42 130 67
43 -3 30 42 130 67
44 -3 30 42 130 67
45 -3 30 42 130 67
46 -3 30 42 130 67
47 -3 30 42 130 67
48 -3 30 42 130 67
49 -3 30 42 130 67
50 -3 30 42 130 67
51 -3 30 42 130 67
52 -3 30 42 130 67
53 -3 30 42 130 67
54 -3 30 42 130 67
34 -2 30 38 116 60
35 -2 30 38 116 60
36 -2 30 42 130 67
37 -2 30 42 130 67
38 -2 30 42 130 67
39 -2 30 42 130 67
40 -2 30 42 130 67
41 -2 30 42 130 67
42 -2 30 42 130 67
43 -2 30 42 130 67
44 -2 30 42 130 67
45 -2 30 42 130 67
46 -2 30 42 130 67
47 -2 30 42 130 67
48 -2 30 42 130 67
49 -2 30 42 130 67
50 -2 30 42 130 67
51 -2 30 42 130 67
52 -2 30 42 130 67
53 -2 30 42 130 67
54 -2 30 42 130 67
34 -1 30 38 116 60
35 -1 30 38 116 60
36 -1 30 42 130 67
37 -1 30 42 130 67
38 -1 30 100 73 32
39 -1 30 100 73 32
40 -1 30 42 130 67
41 -1 30 42 130 67
42 -1 30 42 130 67
43 -1 30 42 130 67
44 -1 30 42 130 67
45 -1 30 42 130 67
46 -1 30 42 130 67
47 -1 30 42 130 67
48 -1 30 42 130 67
49 -1 30 42 130 67
50 -1 30 42 130 67
51 -1 30 42 130 67
52 -1 30 42 130 67
53 -1 30 42 130 67
54 -1 30 42 130 67
34 0 30 38 116 60
35 0 30 38 116 60
36 0 30 42 130 67
37 0 30 42 130 67
38 0 30 100 73 32
39 0 30 100 73 32
40 0 30 42 130 67
41 0 30 42 130 67
42 0 30 42 130 67
43 0 30 42 130 67
44 0 30 42 130 67
45 0 30 42 130 67
46 0 30 42 130 67
47 0 30 42 130 67
48 0 30 42 130 67
49 0 30 42 130 67
50 0 30 42 130 67
51 0 30 42 130 67
52 0 30 42 130 67
53 0 30 42 130 67
54 0 30 42 130 67
34 1 30 38 116 60
35 1 30 38 116 60
36 1 30 42 130 67
37 1 30 42 130 67
38 1 30 42 130 67
39 1 30 42 130 67
40 1 30 42 130 67
41 1 30 42 130 67
42 1 30 42 130 67
43 1 30 42 130 67
44 1 30 42 130 67
45 1 30 42 130 67
46 1 30 42 130 67
47 1 30 42 130 67
48 1 30 42 130 67
49 1 30 42 130 67
50 1 30 42 130 67
51 1 30 42 130 67
52 1 30 42 130 67
53 1 30 42 130 67
54 1 30 42 130 67
34 2 30 38 116 60
35 2 30 38 116 60
36 2 30 42 130 67
37 2 30 42 130 67
38 2 30 42 130 67
39 2 30 42 130 67
40 2 30 42 130 67
41 2 30 42 130 67
42 2 30 42 130 67
43 2 30 42 130 67
44 2 30 42 130 67
45 2 30 42 130 67
46 2 30 42 130 67
47 2 30 42 130 67
48 2 30 42 130 67
49 2 30 42 130 67
50 2 30 42 130 67
51 2 30 42 130 67
52 2 30 42 130 67
53 2 30 42 130 67
54 2 30 42 130 67
34 3 30 38 116 60
35 3 30 38 116 60
36 3 30 38 116 60
37 3 30 38 116 60
38 3 30 38 116 60
39 3 30 42 130 67
40 3 30 42 130 67
41 3 30 42 130 67
42 3 30 42 130 67
43 3 30 42 130 67
44 3 30 42 130 67
45 3 30 42 130 67
46 3 30 42 130 67
47 3 30 42 130 67
48 3 30 42 130 67
49 3 30 42 130 67
50 3 30 42 130 67
51 3 30 42 130 67
52 3 30 42 130 67
53 3 30 42 130 67
54 3 30 42 130 67
34 4 30 38 116 60
35 4 30 38 116 60
36 4 30 38 116 60
37 4 30 38 116 60
38 4 30 38 116 60
39 4 30 42 130 67
40 4 30 42 130 67
41 4 30 42 130 67
42 4 30 42 130 67
43 4 30 42 130 67
44 4 30 42 130 67
45 4 30 42 130 67
46 4 30 42 130 67
47 4 30 42 130 67
48 4 30 42 130 67
49 4 30 42 130 67
50 4 30 42 130 67
51 4 30 42 130 67
52 4 30 42 130 67
53 4 30 42 130 67
54 4 30 42 130 67
39 5 30 42 130 67
40 5 30 42 130 67
41 5 30 42 130 67
42 5 30 42 130 67
43 5 30 42 130 67
44 5 30 42 130 67
45 5 30 42 130 67
46 5 30 42 130 67
47 5 30 42 130 67
48 5 30 42 130 67
49 5 30 42 130 67
50 5 30 42 130 67
51 5 30 42 130 67
52 5 30 42 130 67
53 5 30 42 130 67
54 5 30 42 130 67
39 -8 31 38 116 60
40 -8 31 38 116 60
41 -8 31 38 116 60
42 -8 31 38 116 60
43 -8 31 38 116 60
44 -8 31 38 116 60
45 -8 31 38 116 60
46 -8 31 38 116 60
47 -8 31 38 116 60
48 -8 31 38 116 60
49 -8 31 38 116 60
50 -8 31 38 116 60
51 -8 31 38 116 60
52 -8 31 38 116 60
53 -8 31 38 116 60
54 -8 31 38 116 60
39 -7 31 38 116 60
40 -7 31 38 116 60
41 -7 31 38 116 60
42 -7 31 38 116 60
43 -7 31 38 116 60
44 -7 31 38 116 60
45 -7 31 38 116 60
46 -7 31 38 116 60
47 -7 31 38 116 60
48 -7 31 38 116 60
49 -7 31 38 116 60
50 -7 31 38 116 60
51 -7 31 38 116 60
52 -7 31 38 116 60
53 -7 31 38 116 60
54 -7 31 38 116 60
39 -6 31 38 116 60
40 -6 31 38 116 60
41 -6 31 38 116 60
42 -6 31 38 116 60
43 -6 31 38 116 60
44 -6 31 38 116 60
45 -6 31 38 116 60
46 -6 31 38 116 60
47 -6 31 38 116 60
48 -6 31 38 116 60
49 -6 31 38 116 60
50 -6 31 38 116 60
51 -6 31 38 116 60
52 -6 31 38 116 60
53 -6 31 38 116 60
54 -6 31 38 116 60
34 -5 31 42 130 67
35 -5 31 42 130 67
36 -5 31 42 130 67
37 -5 31 42 130 67
38 -5 31 42 130 67
39 -5 31 38 116 60
40 -5 31 38 116 60
41 -5 31 38 116 60
42 -5 31 38 116 60
43 -5 31 38 116 60
44 -5 31 38 116 60
45 -5 31 38 116 60
46 -5 31 38 116 60
47 -5 31 38 116 60
48 -5 31 38 116 60
49 -5 31 38 116 60
50 -5 31 38 116 60
51 -5 31 38 116 60
52 -5 31 38 116 60
53 -5 31 38 116 60
54 -5 31 38 116 60
34 -4 31 42 130 67
35 -4 31 42 130 67
36 -4 31 42 130 67
37 -4 31 42 130 67
38 -4 31 42 130 67
39 -4 31 38 116 60
40 -4 31 38 116 60
41 -4 31 38 116 60
42 -4 31 38 116 60
43 -4 31 38 116 60
44 -4 31 38 116 60
45 -4 31 38 116 60
46 -4 31 38 116 60
47 -4 31 38 116 60
48 -4 31 38 116 60
49 -4 31 38 116 60
50 -4 31 38 116 60
51 -4 31 38 116 60
52 -4 31 38 116 60
53 -4 31 38 116 60
54 -4 31 38 116 60
34 -3 31 42 130 67
35 -3 31 42 130 67
36 -3 31 42 130 67
37 -3 31 42 130 67
38 -3 31 42 130 67
39 -3 31 38 116 60
40 -3 31 38 116 60
41 -3 31 38 116 60
42 -3 31 38 116 60
43 -3 31 38 116 60
44 -3 31 38 116 60
45 -3 31 38 116 60
46 -3 31 38 116 60
47 -3 31 38 116 60
48 -3 31 38 116 60
49 -3 31 38 116 60
50 -3 31 38 116 60
51 -3 31 38 116 60
52 -3 31 38 116 60
53 -3 31 38 116 60
54 -3 31 38 116 60
34 -2 31 42 130 67
35 -2 31 42 130 67
36 -2 31 42 130 67
37 -2 31 42 130 67
38 -2 31 42 130 67
39 -2 31 38 116 60
40 -2 31 38 116 60
41 -2 31 38 116 60
42 -2 31 38 116 60
43 -2 31 38 116 60
44 -2 31 38 116 60
45 -2 31 38 116 60
46 -2 31 38 116 60
47 -2 31 38 116 60
48 -2 31 38 116 60
49 -2 31 38 116 60
50 -2 31 38 116 60
51 -2 31 38 116 60
52 -2 31 38 116 60
53 -2 31 38 116 60
54 -2 31 38 116 60
34 -1 31 42 130 67
35 -1 31 42 130 67
36 -1 31 42 130 67
37 -1 31 42 130 67
38 -1 31 42 130 67
39 -1 31 38 116 60
40 -1 31 38 116 60
41 -1 31 38 116 60
42 -1 31 38 116 60
43 -1 31 38 116 60
44 -1 31 38 116 60
45 -1 31 38 116 60
46 -1 31 38 116 60
47 -1 31 38 116 60
48 -1 31 38 116 60
49 -1 31 38 116 60
50 -1 31 38 116 60
51 -1 31 38 116 60
52 -1 31 38 116 60
53 -1 31 38 116 60
54 -1 31 38 116 60
34 0 31 42 130 67
35 0 31 42 130 67
36 0 31 42 130 67
37 0 31 42 130 67
38 0 31 42 130 67
39 0 31 38 116 60
40 0 31 38 116 60
41 0 31 38 116 60
42 0 31 38 116 60
43 0 31 38 116 60
44 0 31 38 116 60
45 0 31 38 116 60
46 0 31 38 116 60
47 0 31 38 116 60
48 0 31 38 116 60
49 0 31 38 116 60
50 0 31 38 116 60
51 0 31 38 116 60
52 0 31 38 116 60
53 0 31 38 116 60
54 0 31 38 116 60
34 1 31 42 130 67
35 1 31 42 130 67
36 1 31 42 130 67
37 1 31 42 130 67
38 1 31 42 130 67
39 1 31 38 116 60
40 1 31 38 116 60
41 1 31 38 116 60
42 1 31 38 116 60
43 1 31 38 116 60
44 1 31 38 116 60
45 1 31 38 116 60
46 1 31 38 116 60
47 1 31 38 116 60
48 1 31 38 116 60
49 1 31 38 116 60
50 1 31 38 116 60
51 1 31 38 116 60
52 1 31 38 116 60
53 1 31 38 116 60
54 1 31 38 116 60
34 2 31 42 130 67
35 2 31 42 130 67
36 2 31 42 130 67
37 2 31 42 130 67
38 2 31 42 130 67
39 2 31 38 116 60
40 2 31 38 116 60
41 2 31 38 116 60
42 2 31 38 116 60
43 2 31 38 116 60
44 2 31 38 116 60
45 2 31 38 116 60
46 2 31 38 116 60
47 2 31 38 116 60
48 2 31 38 116 60
49 2 31 38 116 60
50 2 31 38 116 60
51 2 31 38 116 60
52 2 31 38 116 60
53 2 31 38 116 60
54 2 31 38 116 60
34 3 31 42 130 67
35 3 31 42 130 67
36 3 31 42 130 67
37 3 31 42 130 67
38 3 31 42 130 67
39 3 31 38 116 60
40 3 31 38 116 60
41 3 31 38 116 60
42 3 31 38 116 60
43 3 31 38 116 60
44 3 31 38 116 60
45 3 31 38 116 60
46 3 31 38 116 60
47 3 31 38 116 60
48 3 31 38 116 60
49 3 31 38 116 60
50 3 31 38 116 60
51 3 31 38 116 60
52 3 31 38 116 60
53 3 31 38 116 60
54 3 31 38 116 60
34 4 31 42 130 67
35 4 31 42 130 67
36 4 31 42 130 67
37 4 31 42 130 67
38 4 31 42 130 67
39 4 31 38 116 60
40 4 31 38 116 60
41 4 31 38 116 60
42 4 31 38 116 60
43 4 31 38 116 60
44 4 31 38 116 60
45 4 31 38 116 60
46 4 31 38 116 60
47 4 31 38 116 60
48 4 31 38 116 60
49 4 31 38 116 60
50 4 31 38 116 60
51 4 31 38 116 60
52 4 31 38 116 60
53 4 31 38 116 60
54 4 31 38 116 60
39 5 31 38 116 60
40 5 31 38 116 60
41 5 31 38 116 60
42 5 31 38 116 60
43 5 31 38 116 60
44 5 31 38 116 60
45 5 31 38 116 60
46 5 31 38 116 60
47 5 31 38 116 60
48 5 31 38 116 60
49 5 31 38 116 60
50 5 31 38 116 60
51 5 31 38 116 60
52 5 31 38 116 60
53 5 31 38 116 60
54 5 31 38 116 60
39 -8 32 42 130 67
40 -8 32 42 130 67
41 -8 32 42 130 67
42 -8 32 42 130 67
43 -8 32 42 130 67
44 -8 32 42 130 67
45 -8 32 42 130 67
46 -8 32 42 130 67
47 -8 32 42 130 67
48 -8 32 42 130 67
49 -8 32 42 130 67
50 -8 32 42 130 67
51 -8 32 42 130 67
52 -8 32 42 130 67
53 -8 32 42 130 67
54 -8 32 42 130 67
39 -7 32 42 130 67
40 -7 32 42 130 67
41 -7 32 42 130 67
42 -7 32 42 130 67
43 -7 32 42 130 67
44 -7 32 42 130 67
45 -7 32 42 130 67
46 -7 32 42 130 67
47 -7 32 42 130 67
48 -7 32 42 130 67
49 -7 32 42 130 67
50 -7 32 42 130 67
51 -7 32 38 116 60
52 -7 32 38 116 60
53 -7 32 38 116 60
54 -7 32 38 116 60
55 -7 32 38 116 60
56 -7 32 38 116 60
57 -7 32 38 116 60
58 -7 32 38 116 60
59 -7 32 38 116 60
39 -6 32 42 130 67
40 -6 32 42 130 67
41 -6 32 42 130 67
42 -6 32 42 130 67
43 -6 32 42 130 67
44 -6 32 42 130 67
45 -6 32 42 130 67
46 -6 32 42 130 67
47 -6 32 42 130 67
48 -6 32 42 130 67
49 -6 32 42 130 67
50 -6 32 42 130 67
51 -6 32 38 116 60
52 -6 32 38 116 60
53 -6 32 38 116 60
54 -6 32 38 116 60
55 -6 32 38 116 60
56 -6 32 38 116 60
57 -6 32 38 116 60
58 -6 32 38 116 60
59 -6 32 38 116 60
34 -5 32 38 116 60
35 -5 32 38 116 60
36 -5 32 38 116 60
37 -5 32 38 116 60
38 -5 32 38 116 60
39 -5 32 42 130 67
40 -5 32 42 130 67
41 -5 32 42 130 67
42 -5 32 42 130 67
43 -5 32 42 130 67
44 -5 32 42 130 67
45 -5 32 42 130 67
46 -5 32 42 130 67
47 -5 32 42 130 67
48 -5 32 42 130 67
49 -5 32 42 130 67
50 -5 32 42 130 67
51 -5 32 38 116 60
52 -5 32 38 116 60
53 -5 32 38 116 60
54 -5 32 38 116 60
55 -5 32 38 116 60
56 -5 32 38 116 60
57 -5 32 38 116 60
58 -5 32 38 116 60
59 -5 32 38 116 60
34 -4 32 38 116 60
35 -4 32 38 116 60
36 -4 32 38 116 60
37 -4 32 38 116 60
38 -4 32 38 116 60
39 -4 32 42 130 67
40 -4 32 42 130 67
41 -4 32 42 130 67
42 -4 32 42 130 67
43 -4 32 42 130 67
44 -4 32 42 130 67
45 -4 32 42 130 67
46 -4 32 42 130 67
47 -4 32 42 130 67
48 -4 32 42 130 67
49 -4 32 42 130 67
50 -4 32 42 130 67
51 -4 32 38 116 60
52 -4 32 38 116 60
53 -4 32 38 116 60
54 -4 32 38 116 60
55 -4 32 38 116 60
56 -4 32 38 116 60
57 -4 32 38 116 60
58 -4 32 38 116 60
59 -4 32 38 116 60
34 -3 32 38 116 60
35 -3 32 38 116 60
36 -3 32 38 116 60
37 -3 32 38 116 60
38 -3 32 38 116 60
39 -3 32 42 130 67
40 -3 32 42 130 67
41 -3 32 42 130 67
42 -3 32 42 130 67
43 -3 32 42 130 67
44 -3 32 42 130 67
45 -3 32 42 130 67
46 -3 32 42 130 67
47 -3 32 42 130 67
48 -3 32 42 130 67
49 -3 32 42 130 67
50 -3 32 42 130 67
51 -3 32 38 116 60
52 -3 32 38 116 60
53 -3 32 38 116 60
54 -3 32 38 116 60
55 -3 32 38 116 60
56 -3 32 38 116 60
57 -3 32 38 116 60
58 -3 32 38 116 60
59 -3 32 38 116 60
34 -2 32 38 116 60
35 -2 32 38 116 60
36 -2 32 38 116 60
37 -2 32 38 116 60
38 -2 32 38 116 60
39 -2 32 42 130 67
40 -2 32 42 130 67
41 -2 32 42 130 67
42 -2 32 42 130 67
43 -2 32 42 130 67
44 -2 32 42 130 67
45 -2 32 42 130 67
46 -2 32 42 130 67
47 -2 32 42 130 67
48 -2 32 42 130 67
49 -2 32 42 130 67
50 -2 32 42 130 67
51 -2 32 38 116 60
52 -2 32 38 116 60
53 -2 32 38 116 60
54 -2 32 38 116 60
55 -2 32 38 116 60
56 -2 32 38 116 60
57 -2 32 38 116 60
58 -2 32 38 116 60
59 -2 32 38 116 60
34 -1 32 38 116 60
35 -1 32 38 116 60
36 -1 32 38 116 60
37 -1 32 38 116 60
38 -1 32 38 116 60
39 -1 32 42 130 67
40 -1 32 42 130 67
41 -1 32 42 130 67
42 -1 32 42 130 67
43 -1 32 42 130 67
44 -1 32 42 130 67
45 -1 32 42 130 67
46 -1 32 42 130 67
47 -1 32 42 130 67
48 -1 32 42 130 67
49 -1 32 42 130 67
50 -1 32 42 130 67
51 -1 32 38 116 60
52 -1 32 38 116 60
53 -1 32 38 116 60
54 -1 32 38 116 60
55 -1 32 38 116 60
56 -1 32 38 116 60
57 -1 32 38 116 60
58 -1 32 38 116 60
59 -1 32 38 116 60
34 0 32 38 116 60
35 0 32 38 116 60
36 0 32 38 116 60
37 0 32 38 116 60
38 0 32 38 116 60
39 0 32 42 130 67
40 0 32 42 130 67
41 0 32 42 130 67
42 0 32 42 130 67
43 0 32 42 130 67
44 0 32 42 130 67
45 0 32 42 130 67
46 0 32 42 130 67
47 0 32 42 130 67
48 0 32 42 130 67
49 0 32 42 130 67
50 0 32 42 130 67
51 0 32 38 116 60
52 0 32 38 116 60
53 0 32 38 116 60
54 0 32 38 116 60
55 0 32 38 116 60
56 0 32 38 116 60
57 0 32 38 116 60
58 0 32 38 116 60
59 0 32 38 116 60
34 1 32 38 116 60
35 1 32 38 116 60
36 1 32 38 116 60
37 1 32 38 116 60
38 1 32 38 116 60
39 1 32 42 130 67
40 1 32 42 130 67
41 1 32 42 130 67
42 1 32 42 130 67
43 1 32 42 130 67
44 1 32 42 130 67
45 1 32 42 130 67
46 1 32 42 130 67
47 1 32 42 130 67
48 1 32 42 130 67
49 1 32 42 130 67
50 1 32 42 130 67
51 1 32 38 116 60
52 1 32 38 116 60
53 1 32 38 116 60
54 1 32 38 116 60
55 1 32 38 116 60
56 1 32 38 116 60
57 1 32 38 116 60
58 1 32 38 116 60
59 1 32 38 116 60
34 2 32 38 116 60
35 2 32 38 116 60
36 2 32 38 116 60
37 2 32 38 116 60
38 2 32 38 116 60
39 2 32 42 130 67
40 2 32 42 130 67
41 2 32 42 130 67
42 2 32 42 130 67
43 2 32 42 130 67
44 2 32 42 130 67
45 2 32 42 130 67
46 2 32 42 130 67
47 2 32 42 130 67
48 2 32 42 130 67
49 2 32 42 130 67
50 2 32 42 130 67
51 2 32 38 116 60
52 2 32 38 116 60
53 2 32 38 116 60
54 2 32 38 116 60
55 2 32 38 116 60
56 2 32 38 116 60
57 2 32 38 116 60
58 2 32 38 116 60
59 2 32 38 116 60
34 3 32 38 116 60
35 3 32 38 116 60
36 3 32 38 116 60
37 3 32 38 116 60
38 3 32 38 116 60
39 3 32 42 130 67
40 3 32 42 130 67
41 3 32 42 130 67
42 3 32 42 130 67
43 3 32 42 130 67
44 3 32 42 130 67
45 3 32 42 130 67
46 3 32 42 130 67
47 3 32 42 130 67
48 3 32 42 130 67
49 3 32 42 130 67
50 3 32 42 130 67
51 3 32 38 116 60
52 3 32 38 116 60
53 3 32 38 116 60
54 3 32 38 116 60
55 3 32 38 116 60
56 3 32 38 116 60
57 3 32 38 116 60
58 3 32 38 116 60
59 3 32 38 116 60
34 4 32 38 116 60
35 4 32 38 116 60
36 4 32 38 116 60
37 4 32 38 116 60
38 4 32 38 116 60
39 4 32 42 130 67
40 4 32 42 130 67
41 4 32 42 130 67
42 4 32 42 130 67
43 4 32 42 130 67
44 4 32 42 130 67
45 4 32 42 130 67
46 4 32 42 130 67
47 4 32 42 130 67
48 4 32 42 130 67
49 4 32 42 130 67
50 4 32 42 130 67
51 4 32 38 116 60
52 4 32 38 116 60
53 4 32 38 116 60
54 4 32 42 130 67
39 5 32 42 130 67
40 5 32 42 130 67
41 5 32 42 130 67
42 5 32 42 130 67
43 5 32 42 130 67
44 5 32 42 130 67
45 5 32 42 130 67
46 5 32 42 130 67
47 5 32 42 130 67
48 5 32 42 130 67
49 5 32 42 130 67
50 5 32 42 130 67
51 5 32 42 130 67
52 5 32 42 130 67
53 5 32 42 130 67
54 5 32 42 130 67
39 -8 33 38 116 60
40 -8 33 38 116 60
41 -8 33 38 116 60
42 -8 33 38 116 60
43 -8 33 38 116 60
44 -8 33 38 116 60
45 -8 33 38 116 60
46 -8 33 38 116 60
47 -8 33 38 116 60
48 -8 33 38 116 60
49 -8 33 38 116 60
50 -8 33 38 116 60
51 -8 33 38 116 60
52 -8 33 38 116 60
53 -8 33 38 116 60
54 -8 33 38 116 60
39 -7 33 38 116 60
40 -7 33 38 116 60
41 -7 33 38 116 60
42 -7 33 38 116 60
43 -7 33 38 116 60
44 -7 33 38 116 60
45 -7 33 38 116 60
46 -7 33 38 116 60
47 -7 33 38 116 60
48 -7 33 38 116 60
49 -7 33 38 116 60
50 -7 33 38 116 60
51 -7 33 42 130 67
52 -7 33 42 130 67
53 -7 33 42 130 67
54 -7 33 42 130 67
55 -7 33 42 130 67
56 -7 33 42 130 67
57 -7 33 42 130 67
58 -7 33 42 130 67
59 -7 33 42 130 67
39 -6 33 38 116 60
40 -6 33 38 116 60
41 -6 33 38 116 60
42 -6 33 38 116 60
43 -6 33 38 116 60
44 -6 33 38 116 60
45 -6 33 38 116 60
46 -6 33 38 116 60
47 -6 33 38 116 60
48 -6 33 38 116 60
49 -6 33 38 116 60
50 -6 33 38 116 60
51 -6 33 42 130 67
52 -6 33 42 130 67
53 -6 33 42 130 67
54 -6 33 42 130 67
55 -6 33 42 130 67
56 -6 33 42 130 67
57 -6 33 42 130 67
58 -6 33 42 130 67
59 -6 33 42 130 67
34 -5 33 42 130 67
35 -5 33 42 130 67
36 -5 33 42 130 67
37 -5 33 42 130 67
38 -5 33 42 130 67
39 -5 33 38 116 60
40 -5 33 38 116 60
41 -5 33 38 116 60
42 -5 33 38 116 60
43 -5 33 38 116 60
44 -5 33 38 116 60
45 -5 33 38 116 60
46 -5 33 38 116 60
47 -5 33 38 116 60
48 -5 33 38 116 60
49 -5 33 38 116 60
50 -5 33 38 116 60
51 -5 33 42 130 67
52 -5 33 42 130 67
53 -5 33 42 130 67
54 -5 33 42 130 67
55 -5 33 42 130 67
56 -5 33 42 130 67
57 -5 33 42 130 67
58 -5 33 42 130 67
59 -5 33 42 130 67
34 -4 33 42 130 67
35 -4 33 42 130 67
36 -4 33 42 130 67
37 -4 33 42 130 67
38 -4 33 42 130 67
39 -4 33 38 116 60
40 -4 33 38 116 60
41 -4 33 38 116 60
42 -4 33 38 116 60
43 -4 33 38 116 60
44 -4 33 38 116 60
45 -4 33 38 116 60
46 -4 33 38 116 60
47 -4 33 38 116 60
48 -4 33 38 116 60
49 -4 33 38 116 60
50 -4 33 38 116 60
51 -4 33 42 130 67
52 -4 33 42 130 67
53 -4 33 42 130 67
54 -4 33 42 130 67
55 -4 33 42 130 67
56 -4 33 42 130 67
57 -4 33 42 130 67
58 -4 33 42 130 67
59 -4 33 42 130 67
34 -3 33 42 130 67
35 -3 33 42 130 67
36 -3 33 42 130 67
37 -3 33 42 130 67
38 -3 33 42 130 67
39 -3 33 38 116 60
40 -3 33 38 116 60
41 -3 33 38 116 60
42 -3 33 38 116 60
43 -3 33 38 116 60
44 -3 33 38 116 60
45 -3 33 38 116 60
46 -3 33 38 116 60
47 -3 33 38 116 60
48 -3 33 38 116 60
49 -3 33 38 116 60
50 -3 33 38 116 60
51 -3 33 42 130 67
52 -3 33 42 130 67
53 -3 33 42 130 67
54 -3 33 42 130 67
55 -3 33 42 130 67
56 -3 33 42 130 67
57 -3 33 42 130 67
58 -3 33 42 130 67
59 -3 33 42 130 67
34 -2 33 42 130 67
35 -2 33 42 130 67
36 -2 33 42 130 67
37 -2 33 42 130 67
38 -2 33 42 130 67
39 -2 33 38 116 60
40 -2 33 38 116 60
41 -2 33 38 116 60
42 -2 33 38 116 60
43 -2 33 38 116 60
44 -2 33 38 116 60
45 -2 33 38 116 60
46 -2 33 38 116 60
47 -2 33 38 116 60
48 -2 33 38 116 60
49 -2 33 38 116 60
50 -2 33 38 116 60
51 -2 33 42 130 67
52 -2 33 42 130 67
53 -2 33 42 130 67
54 -2 33 42 130 67
55 -2 33 42 130 67
56 -2 33 42 130 67
57 -2 33 42 130 67
58 -2 33 42 130 67
59 -2 33 42 130 67
34 -1 33 42 130 67
35 -1 33 42 130 67
36 -1 33 42 130 67
37 -1 33 42 130 67
38 -1 33 42 130 67
39 -1 33 38 116 60
40 -1 33 38 116 60
41 -1 33 38 116 60
42 -1 33 38 116 60
43 -1 33 38 116 60
44 -1 33 38 116 60
45 -1 33 38 116 60
46 -1 33 38 116 60
47 -1 33 38 116 60
48 -1 33 38 116 60
49 -1 33 38 116 60
50 -1 33 38 116 60
51 -1 33 42 130 67
52 -1 33 42 130 67
53 -1 33 42 130 67
54 -1 33 42 130 67
55 -1 33 42 130 67
56 -1 33 42 130 67
57 -1 33 42 130 67
58 -1 33 42 130 67
59 -1 33 42 130 67
34 0 33 42 130 67
35 0 33 42 130 67
36 0 33 42 130 67
37 0 33 42 130 67
38 0 33 42 130 67
39 0 33 38 116 60
40 0 33 38 116 60
41 0 33 38 116 60
42 0 33 38 116 60
43 0 33 38 116 60
44 0 33 38 116 60
45 0 33 38 116 60
46 0 33 38 116 60
47 0 33 38 116 60
48 0 33 38 116 60
49 0 33 38 116 60
50 0 33 38 116 60
51 0 33 42 130 67
52 0 33 42 130 67
53 0 33 42 130 67
54 0 33 42 130 67
55 0 33 42 130 67
56 0 33 42 130 67
57 0 33 42 130 67
58 0 33 42 130 67
59 0 33 42 130 67
34 1 33 42 130 67
35 1 33 42 130 67
36 1 33 42 130 67
37 1 33 42 130 67
38 1 33 42 130 67
39 1 33 38 116 60
40 1 33 38 116 60
41 1 33 38 116 60
42 1 33 38 116 60
43 1 33 38 116 60
44 1 33 38 116 60
45 1 33 38 116 60
46 1 33 38 116 60
47 1 33 38 116 60
48 1 33 38 116 60
49 1 33 38 116 60
50 1 33 38 116 60
51 1 33 42 130 67
52 1 33 42 130 67
53 1 33 42 130 67
54 1 33 42 130 67
55 1 33 42 130 67
56 1 33 42 130 67
57 1 33 42 130 67
58 1 33 42 130 67
59 1 33 42 130 67
34 2 33 42 130 67
35 2 33 42 130 67
36 2 33 42 130 67
37 2 33 42 130 67
38 2 33 42 130 67
39 2 33 38 116 60
40 2 33 38 116 60
41 2 33 38 116 60
42 2 33 38 116 60
43 2 33 38 116 60
44 2 33 38 116 60
45 2 33 38 116 60
46 2 33 38 116 60
47 2 33 38 116 60
48 2 33 38 116 60
49 2 33 38 116 60
50 2 33 38 116 60
51 2 33 38 116 60
52 2 33 38 116 60
53 2 33 38 116 60
54 2 33 38 116 60
55 2 33 38 116 60
56 2 33 42 130 67
57 2 33 42 130 67
58 2 33 42 130 67
59 2 33 42 130 67
34 3 33 42 130 67
35 3 33 42 130 67
36 3 33 42 130 67
37 3 33 42 130 67
38 3 33 42 130 67
39 3 33 38 116 60
40 3 33 38 116 60
41 3 33 38 116 60
42 3 33 38 116 60
43 3 33 38 116 60
44 3 33 38 116 60
45 3 33 38 116 60
46 3 33 38 116 60
47 3 33 38 116 60
48 3 33 38 116 60
49 3 33 38 116 60
50 3 33 38 116 60
51 3 33 38 116 60
52 3 33 38 116 60
53 3 33 38 116 60
54 3 33 38 116 60
55 3 33 42 130 67
56 3 33 42 130 67
57 3 33 42 130 67
58 3 33 42 130 67
59 3 33 42 130 67
34 4 33 42 130 67
35 4 33 42 130 67
36 4 33 42 130 67
37 4 33 42 130 67
38 4 33 42 130 67
39 4 33 38 116 60
40 4 33 38 116 60
41 4 33 38 116 60
42 4 33 38 116 60
43 4 33 38 116 60
44 4 33 38 116 60
45 4 33 38 116 60
46 4 33 38 116 60
47 4 33 38 116 60
48 4 33 38 116 60
49 4 33 38 116 60
50 4 33 38 116 60
51 4 33 38 116 60
52 4 33 38 116 60
53 4 33 38 116 60
54 4 33 38 116 60
39 5 33 38 116 60
40 5 33 38 116 60
41 5 33 38 116 60
42 5 33 38 116 60
43 5 33 38 116 60
44 5 33 38 116 60
45 5 33 38 116 60
46 5 33 38 116 60
47 5 33 38 116 60
48 5 33 38 116 60
49 5 33 38 116 60
50 5 33 38 116 60
51 5 33 38 116 60
52 5 33 38 116 60
53 5 33 38 116 60
54 5 33 38 116 60
39 -8 34 38 116 60
40 -8 34 38 116 60
41 -8 34 38 116 60
42 -8 34 38 116 60
43 -8 34 38 116 60
44 -8 34 38 116 60
45 -8 34 38 116 60
46 -8 34 38 116 60
47 -8 34 38 116 60
48 -8 34 38 116 60
49 -8 34 38 116 60
50 -8 34 38 116 60
51 -8 34 38 116 60
52 -8 34 38 116 60
53 -8 34 38 116 60
54 -8 34 38 116 60
39 -7 34 38 116 60
40 -7 34 38 116 60
41 -7 34 38 116 60
42 -7 34 38 116 60
43 -7 34 38 116 60
44 -7 34 38 116 60
45 -7 34 38 116 60
46 -7 34 38 116 60
47 -7 34 38 116 60
48 -7 34 38 116 60
49 -7 34 38 116 60
50 -7 34 38 116 60
51 -7 34 42 130 67
52 -7 34 42 130 67
53 -7 34 42 130 67
54 -7 34 42 130 67
55 -7 34 42 130 67
56 -7 34 42 130 67
57 -7 34 42 130 67
58 -7 34 42 130 67
59 -7 34 42 130 67
39 -6 34 38 116 60
40 -6 34 38 116 60
41 -6 34 38 116 60
42 -6 34 38 116 60
43 -6 34 38 116 60
44 -6 34 38 116 60
45 -6 34 38 116 60
46 -6 34 38 116 60
47 -6 34 38 116 60
48 -6 34 38 116 60
49 -6 34 38 116 60
50 -6 34 38 116 60
51 -6 34 42 130 67
52 -6 34 42 130 67
53 -6 34 42 130 67
54 -6 34 42 130 67
55 -6 34 42 130 67
56 -6 34 42 130 67
57 -6 34 42 130 67
58 -6 34 42 130 67
59 -6 34 42 130 67
34 -5 34 42 130 67
35 -5 34 42 130 67
36 -5 34 42 130 67
37 -5 34 42 130 67
38 -5 34 42 130 67
39 -5 34 38 116 60
40 -5 34 38 116 60
41 -5 34 38 116 60
42 -5 34 38 116 60
43 -5 34 38 116 60
44 -5 34 38 116 60
45 -5 34 38 116 60
46 -5 34 38 116 60
47 -5 34 38 116 60
48 -5 34 38 116 60
49 -5 34 38 116 60
50 -5 34 38 116 60
51 -5 34 42 130 67
52 -5 34 42 130 67
53 -5 34 42 130 67
54 -5 34 42 130 67
55 -5 34 42 130 67
56 -5 34 42 130 67
57 -5 34 42 130 67
58 -5 34 42 130 67
59 -5 34 42 130 67
34 -4 34 42 130 67
35 -4 34 42 130 67
36 -4 34 42 130 67
37 -4 34 42 130 67
38 -4 34 42 130 67
39 -4 34 38 116 60
40 -4 34 38 116 60
41 -4 34 38 116 60
42 -4 34 38 116 60
43 -4 34 38 116 60
44 -4 34 38 116 60
45 -4 34 38 116 60
46 -4 34 38 116 60
47 -4 34 38 116 60
48 -4 34 38 116 60
49 -4 34 38 116 60
50 -4 34 38 116 60
51 -4 34 42 130 67
52 -4 34 42 130 67
53 -4 34 42 130 67
54 -4 34 42 130 67
55 -4 34 42 130 67
56 -4 34 42 130 67
57 -4 34 42 130 67
58 -4 34 42 130 67
59 -4 34 42 130 67
34 -3 34 42 130 67
35 -3 34 42 130 67
36 -3 34 42 130 67
37 -3 34 42 130 67
38 -3 34 42 130 67
39 -3 34 38 116 60
40 -3 34 38 116 60
41 -3 34 38 116 60
42 -3 34 38 116 60
43 -3 34 38 116 60
44 -3 34 38 116 60
45 -3 34 38 116 60
46 -3 34 38 116 60
47 -3 34 38 116 60
48 -3 34 38 116 60
49 -3 34 38 116 60
50 -3 34 38 116 60
51 -3 34 42 130 67
52 -3 34 42 130 67
53 -3 34 42 130 67
54 -3 34 42 130 67
55 -3 34 42 130 67
56 -3 34 42 130 67
57 -3 34 42 130 67
58 -3 34 42 130 67
59 -3 34 42 130 67
34 -2 34 42 130 67
35 -2 34 42 130 67
36 -2 34 42 130 67
37 -2 34 42 130 67
38 -2 34 42 130 67
39 -2 34 38 116 60
40 -2 34 38 116 60
41 -2 34 38 116 60
42 -2 34 38 116 60
43 -2 34 38 116 60
44 -2 34 38 116 60
45 -2 34 38 116 60
46 -2 34 38 116 60
47 -2 34 38 116 60
48 -2 34 38 116 60
49 -2 34 38 116 60
50 -2 34 38 116 60
51 -2 34 42 130 67
52 -2 34 42 130 67
53 -2 34 42 130 67
54 -2 34 42 130 67
55 -2 34 42 130 67
56 -2 34 42 130 67
57 -2 34 42 130 67
58 -2 34 42 130 67
59 -2 34 42 130 67
34 -1 34 42 130 67
35 -1 34 42 130 67
36 -1 34 42 130 67
37 -1 34 42 130 67
38 -1 34 42 130 67
39 -1 34 38 116 60
40 -1 34 38 116 60
41 -1 34 38 116 60
42 -1 34 38 116 60
43 -1 34 38 116 60
44 -1 34 38 116 60
45 -1 34 38 116 60
46 -1 34 38 116 60
47 -1 34 38 116 60
48 -1 34 38 116 60
49 -1 34 38 116 60
50 -1 34 38 116 60
51 -1 34 42 130 67
52 -1 34 42 130 67
53 -1 34 42 130 67
54 -1 34 42 130 67
55 -1 34 42 130 67
56 -1 34 42 130 67
57 -1 34 42 130 67
58 -1 34 42 130 67
59 -1 34 42 130 67
34 0 34 42 130 67
35 0 34 42 130 67
36 0 34 42 130 67
37 0 34 42 130 67
38 0 34 42 130 67
39 0 34 38 116 60
40 0 34 38 116 60
41 0 34 38 116 60
42 0 34 38 116 60
43 0 34 38 116 60
44 0 34 38 116 60
45 0 34 38 116 60
46 0 34 38 116 60
47 0 34 38 116 60
48 0 34 38 116 60
49 0 34 38 116 60
50 0 34 38 116 60
51 0 34 42 130 67
52 0 34 42 130 67
53 0 34 42 130 67
54 0 34 42 130 67
55 0 34 42 130 67
56 0 34 42 130 67
57 0 34 42 130 67
58 0 34 42 130 67
59 0 34 42 130 67
34 1 34 42 130 67
35 1 34 42 130 67
36 1 34 42 130 67
37 1 34 42 130 67
38 1 34 42 130 67
39 1 34 38 116 60
40 1 34 38 116 60
41 1 34 38 116 60
42 1 34 38 116 60
43 1 34 38 116 60
44 1 34 38 116 60
45 1 34 38 116 60
46 1 34 38 116 60
47 1 34 38 116 60
48 1 34 38 116 60
49 1 34 38 116 60
50 1 34 38 116 60
51 1 34 42 130 67
52 1 34 42 130 67
53 1 34 42 130 67
54 1 34 42 130 67
55 1 34 42 130 67
56 1 34 42 130 67
57 1 34 42 130 67
58 1 34 42 130 67
59 1 34 42 130 67
34 2 34 42 130 67
35 2 34 42 130 67
36 2 34 42 130 67
37 2 34 42 130 67
38 2 34 42 130 67
39 2 34 38 116 60
40 2 34 38 116 60
41 2 34 38 116 60
42 2 34 38 116 60
43 2 34 38 116 60
44 2 34 38 116 60
45 2 34 38 116 60
46 2 34 38 116 60
47 2 34 38 116 60
48 2 34 38 116 60
49 2 34 38 116 60
50 2 34 38 116 60
51 2 34 38 116 60
52 2 34 38 116 60
53 2 34 38 116 60
54 2 34 38 116 60
55 2 34 38 116 60
56 2 34 42 130 67
57 2 34 42 130 67
58 2 34 42 130 67
59 2 34 42 130 67
34 3 34 42 130 67
35 3 34 42 130 67
36 3 34 42 130 67
37 3 34 42 130 67
38 3 34 42 130 67
39 3 34 38 116 60
40 3 34 38 116 60
41 3 34 38 116 60
42 3 34 38 116 60
43 3 34 38 116 60
44 3 34 38 116 60
45 3 34 38 116 60
46 3 34 38 116 60
47 3 34 38 116 60
48 3 34 38 116 60
49 3 34 38 116 60
50 3 34 38 116 60
51 3 34 38 116 60
52 3 34 38 116 60
53 3 34 38 116 60
54 3 34 38 116 60
55 3 34 42 130 67
56 3 34 42 130 67
57 3 34 42 130 67
58 3 34 42 130 67
59 3 34 42 130 67
34 4 34 42 130 67
35 4 34 42 130 67
36 4 34 42 130 67
37 4 34 42 130 67
38 4 34 42 130 67
39 4 34 38 116 60
40 4 34 38 116 60
41 4 34 38 116 60
42 4 34 38 116 60
43 4 34 38 116 60
44 4 34 38 116 60
45 4 34 38 116 60
46 4 34 38 116 60
47 4 34 38 116 60
48 4 34 38 116 60
49 4 34 38 116 60
50 4 34 38 116 60
51 4 34 38 116 60
52 4 34 38 116 60
53 4 34 38 116 60
54 4 34 38 116 60
39 5 34 38 116 60
40 5 34 38 116 60
41 5 34 38 116 60
42 5 34 38 116 60
43 5 34 38 116 60
44 5 34 38 116 60
45 5 34 38 116 60
46 5 34 38 116 60
47 5 34 38 116 60
48 5 34 38 116 60
49 5 34 38 116 60
50 5 34 38 116 60
51 5 34 38 116 60
52 5 34 38 116 60
53 5 34 38 116 60
54 5 34 38 116 60
39 -8 35 42 130 67
40 -8 35 42 130 67
41 -8 35 42 130 67
42 -8 35 42 130 67
43 -8 35 42 130 67
44 -8 35 42 130 67
45 -8 35 42 130 67
46 -8 35 42 130 67
47 -8 35 42 130 67
48 -8 35 42 130 67
49 -8 35 42 130 67
50 -8 35 42 130 67
51 -8 35 42 130 67
52 -8 35 42 130 67
53 -8 35 42 130 67
54 -8 35 42 130 67
39 -7 35 42 130 67
40 -7 35 42 130 67
41 -7 35 42 130 67
42 -7 35 42 130 67
43 -7 35 42 130 67
44 -7 35 42 130 67
45 -7 35 42 130 67
46 -7 35 42 130 67
47 -7 35 42 130 67
48 -7 35 42 130 67
49 -7 35 42 130 67
50 -7 35 42 130 67
51 -7 35 38 116 60
52 -7 35 38 116 60
53 -7 35 38 116 60
54 -7 35 38 116 60
55 -7 35 38 116 60
56 -7 35 38 116 60
57 -7 35 38 116 60
58 -7 35 38 116 60
59 -7 35 38 116 60
39 -6 35 42 130 67
40 -6 35 42 130 67
41 -6 35 42 130 67
42 -6 35 42 130 67
43 -6 35 42 130 67
44 -6 35 42 130 67
45 -6 35 42 130 67
46 -6 35 42 130 67
47 -6 35 42 130 67
48 -6 35 42 130 67
49 -6 35 42 130 67
50 -6 35 42 130 67
51 -6 35 38 116 60
52 -6 35 38 116 60
53 -6 35 38 116 60
54 -6 35 38 116 60
55 -6 35 38 116 60
56 -6 35 38 116 60
57 -6 35 38 116 60
58 -6 35 38 116 60
59 -6 35 38 116 60
34 -5 35 38 116 60
35 -5 35 38 116 60
36 -5 35 38 116 60
37 -5 35 38 116 60
38 -5 35 38 116 60
39 -5 35 42 130 67
40 -5 35 42 130 67
41 -5 35 42 130 67
42 -5 35 42 130 67
43 -5 35 42 130 67
44 -5 35 42 130 67
45 -5 35 42 130 67
46 -5 35 42 130 67
47 -5 35 42 130 67
48 -5 35 42 130 67
49 -5 35 42 130 67
50 -5 35 42 130 67
51 -5 35 38 116 60
52 -5 35 38 116 60
53 -5 35 38 116 60
54 -5 35 38 116 60
55 -5 35 38 116 60
56 -5 35 38 116 60
57 -5 35 38 116 60
58 -5 35 38 116 60
59 -5 35 38 116 60
34 -4 35 38 116 60
35 -4 35 38 116 60
36 -4 35 38 116 60
37 -4 35 38 116 60
38 -4 35 38 116 60
39 -4 35 42 130 67
40 -4 35 42 130 67
41 -4 35 42 130 67
42 -4 35 42 130 67
43 -4 35 42 130 67
44 -4 35 42 130 67
45 -4 35 42 130 67
46 -4 35 42 130 67
47 -4 35 42 130 67
48 -4 35 42 130 67
49 -4 35 42 130 67
50 -4 35 42 130 67
51 -4 35 38 116 60
52 -4 35 38 116 60
53 -4 35 38 116 60
54 -4 35 38 116 60
55 -4 35 38 116 60
56 -4 35 38 116 60
57 -4 35 38 116 60
58 -4 35 38 116 60
59 -4 35 38 116 60
34 -3 35 38 116 60
35 -3 35 38 116 60
36 -3 35 38 116 60
37 -3 35 38 116 60
38 -3 35 38 116 60
39 -3 35 42 130 67
40 -3 35 42 130 67
41 -3 35 42 130 67
42 -3 35 42 130 67
43 -3 35 42 130 67
44 -3 35 42 130 67
45 -3 35 42 130 67
46 -3 35 42 130 67
47 -3 35 42 130 67
48 -3 35 42 130 67
49 -3 35 42 130 67
50 -3 35 42 130 67
51 -3 35 38 116 60
52 -3 35 38 116 60
53 -3 35 38 116 60
54 -3 35 38 116 60
55 -3 35 38 116 60
56 -3 35 38 116 60
57 -3 35 38 116 60
58 -3 35 38 116 60
59 -3 35 38 116 60
34 -2 35 38 116 60
35 -2 35 38 116 60
36 -2 35 38 116 60
37 -2 35 38 116 60
38 -2 35 38 116 60
39 -2 35 42 130 67
40 -2 35 42 130 67
41 -2 35 42 130 67
42 -2 35 42 130 67
43 -2 35 42 130 67
44 -2 35 42 130 67
45 -2 35 42 130 67
46 -2 35 42 130 67
47 -2 35 42 130 67
48 -2 35 42 130 67
49 -2 35 42 130 67
50 -2 35 42 130 67
51 -2 35 38 116 60
52 -2 35 38 116 60
53 -2 35 38 116 60
54 -2 35 38 116 60
55 -2 35 38 116 60
56 -2 35 38 116 60
57 -2 35 38 116 60
58 -2 35 38 116 60
59 -2 35 38 116 60
34 -1 35 38 116 60
35 -1 35 38 116 60
36 -1 35 38 116 60
37 -1 35 38 116 60
38 -1 35 38 116 60
39 -1 35 42 130 67
40 -1 35 42 130 67
41 -1 35 42 130 67
42 -1 35 42 130 67
43 -1 35 42 130 67
44 -1 35 42 130 67
45 -1 35 42 130 67
46 -1 35 42 130 67
47 -1 35 42 130 67
48 -1 35 42 130 67
49 -1 35 42 130 67
50 -1 35 42 130 67
51 -1 35 38 116 60
52 -1 35 38 116 60
53 -1 35 38 116 60
54 -1 35 38 116 60
55 -1 35 38 116 60
56 -1 35 38 116 60
57 -1 35 38 116 60
58 -1 35 38 116 60
59 -1 35 38 116 60
34 0 35 38 116 60
35 0 35 38 116 60
36 0 35 38 116 60
37 0 35 38 116 60
38 0 35 38 116 60
39 0 35 42 130 67
40 0 35 42 130 67
41 0 35 42 130 67
42 0 35 42 130 67
43 0 35 42 130 67
44 0 35 42 130 67
45 0 35 42 130 67
46 0 35 42 130 67
47 0 35 42 130 67
48 0 35 42 130 67
49 0 35 42 130 67
50 0 35 42 130 67
51 0 35 38 116 60
52 0 35 38 116 60
53 0 35 38 116 60
54 0 35 38 116 60
55 0 35 38 116 60
56 0 35 38 116 60
57 0 35 38 116 60
58 0 35 38 116 60
59 0 35 38 116 60
34 1 35 38 116 60
35 1 35 38 116 60
36 1 35 38 116 60
37 1 35 38 116 60
38 1 35 38 116 60
39 1 35 42 130 67
40 1 35 42 130 67
41 1 35 42 130 67
42 1 35 42 130 67
43 1 35 42 130 67
44 1 35 42 130 67
45 1 35 42 130 67
46 1 35 42 130 67
47 1 35 42 130 67
48 1 35 42 130 67
49 1 35 42 130 67
50 1 35 42 130 67
51 1 35 38 116 60
52 1 35 38 116 60
53 1 35 38 116 60
54 1 35 38 116 60
55 1 35 38 116 60
56 1 35 38 116 60
57 1 35 38 116 60
58 1 35 38 116 60
59 1 35 38 116 60
34 2 35 38 116 60
35 2 35 38 116 60
36 2 35 38 116 60
37 2 35 38 116 60
38 2 35 38 116 60
39 2 35 42 130 67
40 2 35 42 130 67
41 2 35 42 130 67
42 2 35 42 130 67
43 2 35 42 130 67
44 2 35 42 130 67
45 2 35 42 130 67
46 2 35 42 130 67
47 2 35 42 130 67
48 2 35 42 130 67
49 2 35 42 130 67
50 2 35 42 130 67
51 2 35 38 116 60
52 2 35 38 116 60
53 2 35 38 116 60
54 2 35 38 116 60
55 2 35 38 116 60
56 2 35 38 116 60
57 2 35 38 116 60
58 2 35 38 116 60
59 2 35 38 116 60
34 3 35 38 116 60
35 3 35 38 116 60
36 3 35 38 116 60
37 3 35 38 116 60
38 3 35 38 116 60
39 3 35 42 130 67
40 3 35 42 130 67
41 3 35 42 130 67
42 3 35 42 130 67
43 3 35 42 130 67
44 3 35 42 130 67
45 3 35 42 130 67
46 3 35 42 130 67
47 3 35 42 130 67
48 3 35 42 130 67
49 3 35 42 130 67
50 3 35 42 130 67
51 3 35 38 116 60
52 3 35 38 116 60
53 3 35 38 116 60
54 3 35 38 116 60
55 3 35 38 116 60
56 3 35 38 116 60
57 3 35 38 116 60
58 3 35 38 116 60
59 3 35 38 116 60
34 4 35 38 116 60
35 4 35 38 116 60
36 4 35 38 116 60
37 4 35 38 116 60
38 4 35 38 116 60
39 4 35 42 130 67
40 4 35 42 130 67
41 4 35 42 130 67
42 4 35 42 130 67
43 4 35 42 130 67
44 4 35 42 130 67
45 4 35 42 130 67
46 4 35 42 130 67
47 4 35 42 130 67
48 4 35 42 130 67
49 4 35 42 130 67
50 4 35 42 130 67
51 4 35 38 116 60
52 4 35 38 116 60
53 4 35 38 116 60
54 4 35 42 130 67
39 5 35 42 130 67
40 5 35 42 130 67
41 5 35 42 130 67
42 5 35 42 130 67
43 5 35 42 130 67
44 5 35 42 130 67
45 5 35 42 130 67
46 5 35 42 130 67
47 5 35 42 130 67
48 5 35 42 130 67
49 5 35 42 130 67
50 5 35 42 130 67
51 5 35 42 130 67
52 5 35 42 130 67
53 5 35 42 130 67
54 5 35 42 130 67
39 -8 36 42 130 67
40 -8 36 42 130 67
41 -8 36 42 130 67
42 -8 36 42 130 67
43 -8 36 42 130 67
44 -8 36 42 130 67
45 -8 36 42 130 67
46 -8 36 42 130 67
47 -8 36 42 130 67
48 -8 36 42 130 67
49 -8 36 42 130 67
50 -8 36 42 130 67
51 -8 36 42 130 67
52 -8 36 42 130 67
53 -8 36 42 130 67
54 -8 36 42 130 67
39 -7 36 42 130 67
40 -7 36 42 130 67
41 -7 36 42 130 67
42 -7 36 42 130 67
43 -7 36 42 130 67
44 -7 36 42 130 67
45 -7 36 42 130 67
46 -7 36 42 130 67
47 -7 36 42 130 67
48 -7 36 42 130 67
49 -7 36 42 130 67
50 -7 36 42 130 67
51 -7 36 38 116 60
52 -7 36 38 116 60
53 -7 36 38 116 60
54 -7 36 38 116 60
55 -7 36 38 116 60
56 -7 36 38 116 60
57 -7 36 38 116 60
58 -7 36 38 116 60
59 -7 36 38 116 60
39 -6 36 42 130 67
40 -6 36 42 130 67
41 -6 36 42 130 67
42 -6 36 42 130 67
43 -6 36 42 130 67
44 -6 36 42 130 67
45 -6 36 42 130 67
46 -6 36 42 130 67
47 -6 36 42 130 67
48 -6 36 42 130 67
49 -6 36 42 130 67
50 -6 36 42 130 67
51 -6 36 38 116 60
52 -6 36 38 116 60
53 -6 36 38 116 60
54 -6 36 38 116 60
55 -6 36 38 116 60
56 -6 36 38 116 60
57 -6 36 38 116 60
58 -6 36 38 116 60
59 -6 36 38 116 60
34 -5 36 38 116 60
35 -5 36 38 116 60
36 -5 36 38 116 60
37 -5 36 38 116 60
38 -5 36 38 116 60
39 -5 36 42 130 67
40 -5 36 42 130 67
41 -5 36 42 130 67
42 -5 36 42 130 67
43 -5 36 42 130 67
44 -5 36 42 130 67
45 -5 36 42 130 67
46 -5 36 42 130 67
47 -5 36 42 130 67
48 -5 36 42 130 67
49 -5 36 42 130 67
50 -5 36 42 130 67
51 -5 36 38 116 60
52 -5 36 38 116 60
53 -5 36 38 116 60
54 -5 36 38 116 60
55 -5 36 38 116 60
56 -5 36 38 116 60
57 -5 36 38 116 60
58 -5 36 38 116 60
59 -5 36 38 116 60
34 -4 36 38 116 60
35 -4 36 38 116 60
36 -4 36 38 116 60
37 -4 36 38 116 60
38 -4 36 38 116 60
39 -4 36 42 130 67
40 -4 36 42 130 67
41 -4 36 42 130 67
42 -4 36 42 130 67
43 -4 36 42 130 67
44 -4 36 42 130 67
45 -4 36 42 130 67
46 -4 36 42 130 67
47 -4 36 42 130 67
48 -4 36 42 130 67
49 -4 36 42 130 67
50 -4 36 42 130 67
51 -4 36 38 116 60
52 -4 36 38 116 60
53 -4 36 38 116 60
54 -4 36 38 116 60
55 -4 36 38 116 60
56 -4 36 38 116 60
57 -4 36 38 116 60
58 -4 36 38 116 60
59 -4 36 38 116 60
34 -3 36 38 116 60
35 -3 36 38 116 60
36 -3 36 38 116 60
37 -3 36 38 116 60
38 -3 36 38 116 60
39 -3 36 42 130 67
40 -3 36 42 130 67
41 -3 36 42 130 67
42 -3 36 42 130 67
43 -3 36 42 130 67
44 -3 36 42 130 67
45 -3 36 42 130 67
46 -3 36 42 130 67
47 -3 36 42 130 67
48 -3 36 42 130 67
49 -3 36 42 130 67
50 -3 36 42 130 67
51 -3 36 38 116 60
52 -3 36 38 116 60
53 -3 36 38 116 60
54 -3 36 38 116 60
55 -3 36 38 116 60
56 -3 36 38 116 60
57 -3 36 38 116 60
58 -3 36 38 116 60
59 -3 36 38 116 60
34 -2 36 38 116 60
35 -2 36 38 116 60
36 -2 36 38 116 60
37 -2 36 38 116 60
38 -2 36 38 116 60
39 -2 36 42 130 67
40 -2 36 42 130 67
41 -2 36 42 130 67
42 -2 36 42 130 67
43 -2 36 42 130 67
44 -2 36 42 130 67
45 -2 36 42 130 67
46 -2 36 42 130 67
47 -2 36 42 130 67
48 -2 36 42 130 67
49 -2 36 42 130 67
50 -2 36 42 130 67
51 -2 36 38 116 60
52 -2 36 38 116 60
53 -2 36 38 116 60
54 -2 36 38 116 60
55 -2 36 38 116 60
56 -2 36 38 116 60
57 -2 36 38 116 60
58 -2 36 38 116 60
59 -2 36 38 116 60
34 -1 36 38 116 60
35 -1 36 38 116 60
36 -1 36 38 116 60
37 -1 36 38 116 60
38 -1 36 38 116 60
39 -1 36 42 130 67
40 -1 36 42 130 67
41 -1 36 42 130 67
42 -1 36 42 130 67
43 -1 36 42 130 67
44 -1 36 42 130 67
45 -1 36 42 130 67
46 -1 36 42 130 67
47 -1 36 42 130 67
48 -1 36 42 130 67
49 -1 36 42 130 67
50 -1 36 42 130 67
51 -1 36 38 116 60
52 -1 36 38 116 60
53 -1 36 38 116 60
54 -1 36 38 116 60
55 -1 36 38 116 60
56 -1 36 38 116 60
57 -1 36 38 116 60
58 -1 36 38 116 60
59 -1 36 38 116 60
34 0 36 38 116 60
35 0 36 38 116 60
36 0 36 38 116 60
37 0 36 38 116 60
38 0 36 38 116 60
39 0 36 42 130 67
40 0 36 42 130 67
41 0 36 42 130 67
42 0 36 42 130 67
43 0 36 42 130 67
44 0 36 42 130 67
45 0 36 42 130 67
46 0 36 42 130 67
47 0 36 42 130 67
48 0 36 42 130 67
49 0 36 42 130 67
50 0 36 42 130 67
51 0 36 38 116 60
52 0 36 38 116 60
53 0 36 38 116 60
54 0 36 38 116 60
55 0 36 38 116 60
56 0 36 38 116 60
57 0 36 38 116 60
58 0 36 38 116 60
59 0 36 38 116 60
34 1 36 38 116 60
35 1 36 38 116 60
36 1 36 38 116 60
37 1 36 38 116 60
38 1 36 38 116 60
39 1 36 42 130 67
40 1 36 42 130 67
41 1 36 42 130 67
42 1 36 42 130 67
43 1 36 42 130 67
44 1 36 42 130 67
45 1 36 42 130 67
46 1 36 42 130 67
47 1 36 42 130 67
48 1 36 42 130 67
49 1 36 42 130 67
50 1 36 42 130 67
51 1 36 38 116 60
52 1 36 38 116 60
53 1 36 38 116 60
54 1 36 38 116 60
55 1 36 38 116 60
56 1 36 38 116 60
57 1 36 38 116 60
58 1 36 38 116 60
59 1 36 38 116 60
34 2 36 38 116 60
35 2 36 38 116 60
36 2 36 38 116 60
37 2 36 38 116 60
38 2 36 38 116 60
39 2 36 42 130 67
40 2 36 42 130 67
41 2 36 42 130 67
42 2 36 42 130 67
43 2 36 42 130 67
44 2 36 42 130 67
45 2 36 42 130 67
46 2 36 42 130 67
47 2 36 42 130 67
48 2 36 42 130 67
49 2 36 42 130 67
50 2 36 42 130 67
51 2 36 38 116 60
52 2 36 38 116 60
53 2 36 38 116 60
54 2 36 38 116 60
55 2 36 38 116 60
56 2 36 38 116 60
57 2 36 38 116 60
58 2 36 38 116 60
59 2 36 38 116 60
34 3 36 38 116 60
35 3 36 38 116 60
36 3 36 38 116 60
37 3 36 38 116 60
38 3 36 38 116 60
39 3 36 42 130 67
40 3 36 42 130 67
41 3 36 42 130 67
42 3 36 42 130 67
43 3 36 42 130 67
44 3 36 42 130 67
45 3 36 42 130 67
46 3 36 42 130 67
47 3 36 42 130 67
48 3 36 42 130 67
49 3 36 42 130 67
50 3 36 42 130 67
51 3 36 38 116 60
52 3 36 38 116 60
53 3 36 38 116 60
54 3 36 38 116 60
55 3 36 38 116 60
56 3 36 38 116 60
57 3 36 38 116 60
58 3 36 38 116 60
59 3 36 38 116 60
34 4 36 38 116 60
35 4 36 38 116 60
36 4 36 38 116 60
37 4 36 38 116 60
38 4 36 38 116 60
39 4 36 42 130 67
40 4 36 42 130 67
41 4 36 42 130 67
42 4 36 42 130 67
43 4 36 42 130 67
44 4 36 42 130 67
45 4 36 42 130 67
46 4 36 42 130 67
47 4 36 42 130 67
48 4 36 42 130 67
49 4 36 42 130 67
50 4 36 42 130 67
51 4 36 38 116 60
52 4 36 38 116 60
53 4 36 38 116 60
54 4 36 42 130 67
39 5 36 42 130 67
40 5 36 42 130 67
41 5 36 42 130 67
42 5 36 42 130 67
43 5 36 42 130 67
44 5 36 42 130 67
45 5 36 42 130 67
46 5 36 42 130 67
47 5 36 42 130 67
48 5 36 42 130 67
49 5 36 42 130 67
50 5 36 42 130 67
51 5 36 42 130 67
52 5 36 42 130 67
53 5 36 42 130 67
54 5 36 42 130 67
39 -8 37 38 116 60
40 -8 37 38 116 60
41 -8 37 38 116 60
42 -8 37 38 116 60
43 -8 37 38 116 60
44 -8 37 38 116 60
45 -8 37 38 116 60
46 -8 37 38 116 60
47 -8 37 38 116 60
48 -8 37 38 116 60
49 -8 37 38 116 60
50 -8 37 38 116 60
51 -8 37 38 116 60
52 -8 37 38 116 60
53 -8 37 38 116 60
54 -8 37 38 116 60
39 -7 37 38 116 60
40 -7 37 38 116 60
41 -7 37 38 116 60
42 -7 37 38 116 60
43 -7 37 38 116 60
44 -7 37 38 116 60
45 -7 37 38 116 60
46 -7 37 38 116 60
47 -7 37 38 116 60
48 -7 37 38 116 60
49 -7 37 38 116 60
50 -7 37 38 116 60
51 -7 37 42 130 67
52 -7 37 42 130 67
53 -7 37 42 130 67
54 -7 37 42 130 67
55 -7 37 42 130 67
56 -7 37 42 130 67
57 -7 37 42 130 67
58 -7 37 42 130 67
59 -7 37 42 130 67
39 -6 37 38 116 60
40 -6 37 38 116 60
41 -6 37 38 116 60
42 -6 37 38 116 60
43 -6 37 38 116 60
44 -6 37 38 116 60
45 -6 37 38 116 60
46 -6 37 38 116 60
47 -6 37 38 116 60
48 -6 37 38 116 60
49 -6 37 38 116 60
50 -6 37 38 116 60
51 -6 37 42 130 67
52 -6 37 42 130 67
53 -6 37 42 130 67
54 -6 37 42 130 67
55 -6 37 42 130 67
56 -6 37 42 130 67
57 -6 37 42 130 67
58 -6 37 42 130 67
59 -6 37 42 130 67
34 -5 37 42 130 67
35 -5 37 42 130 67
36 -5 37 42 130 67
37 -5 37 42 130 67
38 -5 37 42 130 67
39 -5 37 38 116 60
40 -5 37 38 116 60
41 -5 37 38 116 60
42 -5 37 38 116 60
43 -5 37 38 116 60
44 -5 37 38 116 60
45 -5 37 38 116 60
46 -5 37 38 116 60
47 -5 37 38 116 60
48 -5 37 38 116 60
49 -5 37 38 116 60
50 -5 37 38 116 60
51 -5 37 42 130 67
52 -5 37 42 130 67
53 -5 37 42 130 67
54 -5 37 42 130 67
55 -5 37 42 130 67
56 -5 37 42 130 67
57 -5 37 42 130 67
58 -5 37 42 130 67
59 -5 37 42 130 67
34 -4 37 42 130 67
35 -4 37 42 130 67
36 -4 37 42 130 67
37 -4 37 42 130 67
38 -4 37 42 130 67
39 -4 37 38 116 60
40 -4 37 38 116 60
41 -4 37 38 116 60
42 -4 37 38 116 60
43 -4 37 38 116 60
44 -4 37 38 116 60
45 -4 37 38 116 60
46 -4 37 38 116 60
47 -4 37 38 116 60
48 -4 37 38 116 60
49 -4 37 38 116 60
50 -4 37 38 116 60
51 -4 37 42 130 67
52 -4 37 42 130 67
53 -4 37 42 130 67
54 -4 37 42 130 67
55 -4 37 42 130 67
56 -4 37 42 130 67
57 -4 37 42 130 67
58 -4 37 42 130 67
59 -4 37 42 130 67
34 -3 37 42 130 67
35 -3 37 42 130 67
36 -3 37 42 130 67
37 -3 37 42 130 67
38 -3 37 42 130 67
39 -3 37 38 116 60
40 -3 37 38 116 60
41 -3 37 38 116 60
42 -3 37 38 116 60
43 -3 37 38 116 60
44 -3 37 38 116 60
45 -3 37 38 116 60
46 -3 37 38 116 60
47 -3 37 38 116 60
48 -3 37 38 116 60
49 -3 37 38 116 60
50 -3 37 38 116 60
51 -3 37 42 130 67
52 -3 37 42 130 67
53 -3 37 42 130 67
54 -3 37 42 130 67
55 -3 37 42 130 67
56 -3 37 42 130 67
57 -3 37 42 130 67
58 -3 37 42 130 67
59 -3 37 42 130 67
34 -2 37 42 130 67
35 -2 37 42 130 67
36 -2 37 42 130 67
37 -2 37 42 130 67
38 -2 37 42 130 67
39 -2 37 38 116 60
40 -2 37 38 116 60
41 -2 37 38 116 60
42 -2 37 38 116 60
43 -2 37 38 116 60
44 -2 37 38 116 60
45 -2 37 38 116 60
46 -2 37 38 116 60
47 -2 37 38 116 60
48 -2 37 38 116 60
49 -2 37 38 116 60
50 -2 37 38 116 60
51 -2 37 42 130 67
52 -2 37 42 130 67
53 -2 37 42 130 67
54 -2 37 42 130 67
55 -2 37 42 130 67
56 -2 37 42 130 67
57 -2 37 42 130 67
58 -2 37 42 130 67
59 -2 37 42 130 67
34 -1 37 42 130 67
35 -1 37 42 130 67
36 -1 37 42 130 67
37 -1 37 42 130 67
38 -1 37 42 130 67
39 -1 37 38 116 60
40 -1 37 38 116 60
41 -1 37 38 116 60
42 -1 37 38 116 60
43 -1 37 38 116 60
44 -1 37 38 116 60
45 -1 37 38 116 60
46 -1 37 38 116 60
47 -1 37 38 116 60
48 -1 37 38 116 60
49 -1 37 38 116 60
50 -1 37 38 116 60
51 -1 37 42 130 67
52 -1 37 42 130 67
53 -1 37 42 130 67
54 -1 37 42 130 67
55 -1 37 42 130 67
56 -1 37 42 130 67
57 -1 37 42 130 67
58 -1 37 42 130 67
59 -1 37 42 130 67
34 0 37 42 130 67
35 0 37 42 130 67
36 0 37 42 130 67
37 0 37 42 130 67
38 0 37 42 130 67
39 0 37 38 116 60
40 0 37 38 116 60
41 0 37 38 116 60
42 0 37 38 116 60
43 0 37 38 116 60
44 0 37 38 116 60
45 0 37 38 116 60
46 0 37 38 116 60
47 0 37 38 116 60
48 0 37 38 116 60
49 0 37 38 116 60
50 0 37 38 116 60
51 0 37 42 130 67
52 0 37 42 130 67
53 0 37 42 130 67
54 0 37 42 130 67
55 0 37 42 130 67
56 0 37 42 130 67
57 0 37 42 130 67
58 0 37 42 130 67
59 0 37 42 130 67
34 1 37 42 130 67
35 1 37 42 130 67
36 1 37 42 130 67
37 1 37 42 130 67
38 1 37 42 130 67
39 1 37 38 116 60
40 1 37 38 116 60
41 1 37 38 116 60
42 1 37 38 116 60
43 1 37 38 116 60
44 1 37 38 116 60
45 1 37 38 116 60
46 1 37 38 116 60
47 1 37 38 116 60
48 1 37 38 116 60
49 1 37 38 116 60
50 1 37 38 116 60
51 1 37 42 130 67
52 1 37 42 130 67
53 1 37 42 130 67
54 1 37 42 130 67
55 1 37 42 130 67
56 1 37 42 130 67
57 1 37 42 130 67
58 1 37 42 130 67
59 1 37 42 130 67
34 2 37 42 130 67
35 2 37 42 130 67
36 2 37 42 130 67
37 2 37 42 130 67
38 2 37 42 130 67
39 2 37 38 116 60
40 2 37 38 116 60
41 2 37 38 116 60
42 2 37 38 116 60
43 2 37 38 116 60
44 2 37 38 116 60
45 2 37 38 116 60
46 2 37 38 116 60
47 2 37 38 116 60
48 2 37 38 116 60
49 2 37 38 116 60
50 2 37 38 116 60
51 2 37 38 116 60
52 2 37 38 116 60
53 2 37 38 116 60
54 2 37 38 116 60
55 2 37 38 116 60
56 2 37 38 116 60
57 2 37 42 130 67
58 2 37 42 130 67
59 2 37 42 130 67
34 3 37 42 130 67
35 3 37 42 130 67
36 3 37 42 130 67
37 3 37 42 130 67
38 3 37 42 130 67
39 3 37 38 116 60
40 3 37 38 116 60
41 3 37 38 116 60
42 3 37 38 116 60
43 3 37 38 116 60
44 3 37 38 116 60
45 3 37 38 116 60
46 3 37 38 116 60
47 3 37 38 116 60
48 3 37 38 116 60
49 3 37 38 116 60
50 3 37 38 116 60
51 3 37 38 116 60
52 3 37 38 116 60
53 3 37 38 116 60
54 3 37 38 116 60
55 3 37 42 130 67
56 3 37 42 130 67
57 3 37 42 130 67
58 3 37 42 130 67
59 3 37 42 130 67
34 4 37 42 130 67
35 4 37 42 130 67
36 4 37 42 130 67
37 4 37 42 130 67
38 4 37 42 130 67
39 4 37 38 116 60
40 4 37 38 116 60
41 4 37 38 116 60
42 4 37 38 116 60
43 4 37 38 116 60
44 4 37 38 116 60
45 4 37 38 116 60
46 4 37 38 116 60
47 4 37 38 116 60
48 4 37 38 116 60
49 4 37 38 116 60
50 4 37 38 116 60
51 4 37 38 116 60
52 4 37 38 116 60
53 4 37 38 116 60
54 4 37 38 116 60
39 5 37 38 116 60
40 5 37 38 116 60
41 5 37 38 116 60
42 5 37 38 116 60
43 5 37 38 116 60
44 5 37 38 116 60
45 5 37 38 116 60
46 5 37 38 116 60
47 5 37 38 116 60
48 5 37 38 116 60
49 5 37 38 116 60
50 5 37 38 116 60
51 5 37 38 116 60
52 5 37 38 116 60
53 5 37 38 116 60
54 5 37 38 116 60
39 -8 38 38 116 60
40 -8 38 38 116 60
41 -8 38 38 116 60
42 -8 38 38 116 60
43 -8 38 38 116 60
44 -8 38 38 116 60
45 -8 38 38 116 60
46 -8 38 38 116 60
47 -8 38 38 116 60
48 -8 38 38 116 60
49 -8 38 38 116 60
50 -8 38 38 116 60
51 -8 38 38 116 60
52 -8 38 38 116 60
53 -8 38 38 116 60
54 -8 38 38 116 60
39 -7 38 38 116 60
40 -7 38 38 116 60
41 -7 38 38 116 60
42 -7 38 38 116 60
43 -7 38 38 116 60
44 -7 38 38 116 60
45 -7 38 38 116 60
46 -7 38 38 116 60
47 -7 38 38 116 60
48 -7 38 38 116 60
49 -7 38 38 116 60
50 -7 38 38 116 60
51 -7 38 42 130 67
52 -7 38 42 130 67
53 -7 38 42 130 67
54 -7 38 42 130 67
55 -7 38 42 130 67
56 -7 38 42 130 67
57 -7 38 42 130 67
58 -7 38 42 130 67
59 -7 38 42 130 67
39 -6 38 38 116 60
40 -6 38 38 116 60
41 -6 38 38 116 60
42 -6 38 38 116 60
43 -6 38 38 116 60
44 -6 38 38 116 60
45 -6 38 38 116 60
46 -6 38 38 116 60
47 -6 38 38 116 60
48 -6 38 38 116 60
49 -6 38 38 116 60
50 -6 38 38 116 60
51 -6 38 42 130 67
52 -6 38 42 130 67
53 -6 38 42 130 67
54 -6 38 42 130 67
55 -6 38 42 130 67
56 -6 38 42 130 67
57 -6 38 42 130 67
58 -6 38 42 130 67
59 -6 38 42 130 67
34 -5 38 42 130 67
35 -5 38 42 130 67
36 -5 38 42 130 67
37 -5 38 42 130 67
38 -5 38 42 130 67
39 -5 38 38 116 60
40 -5 38 38 116 60
41 -5 38 38 116 60
42 -5 38 38 116 60
43 -5 38 38 116 60
44 -5 38 38 116 60
45 -5 38 38 116 60
46 -5 38 38 116 60
47 -5 38 38 116 60
48 -5 38 38 116 60
49 -5 38 38 116 60
50 -5 38 38 116 60
51 -5 38 42 130 67
52 -5 38 42 130 67
53 -5 38 42 130 67
54 -5 38 42 130 67
55 -5 38 42 130 67
56 -5 38 42 130 67
57 -5 38 42 130 67
58 -5 38 42 130 67
59 -5 38 42 130 67
34 -4 38 42 130 67
35 -4 38 42 130 67
36 -4 38 42 130 67
37 -4 38 42 130 67
38 -4 38 42 130 67
39 -4 38 38 116 60
40 -4 38 38 116 60
41 -4 38 38 116 60
42 -4 38 38 116 60
43 -4 38 38 116 60
44 -4 38 38 116 60
45 -4 38 38 116 60
46 -4 38 38 116 60
47 -4 38 38 116 60
48 -4 38 38 116 60
49 -4 38 38 116 60
50 -4 38 38 116 60
51 -4 38 42 130 67
52 -4 38 42 130 67
53 -4 38 42 130 67
54 -4 38 42 130 67
55 -4 38 42 130 67
56 -4 38 42 130 67
57 -4 38 42 130 67
58 -4 38 42 130 67
59 -4 38 42 130 67
34 -3 38 42 130 67
35 -3 38 42 130 67
36 -3 38 42 130 67
37 -3 38 42 130 67
38 -3 38 42 130 67
39 -3 38 38 116 60
40 -3 38 38 116 60
41 -3 38 38 116 60
42 -3 38 38 116 60
43 -3 38 38 116 60
44 -3 38 38 116 60
45 -3 38 38 116 60
46 -3 38 38 116 60
47 -3 38 38 116 60
48 -3 38 38 116 60
49 -3 38 38 116 60
50 -3 38 38 116 60
51 -3 38 42 130 67
52 -3 38 42 130 67
53 -3 38 42 130 67
54 -3 38 42 130 67
55 -3 38 42 130 67
56 -3 38 42 130 67
57 -3 38 42 130 67
58 -3 38 42 130 67
59 -3 38 42 130 67
34 -2 38 42 130 67
35 -2 38 42 130 67
36 -2 38 42 130 67
37 -2 38 42 130 67
38 -2 38 42 130 67
39 -2 38 38 116 60
40 -2 38 38 116 60
41 -2 38 38 116 60
42 -2 38 38 116 60
43 -2 38 38 116 60
44 -2 38 38 116 60
45 -2 38 38 116 60
46 -2 38 38 116 60
47 -2 38 38 116 60
48 -2 38 38 116 60
49 -2 38 38 116 60
50 -2 38 38 116 60
51 -2 38 42 130 67
52 -2 38 42 130 67
53 -2 38 42 130 67
54 -2 38 42 130 67
55 -2 38 42 130 67
56 -2 38 42 130 67
57 -2 38 42 130 67
58 -2 38 42 130 67
59 -2 38 42 130 67
34 -1 38 42 130 67
35 -1 38 42 130 67
36 -1 38 42 130 67
37 -1 38 42 130 67
38 -1 38 42 130 67
39 -1 38 38 116 60
40 -1 38 38 116 60
41 -1 38 38 116 60
42 -1 38 38 116 60
43 -1 38 38 116 60
44 -1 38 38 116 60
45 -1 38 38 116 60
46 -1 38 38 116 60
47 -1 38 38 116 60
48 -1 38 38 116 60
49 -1 38 38 116 60
50 -1 38 38 116 60
51 -1 38 42 130 67
52 -1 38 42 130 67
53 -1 38 42 130 67
54 -1 38 42 130 67
55 -1 38 42 130 67
56 -1 38 42 130 67
57 -1 38 42 130 67
58 -1 38 42 130 67
59 -1 38 42 130 67
34 0 38 42 130 67
35 0 38 42 130 67
36 0 38 42 130 67
37 0 38 42 130 67
38 0 38 42 130 67
39 0 38 38 116 60
40 0 38 38 116 60
41 0 38 38 116 60
42 0 38 38 116 60
43 0 38 38 116 60
44 0 38 38 116 60
45 0 38 38 116 60
46 0 38 38 116 60
47 0 38 38 116 60
48 0 38 38 116 60
49 0 38 38 116 60
50 0 38 38 116 60
51 0 38 42 130 67
52 0 38 42 130 67
53 0 38 42 130 67
54 0 38 42 130 67
55 0 38 42 130 67
56 0 38 42 130 67
57 0 38 42 130 67
58 0 38 42 130 67
59 0 38 42 130 67
34 1 38 42 130 67
35 1 38 42 130 67
36 1 38 42 130 67
37 1 38 42 130 67
38 1 38 42 130 67
39 1 38 38 116 60
40 1 38 38 116 60
41 1 38 38 116 60
42 1 38 38 116 60
43 1 38 38 116 60
44 1 38 38 116 60
45 1 38 38 116 60
46 1 38 38 116 60
47 1 38 38 116 60
48 1 38 38 116 60
49 1 38 38 116 60
50 1 38 38 116 60
51 1 38 42 130 67
52 1 38 42 130 67
53 1 38 42 130 67
54 1 38 42 130 67
55 1 38 42 130 67
56 1 38 42 130 67
57 1 38 42 130 67
58 1 38 42 130 67
59 1 38 42 130 67
34 2 38 42 130 67
35 2 38 42 130 67
36 2 38 42 130 67
37 2 38 42 130 67
38 2 38 42 130 67
39 2 38 38 116 60
40 2 38 38 116 60
41 2 38 38 116 60
42 2 38 38 116 60
43 2 38 38 116 60
44 2 38 38 116 60
45 2 38 38 116 60
46 2 38 38 116 60
47 2 38 38 116 60
48 2 38 38 116 60
49 2 38 38 116 60
50 2 38 38 116 60
51 2 38 38 116 60
52 2 38 38 116 60
53 2 38 38 116 60
54 2 38 38 116 60
55 2 38 38 116 60
56 2 38 38 116 60
57 2 38 42 130 67
58 2 38 42 130 67
59 2 38 42 130 67
34 3 38 42 130 67
35 3 38 42 130 67
36 3 38 42 130 67
37 3 38 42 130 67
38 3 38 42 130 67
39 3 38 38 116 60
40 3 38 38 116 60
41 3 38 38 116 60
42 3 38 38 116 60
43 3 38 38 116 60
44 3 38 38 116 60
45 3 38 38 116 60
46 3 38 38 116 60
47 3 38 38 116 60
48 3 38 38 116 60
49 3 38 38 116 60
50 3 38 38 116 60
51 3 38 38 116 60
52 3 38 38 116 60
53 3 38 38 116 60
54 3 38 38 116 60
55 3 38 42 130 67
56 3 38 42 130 67
57 3 38 42 130 67
58 3 38 42 130 67
59 3 38 42 130 67
34 4 38 42 130 67
35 4 38 42 130 67
36 4 38 42 130 67
37 4 38 42 130 67
38 4 38 42 130 67
39 4 38 38 116 60
40 4 38 38 116 60
41 4 38 38 116 60
42 4 38 38 116 60
43 4 38 38 116 60
44 4 38 38 116 60
45 4 38 38 116 60
46 4 38 38 116 60
47 4 38 38 116 60
48 4 38 38 116 60
49 4 38 38 116 60
50 4 38 38 116 60
51 4 38 38 116 60
52 4 38 38 116 60
53 4 38 38 116 60
54 4 38 38 116 60
39 5 38 38 116 60
40 5 38 38 116 60
41 5 38 38 116 60
42 5 38 38 116 60
43 5 38 38 116 60
44 5 38 38 116 60
45 5 38 38 116 60
46 5 38 38 116 60
47 5 38 38 116 60
48 5 38 38 116 60
49 5 38 38 116 60
50 5 38 38 116 60
51 5 38 38 116 60
52 5 38 38 116 60
53 5 38 38 116 60
54 5 38 38 116 60
39 -8 39 38 116 60
40 -8 39 38 116 60
41 -8 39 38 116 60
42 -8 39 38 116 60
43 -8 39 38 116 60
44 -8 39 38 116 60
45 -8 39 38 116 60
46 -8 39 38 116 60
47 -8 39 38 116 60
48 -8 39 38 116 60
49 -8 39 38 116 60
50 -8 39 38 116 60
51 -8 39 38 116 60
52 -8 39 38 116 60
53 -8 39 38 116 60
54 -8 39 38 116 60
39 -7 39 38 116 60
40 -7 39 38 116 60
41 -7 39 38 116 60
42 -7 39 38 116 60
43 -7 39 38 116 60
44 -7 39 38 116 60
45 -7 39 38 116 60
46 -7 39 38 116 60
47 -7 39 38 116 60
48 -7 39 38 116 60
49 -7 39 38 116 60
50 -7 39 38 116 60
51 -7 39 42 130 67
52 -7 39 42 130 67
53 -7 39 42 130 67
54 -7 39 42 130 67
55 -7 39 42 130 67
56 -7 39 42 130 67
57 -7 39 42 130 67
58 -7 39 42 130 67
59 -7 39 42 130 67
39 -6 39 38 116 60
40 -6 39 38 116 60
41 -6 39 38 116 60
42 -6 39 38 116 60
43 -6 39 38 116 60
44 -6 39 38 116 60
45 -6 39 38 116 60
46 -6 39 38 116 60
47 -6 39 38 116 60
48 -6 39 38 116 60
49 -6 39 38 116 60
50 -6 39 38 116 60
51 -6 39 42 130 67
52 -6 39 42 130 67
53 -6 39 42 130 67
54 -6 39 42 130 67
55 -6 39 42 130 67
56 -6 39 42 130 67
57 -6 39 42 130 67
58 -6 39 42 130 67
59 -6 39 42 130 67
34 -5 39 42 130 67
35 -5 39 42 130 67
36 -5 39 42 130 67
37 -5 39 42 130 67
38 -5 39 42 130 67
39 -5 39 38 116 60
40 -5 39 38 116 60
41 -5 39 38 116 60
42 -5 39 38 116 60
43 -5 39 38 116 60
44 -5 39 38 116 60
45 -5 39 38 116 60
46 -5 39 38 116 60
47 -5 39 38 116 60
48 -5 39 38 116 60
49 -5 39 38 116 60
50 -5 39 38 116 60
51 -5 39 42 130 67
52 -5 39 42 130 67
53 -5 39 42 130 67
54 -5 39 42 130 67
55 -5 39 42 130 67
56 -5 39 42 130 67
57 -5 39 42 130 67
58 -5 39 42 130 67
59 -5 39 42 130 67
34 -4 39 42 130 67
35 -4 39 42 130 67
36 -4 39 42 130 67
37 -4 39 42 130 67
38 -4 39 42 130 67
39 -4 39 38 116 60
40 -4 39 38 116 60
41 -4 39 38 116 60
42 -4 39 38 116 60
43 -4 39 38 116 60
44 -4 39 38 116 60
45 -4 39 38 116 60
46 -4 39 38 116 60
47 -4 39 38 116 60
48 -4 39 38 116 60
49 -4 39 38 116 60
50 -4 39 38 116 60
51 -4 39 42 130 67
52 -4 39 42 130 67
53 -4 39 42 130 67
54 -4 39 42 130 67
55 -4 39 42 130 67
56 -4 39 42 130 67
57 -4 39 42 130 67
58 -4 39 42 130 67
59 -4 39 42 130 67
34 -3 39 42 130 67
35 -3 39 42 130 67
36 -3 39 42 130 67
37 -3 39 42 130 67
38 -3 39 42 130 67
39 -3 39 38 116 60
40 -3 39 38 116 60
41 -3 39 38 116 60
42 -3 39 38 116 60
43 -3 39 38 116 60
44 -3 39 38 116 60
45 -3 39 38 116 60
46 -3 39 38 116 60
47 -3 39 38 116 60
48 -3 39 38 116 60
49 -3 39 38 116 60
50 -3 39 38 116 60
51 -3 39 42 130 67
52 -3 39 42 130 67
53 -3 39 42 130 67
54 -3 39 42 130 67
55 -3 39 42 130 67
56 -3 39 42 130 67
57 -3 39 42 130 67
58 -3 39 42 130 67
59 -3 39 42 130 67
34 -2 39 42 130 67
35 -2 39 42 130 67
36 -2 39 42 130 67
37 -2 39 42 130 67
38 -2 39 42 130 67
39 -2 39 38 116 60
40 -2 39 38 116 60
41 -2 39 38 116 60
42 -2 39 38 116 60
43 -2 39 38 116 60
44 -2 39 38 116 60
45 -2 39 38 116 60
46 -2 39 38 116 60
47 -2 39 38 116 60
48 -2 39 38 116 60
49 -2 39 38 116 60
50 -2 39 38 116 60
51 -2 39 42 130 67
52 -2 39 42 130 67
53 -2 39 42 130 67
54 -2 39 42 130 67
55 -2 39 42 130 67
56 -2 39 42 130 67
57 -2 39 42 130 67
58 -2 39 42 130 67
59 -2 39 42 130 67
34 -1 39 42 130 67
35 -1 39 42 130 67
36 -1 39 42 130 67
37 -1 39 42 130 67
38 -1 39 42 130 67
39 -1 39 38 116 60
40 -1 39 38 116 60
41 -1 39 38 116 60
42 -1 39 38 116 60
43 -1 39 38 116 60
44 -1 39 38 116 60
45 -1 39 38 116 60
46 -1 39 38 116 60
47 -1 39 38 116 60
48 -1 39 38 116 60
49 -1 39 38 116 60
50 -1 39 38 116 60
51 -1 39 42 130 67
52 -1 39 42 130 67
53 -1 39 42 130 67
54 -1 39 42 130 67
55 -1 39 42 130 67
56 -1 39 42 130 67
57 -1 39 42 130 67
58 -1 39 42 130 67
59 -1 39 42 130 67
34 0 39 42 130 67
35 0 39 42 130 67
36 0 39 42 130 67
37 0 39 42 130 67
38 0 39 42 130 67
39 0 39 38 116 60
40 0 39 38 116 60
41 0 39 38 116 60
42 0 39 38 116 60
43 0 39 38 116 60
44 0 39 38 116 60
45 0 39 38 116 60
46 0 39 38 116 60
47 0 39 38 116 60
48 0 39 38 116 60
49 0 39 38 116 60
50 0 39 38 116 60
51 0 39 42 130 67
52 0 39 42 130 67
53 0 39 42 130 67
54 0 39 42 130 67
55 0 39 42 130 67
56 0 39 42 130 67
57 0 39 42 130 67
58 0 39 42 130 67
59 0 39 42 130 67
34 1 39 42 130 67
35 1 39 42 130 67
36 1 39 42 130 67
37 1 39 42 130 67
38 1 39 42 130 67
39 1 39 38 116 60
40 1 39 38 116 60
41 1 39 38 116 60
42 1 39 38 116 60
43 1 39 38 116 60
44 1 39 38 116 60
45 1 39 38 116 60
46 1 39 38 116 60
47 1 39 38 116 60
48 1 39 38 116 60
49 1 39 38 116 60
50 1 39 38 116 60
51 1 39 42 130 67
52 1 39 42 130 67
53 1 39 42 130 67
54 1 39 42 130 67
55 1 39 42 130 67
56 1 39 42 130 67
57 1 39 42 130 67
58 1 39 42 130 67
59 1 39 42 130 67
34 2 39 42 130 67
35 2 39 42 130 67
36 2 39 42 130 67
37 2 39 42 130 67
38 2 39 42 130 67
39 2 39 38 116 60
40 2 39 38 116 60
41 2 39 38 116 60
42 2 39 38 116 60
43 2 39 38 116 60
44 2 39 38 116 60
45 2 39 38 116 60
46 2 39 38 116 60
47 2 39 38 116 60
48 2 39 38 116 60
49 2 39 38 116 60
50 2 39 38 116 60
51 2 39 38 116 60
52 2 39 38 116 60
53 2 39 38 116 60
54 2 39 38 116 60
55 2 39 38 116 60
56 2 39 38 116 60
57 2 39 42 130 67
58 2 39 42 130 67
59 2 39 42 130 67
34 3 39 42 130 67
35 3 39 42 130 67
36 3 39 42 130 67
37 3 39 42 130 67
38 3 39 42 130 67
39 3 39 38 116 60
40 3 39 38 116 60
41 3 39 38 116 60
42 3 39 38 116 60
43 3 39 38 116 60
44 3 39 38 116 60
45 3 39 38 116 60
46 3 39 38 116 60
47 3 39 38 116 60
48 3 39 38 116 60
49 3 39 38 116 60
50 3 39 38 116 60
51 3 39 38 116 60
52 3 39 38 116 60
53 3 39 38 116 60
54 3 39 38 116 60
55 3 39 42 130 67
56 3 39 42 130 67
57 3 39 42 130 67
58 3 39 42 130 67
59 3 39 42 130 67
34 4 39 42 130 67
35 4 39 42 130 67
36 4 39 42 130 67
37 4 39 42 130 67
38 4 39 42 130 67
39 4 39 38 116 60
40 4 39 38 116 60
41 4 39 38 116 60
42 4 39 38 116 60
43 4 39 38 116 60
44 4 39 38 116 60
45 4 39 38 116 60
46 4 39 38 116 60
47 4 39 38 116 60
48 4 39 38 116 60
49 4 39 38 116 60
50 4 39 38 116 60
51 4 39 38 116 60
52 4 39 38 116 60
53 4 39 38 116 60
54 4 39 38 116 60
39 5 39 38 116 60
40 5 39 38 116 60
41 5 39 38 116 60
42 5 39 38 116 60
43 5 39 38 116 60
44 5 39 38 116 60
45 5 39 38 116 60
46 5 39 38 116 60
47 5 39 38 116 60
48 5 39 38 116 60
49 5 39 38 116 60
50 5 39 38 116 60
51 5 39 38 116 60
52 5 39 38 116 60
53 5 39 38 116 60
54 5 39 38 116 60
39 -8 40 42 130 67
40 -8 40 42 130 67
41 -8 40 42 130 67
42 -8 40 42 130 67
43 -8 40 42 130 67
44 -8 40 42 130 67
45 -8 40 42 130 67
46 -8 40 42 130 67
47 -8 40 42 130 67
48 -8 40 42 130 67
49 -8 40 42 130 67
50 -8 40 42 130 67
51 -8 40 42 130 67
52 -8 40 42 130 67
53 -8 40 42 130 67
54 -8 40 42 130 67
39 -7 40 42 130 67
40 -7 40 42 130 67
41 -7 40 42 130 67
42 -7 40 42 130 67
43 -7 40 42 130 67
44 -7 40 42 130 67
45 -7 40 42 130 67
46 -7 40 42 130 67
47 -7 40 42 130 67
48 -7 40 42 130 67
49 -7 40 42 130 67
50 -7 40 42 130 67
51 -7 40 38 116 60
52 -7 40 38 116 60
53 -7 40 38 116 60
54 -7 40 38 116 60
55 -7 40 38 116 60
56 -7 40 38 116 60
57 -7 40 38 116 60
58 -7 40 38 116 60
59 -7 40 38 116 60
39 -6 40 42 130 67
40 -6 40 42 130 67
41 -6 40 42 130 67
42 -6 40 42 130 67
43 -6 40 42 130 67
44 -6 40 42 130 67
45 -6 40 42 130 67
46 -6 40 42 130 67
47 -6 40 42 130 67
48 -6 40 42 130 67
49 -6 40 42 130 67
50 -6 40 42 130 67
51 -6 40 38 116 60
52 -6 40 38 116 60
53 -6 40 38 116 60
54 -6 40 38 116 60
55 -6 40 38 116 60
56 -6 40 38 116 60
57 -6 40 38 116 60
58 -6 40 38 116 60
59 -6 40 38 116 60
34 -5 40 38 116 60
35 -5 40 38 116 60
36 -5 40 38 116 60
37 -5 40 38 116 60
38 -5 40 38 116 60
39 -5 40 42 130 67
40 -5 40 42 130 67
41 -5 40 42 130 67
42 -5 40 42 130 67
43 -5 40 42 130 67
44 -5 40 42 130 67
45 -5 40 42 130 67
46 -5 40 42 130 67
47 -5 40 42 130 67
48 -5 40 42 130 67
49 -5 40 42 130 67
50 -5 40 42 130 67
51 -5 40 38 116 60
52 -5 40 38 116 60
53 -5 40 38 116 60
54 -5 40 38 116 60
55 -5 40 38 116 60
56 -5 40 38 116 60
57 -5 40 38 116 60
58 -5 40 38 116 60
59 -5 40 38 116 60
34 -4 40 38 116 60
35 -4 40 38 116 60
36 -4 40 38 116 60
37 -4 40 38 116 60
38 -4 40 38 116 60
39 -4 40 42 130 67
40 -4 40 42 130 67
41 -4 40 42 130 67
42 -4 40 42 130 67
43 -4 40 42 130 67
44 -4 40 42 130 67
45 -4 40 42 130 67
46 -4 40 42 130 67
47 -4 40 42 130 67
48 -4 40 42 130 67
49 -4 40 42 130 67
50 -4 40 42 130 67
51 -4 40 38 116 60
52 -4 40 38 116 60
53 -4 40 38 116 60
54 -4 40 38 116 60
55 -4 40 38 116 60
56 -4 40 38 116 60
57 -4 40 38 116 60
58 -4 40 38 116 60
59 -4 40 38 116 60
34 -3 40 38 116 60
35 -3 40 38 116 60
36 -3 40 38 116 60
37 -3 40 38 116 60
38 -3 40 38 116 60
39 -3 40 42 130 67
40 -3 40 42 130 67
41 -3 40 42 130 67
42 -3 40 42 130 67
43 -3 40 42 130 67
44 -3 40 42 130 67
45 -3 40 42 130 67
46 -3 40 42 130 67
47 -3 40 42 130 67
48 -3 40 42 130 67
49 -3 40 42 130 67
50 -3 40 42 130 67
51 -3 40 38 116 60
52 -3 40 38 116 60
53 -3 40 38 116 60
54 -3 40 38 116 60
55 -3 40 38 116 60
56 -3 40 38 116 60
57 -3 40 38 116 60
58 -3 40 38 116 60
59 -3 40 38 116 60
34 -2 40 38 116 60
35 -2 40 38 116 60
36 -2 40 38 116 60
37 -2 40 38 116 60
38 -2 40 38 116 60
39 -2 40 42 130 67
40 -2 40 42 130 67
41 -2 40 42 130 67
42 -2 40 42 130 67
43 -2 40 42 130 67
44 -2 40 42 130 67
45 -2 40 42 130 67
46 -2 40 42 130 67
47 -2 40 42 130 67
48 -2 40 42 130 67
49 -2 40 42 130 67
50 -2 40 42 130 67
51 -2 40 38 116 60
52 -2 40 38 116 60
53 -2 40 38 116 60
54 -2 40 38 116 60
55 -2 40 38 116 60
56 -2 40 38 116 60
57 -2 40 38 116 60
58 -2 40 38 116 60
59 -2 40 38 116 60
34 -1 40 38 116 60
35 -1 40 38 116 60
36 -1 40 38 116 60
37 -1 40 38 116 60
38 -1 40 38 116 60
39 -1 40 42 130 67
40 -1 40 42 130 67
41 -1 40 42 130 67
42 -1 40 42 130 67
43 -1 40 42 130 67
44 -1 40 42 130 67
45 -1 40 42 130 67
46 -1 40 42 130 67
47 -1 40 42 130 67
48 -1 40 42 130 67
49 -1 40 42 130 67
50 -1 40 42 130 67
51 -1 40 38 116 60
52 -1 40 38 116 60
53 -1 40 38 116 60
54 -1 40 38 116 60
55 -1 40 38 116 60
56 -1 40 38 116 60
57 -1 40 38 116 60
58 -1 40 38 116 60
59 -1 40 38 116 60
34 0 40 38 116 60
35 0 40 38 116 60
36 0 40 38 116 60
37 0 40 38 116 60
38 0 40 38 116 60
39 0 40 42 130 67
40 0 40 42 130 67
41 0 40 42 130 67
42 0 40 42 130 67
43 0 40 42 130 67
44 0 40 42 130 67
45 0 40 42 130 67
46 0 40 42 130 67
47 0 40 42 130 67
48 0 40 42 130 67
49 0 40 42 130 67
50 0 40 42 130 67
51 0 40 38 116 60
52 0 40 38 116 60
53 0 40 38 116 60
54 0 40 38 116 60
55 0 40 38 116 60
56 0 40 38 116 60
57 0 40 38 116 60
58 0 40 38 116 60
59 0 40 38 116 60
34 1 40 38 116 60
35 1 40 38 116 60
36 1 40 38 116 60
37 1 40 38 116 60
38 1 40 38 116 60
39 1 40 42 130 67
40 1 40 42 130 67
41 1 40 42 130 67
42 1 40 42 130 67
43 1 40 42 130 67
44 1 40 42 130 67
45 1 40 42 130 67
46 1 40 42 130 67
47 1 40 42 130 67
48 1 40 42 130 67
49 1 40 42 130 67
50 1 40 42 130 67
51 1 40 38 116 60
52 1 40 38 116 60
53 1 40 38 116 60
54 1 40 38 116 60
55 1 40 38 116 60
56 1 40 38 116 60
57 1 40 38 116 60
58 1 40 38 116 60
59 1 40 38 116 60
34 2 40 38 116 60
35 2 40 38 116 60
36 2 40 38 116 60
37 2 40 38 116 60
38 2 40 38 116 60
39 2 40 42 130 67
40 2 40 42 130 67
41 2 40 42 130 67
42 2 40 42 130 67
43 2 40 42 130 67
44 2 40 42 130 67
45 2 40 42 130 67
46 2 40 42 130 67
47 2 40 42 130 67
48 2 40 42 130 67
49 2 40 42 130 67
50 2 40 42 130 67
51 2 40 38 116 60
52 2 40 38 116 60
53 2 40 38 116 60
54 2 40 38 116 60
55 2 40 38 116 60
56 2 40 38 116 60
57 2 40 38 116 60
58 2 40 38 116 60
59 2 40 38 116 60
34 3 40 38 116 60
35 3 40 38 116 60
36 3 40 38 116 60
37 3 40 38 116 60
38 3 40 38 116 60
39 3 40 42 130 67
40 3 40 42 130 67
41 3 40 42 130 67
42 3 40 42 130 67
43 3 40 42 130 67
44 3 40 42 130 67
45 3 40 42 130 67
46 3 40 42 130 67
47 3 40 42 130 67
48 3 40 42 130 67
49 3 40 42 130 67
50 3 40 42 130 67
51 3 40 38 116 60
52 3 40 38 116 60
53 3 40 38 116 60
54 3 40 38 116 60
55 3 40 38 116 60
56 3 40 38 116 60
57 3 40 38 116 60
58 3 40 38 116 60
59 3 40 38 116 60
34 4 40 38 116 60
35 4 40 38 116 60
36 4 40 38 116 60
37 4 40 38 116 60
38 4 40 38 116 60
39 4 40 42 130 67
40 4 40 42 130 67
41 4 40 42 130 67
42 4 40 42 130 67
43 4 40 42 130 67
44 4 40 42 130 67
45 4 40 42 130 67
46 4 40 42 130 67
47 4 40 42 130 67
48 4 40 42 130 67
49 4 40 42 130 67
50 4 40 42 130 67
51 4 40 38 116 60
52 4 40 38 116 60
53 4 40 38 116 60
54 4 40 42 130 67
39 5 40 42 130 67
40 5 40 42 130 67
41 5 40 42 130 67
42 5 40 42 130 67
43 5 40 42 130 67
44 5 40 42 130 67
45 5 40 42 130 67
46 5 40 42 130 67
47 5 40 42 130 67
48 5 40 42 130 67
49 5 40 42 130 67
50 5 40 42 130 67
51 5 40 42 130 67
52 5 40 42 130 67
53 5 40 42 130 67
54 5 40 42 130 67
39 -8 41 38 116 60
40 -8 41 38 116 60
41 -8 41 38 116 60
42 -8 41 38 116 60
43 -8 41 38 116 60
44 -8 41 38 116 60
45 -8 41 38 116 60
46 -8 41 38 116 60
47 -8 41 38 116 60
48 -8 41 38 116 60
49 -8 41 38 116 60
50 -8 41 38 116 60
51 -8 41 38 116 60
52 -8 41 38 116 60
53 -8 41 38 116 60
54 -8 41 38 116 60
39 -7 41 38 116 60
40 -7 41 38 116 60
41 -7 41 38 116 60
42 -7 41 38 116 60
43 -7 41 38 116 60
44 -7 41 38 116 60
45 -7 41 38 116 60
46 -7 41 38 116 60
47 -7 41 38 116 60
48 -7 41 38 116 60
49 -7 41 38 116 60
50 -7 41 38 116 60
51 -7 41 38 116 60
52 -7 41 38 116 60
53 -7 41 38 116 60
54 -7 41 38 116 60
55 -7 41 42 130 67
56 -7 41 42 130 67
57 -7 41 42 130 67
58 -7 41 42 130 67
59 -7 41 42 130 67
39 -6 41 38 116 60
40 -6 41 38 116 60
41 -6 41 38 116 60
42 -6 41 38 116 60
43 -6 41 38 116 60
44 -6 41 38 116 60
45 -6 41 38 116 60
46 -6 41 38 116 60
47 -6 41 38 116 60
48 -6 41 38 116 60
49 -6 41 38 116 60
50 -6 41 38 116 60
51 -6 41 38 116 60
52 -6 41 38 116 60
53 -6 41 38 116 60
54 -6 41 38 116 60
55 -6 41 42 130 67
56 -6 41 42 130 67
57 -6 41 42 130 67
58 -6 41 42 130 67
59 -6 41 42 130 67
34 -5 41 42 130 67
35 -5 41 42 130 67
36 -5 41 42 130 67
37 -5 41 42 130 67
38 -5 41 42 130 67
39 -5 41 38 116 60
40 -5 41 38 116 60
41 -5 41 38 116 60
42 -5 41 38 116 60
43 -5 41 38 116 60
44 -5 41 38 116 60
45 -5 41 38 116 60
46 -5 41 38 116 60
47 -5 41 38 116 60
48 -5 41 38 116 60
49 -5 41 38 116 60
50 -5 41 38 116 60
51 -5 41 38 116 60
52 -5 41 38 116 60
53 -5 41 38 116 60
54 -5 41 38 116 60
55 -5 41 42 130 67
56 -5 41 42 130 67
57 -5 41 42 130 67
58 -5 41 42 130 67
59 -5 41 42 130 67
34 -4 41 42 130 67
35 -4 41 42 130 67
36 -4 41 42 130 67
37 -4 41 42 130 67
38 -4 41 42 130 67
39 -4 41 38 116 60
40 -4 41 38 116 60
41 -4 41 38 116 60
42 -4 41 38 116 60
43 -4 41 38 116 60
44 -4 41 38 116 60
45 -4 41 38 116 60
46 -4 41 38 116 60
47 -4 41 38 116 60
48 -4 41 38 116 60
49 -4 41 38 116 60
50 -4 41 38 116 60
51 -4 41 38 116 60
52 -4 41 38 116 60
53 -4 41 38 116 60
54 -4 41 38 116 60
55 -4 41 42 130 67
56 -4 41 42 130 67
57 -4 41 42 130 67
58 -4 41 42 130 67
59 -4 41 42 130 67
34 -3 41 42 130 67
35 -3 41 42 130 67
36 -3 41 42 130 67
37 -3 41 42 130 67
38 -3 41 42 130 67
39 -3 41 38 116 60
40 -3 41 38 116 60
41 -3 41 38 116 60
42 -3 41 38 116 60
43 -3 41 38 116 60
44 -3 41 38 116 60
45 -3 41 38 116 60
46 -3 41 38 116 60
47 -3 41 38 116 60
48 -3 41 38 116 60
49 -3 41 38 116 60
50 -3 41 38 116 60
51 -3 41 38 116 60
52 -3 41 38 116 60
53 -3 41 38 116 60
54 -3 41 38 116 60
55 -3 41 42 130 67
56 -3 41 42 130 67
57 -3 41 42 130 67
58 -3 41 42 130 67
59 -3 41 42 130 67
34 -2 41 42 130 67
35 -2 41 42 130 67
36 -2 41 42 130 67
37 -2 41 42 130 67
38 -2 41 42 130 67
39 -2 41 38 116 60
40 -2 41 38 116 60
41 -2 41 38 116 60
42 -2 41 38 116 60
43 -2 41 38 116 60
44 -2 41 38 116 60
45 -2 41 38 116 60
46 -2 41 38 116 60
47 -2 41 38 116 60
48 -2 41 38 116 60
49 -2 41 38 116 60
50 -2 41 38 116 60
51 -2 41 38 116 60
52 -2 41 38 116 60
53 -2 41 38 116 60
54 -2 41 38 116 60
55 -2 41 42 130 67
56 -2 41 42 130 67
57 -2 41 42 130 67
58 -2 41 42 130 67
59 -2 41 42 130 67
34 -1 41 42 130 67
35 -1 41 42 130 67
36 -1 41 42 130 67
37 -1 41 42 130 67
38 -1 41 42 130 67
39 -1 41 38 116 60
40 -1 41 38 116 60
41 -1 41 38 116 60
42 -1 41 38 116 60
43 -1 41 38 116 60
44 -1 41 38 116 60
45 -1 41 38 116 60
46 -1 41 38 116 60
47 -1 41 38 116 60
48 -1 41 38 116 60
49 -1 41 38 116 60
50 -1 41 38 116 60
51 -1 41 38 116 60
52 -1 41 38 116 60
53 -1 41 38 116 60
54 -1 41 38 116 60
55 -1 41 42 130 67
56 -1 41 42 130 67
57 -1 41 42 130 67
58 -1 41 42 130 67
59 -1 41 42 130 67
34 0 41 42 130 67
35 0 41 42 130 67
36 0 41 42 130 67
37 0 41 42 130 67
38 0 41 42 130 67
39 0 41 38 116 60
40 0 41 38 116 60
41 0 41 38 116 60
42 0 41 38 116 60
43 0 41 38 116 60
44 0 41 38 116 60
45 0 41 38 116 60
46 0 41 38 116 60
47 0 41 38 116 60
48 0 41 38 116 60
49 0 41 38 116 60
50 0 41 38 116 60
51 0 41 38 116 60
52 0 41 38 116 60
53 0 41 38 116 60
54 0 41 38 116 60
55 0 41 42 130 67
56 0 41 42 130 67
57 0 41 42 130 67
58 0 41 42 130 67
59 0 41 42 130 67
34 1 41 42 130 67
35 1 41 42 130 67
36 1 41 42 130 67
37 1 41 42 130 67
38 1 41 42 130 67
39 1 41 38 116 60
40 1 41 38 116 60
41 1 41 38 116 60
42 1 41 38 116 60
43 1 41 38 116 60
44 1 41 38 116 60
45 1 41 38 116 60
46 1 41 38 116 60
47 1 41 38 116 60
48 1 41 38 116 60
49 1 41 38 116 60
50 1 41 38 116 60
51 1 41 38 116 60
52 1 41 38 116 60
53 1 41 38 116 60
54 1 41 38 116 60
55 1 41 42 130 67
56 1 41 42 130 67
57 1 41 42 130 67
58 1 41 42 130 67
59 1 41 42 130 67
34 2 41 42 130 67
35 2 41 42 130 67
36 2 41 42 130 67
37 2 41 42 130 67
38 2 41 42 130 67
39 2 41 38 116 60
40 2 41 38 116 60
41 2 41 38 116 60
42 2 41 38 116 60
43 2 41 38 116 60
44 2 41 38 116 60
45 2 41 38 116 60
46 2 41 38 116 60
47 2 41 38 116 60
48 2 41 38 116 60
49 2 41 38 116 60
50 2 41 38 116 60
51 2 41 38 116 60
52 2 41 38 116 60
53 2 41 38 116 60
54 2 41 38 116 60
55 2 41 42 130 67
56 2 41 42 130 67
57 2 41 42 130 67
58 2 41 42 130 67
59 2 41 42 130 67
34 3 41 42 130 67
35 3 41 42 130 67
36 3 41 42 130 67
37 3 41 42 130 67
38 3 41 42 130 67
39 3 41 38 116 60
40 3 41 38 116 60
41 3 41 38 116 60
42 3 41 38 116 60
43 3 41 38 116 60
44 3 41 38 116 60
45 3 41 38 116 60
46 3 41 38 116 60
47 3 41 38 116 60
48 3 41 38 116 60
49 3 41 38 116 60
50 3 41 38 116 60
51 3 41 38 116 60
52 3 41 38 116 60
53 3 41 38 116 60
54 3 41 38 116 60
55 3 41 42 130 67
56 3 41 42 130 67
57 3 41 42 130 67
58 3 41 42 130 67
59 3 41 42 130 67
34 4 41 42 130 67
35 4 41 42 130 67
36 4 41 42 130 67
37 4 41 42 130 67
38 4 41 42 130 67
39 4 41 38 116 60
40 4 41 38 116 60
41 4 41 38 116 60
42 4 41 38 116 60
43 4 41 38 116 60
44 4 41 38 116 60
45 4 41 38 116 60
46 4 41 38 116 60
47 4 41 38 116 60
48 4 41 38 116 60
49 4 41 38 116 60
50 4 41 38 116 60
51 4 41 38 116 60
52 4 41 38 116 60
53 4 41 38 116 60
54 4 41 38 116 60
39 5 41 38 116 60
40 5 41 38 116 60
41 5 41 38 116 60
42 5 41 38 116 60
43 5 41 38 116 60
44 5 41 38 116 60
45 5 41 38 116 60
46 5 41 38 116 60
47 5 41 38 116 60
48 5 41 38 116 60
49 5 41 38 116 60
50 5 41 38 116 60
51 5 41 38 116 60
52 5 41 38 116 60
53 5 41 38 116 60
54 5 41 38 116 60
39 -8 42 38 116 60
40 -8 42 38 116 60
41 -8 42 38 116 60
42 -8 42 38 116 60
43 -8 42 38 116 60
44 -8 42 38 116 60
45 -8 42 38 116 60
46 -8 42 38 116 60
47 -8 42 38 116 60
48 -8 42 38 116 60
49 -8 42 38 116 60
50 -8 42 38 116 60
51 -8 42 38 116 60
52 -8 42 38 116 60
53 -8 42 38 116 60
54 -8 42 38 116 60
39 -7 42 38 116 60
40 -7 42 38 116 60
41 -7 42 38 116 60
42 -7 42 38 116 60
43 -7 42 38 116 60
44 -7 42 38 116 60
45 -7 42 38 116 60
46 -7 42 38 116 60
47 -7 42 38 116 60
48 -7 42 38 116 60
49 -7 42 38 116 60
50 -7 42 38 116 60
51 -7 42 38 116 60
52 -7 42 38 116 60
53 -7 42 38 116 60
54 -7 42 38 116 60
55 -7 42 42 130 67
56 -7 42 42 130 67
57 -7 42 42 130 67
58 -7 42 42 130 67
59 -7 42 42 130 67
39 -6 42 38 116 60
40 -6 42 38 116 60
41 -6 42 38 116 60
42 -6 42 38 116 60
43 -6 42 38 116 60
44 -6 42 38 116 60
45 -6 42 38 116 60
46 -6 42 38 116 60
47 -6 42 38 116 60
48 -6 42 38 116 60
49 -6 42 38 116 60
50 -6 42 38 116 60
51 -6 42 38 116 60
52 -6 42 38 116 60
53 -6 42 38 116 60
54 -6 42 38 116 60
55 -6 42 42 130 67
56 -6 42 42 130 67
57 -6 42 42 130 67
58 -6 42 42 130 67
59 -6 42 42 130 67
34 -5 42 42 130 67
35 -5 42 42 130 67
36 -5 42 42 130 67
37 -5 42 42 130 67
38 -5 42 42 130 67
39 -5 42 38 116 60
40 -5 42 38 116 60
41 -5 42 38 116 60
42 -5 42 38 116 60
43 -5 42 38 116 60
44 -5 42 38 116 60
45 -5 42 38 116 60
46 -5 42 38 116 60
47 -5 42 38 116 60
48 -5 42 38 116 60
49 -5 42 38 116 60
50 -5 42 38 116 60
51 -5 42 38 116 60
52 -5 42 38 116 60
53 -5 42 38 116 60
54 -5 42 38 116 60
55 -5 42 42 130 67
56 -5 42 42 130 67
57 -5 42 42 130 67
58 -5 42 42 130 67
59 -5 42 42 130 67
34 -4 42 42 130 67
35 -4 42 42 130 67
36 -4 42 42 130 67
37 -4 42 42 130 67
38 -4 42 42 130 67
39 -4 42 38 116 60
40 -4 42 38 116 60
41 -4 42 38 116 60
42 -4 42 38 116 60
43 -4 42 38 116 60
44 -4 42 38 116 60
45 -4 42 38 116 60
46 -4 42 38 116 60
47 -4 42 38 116 60
48 -4 42 38 116 60
49 -4 42 38 116 60
50 -4 42 38 116 60
51 -4 42 38 116 60
52 -4 42 38 116 60
53 -4 42 38 116 60
54 -4 42 38 116 60
55 -4 42 42 130 67
56 -4 42 42 130 67
57 -4 42 42 130 67
58 -4 42 42 130 67
59 -4 42 42 130 67
34 -3 42 42 130 67
35 -3 42 42 130 67
36 -3 42 42 130 67
37 -3 42 42 130 67
38 -3 42 42 130 67
39 -3 42 38 116 60
40 -3 42 38 116 60
41 -3 42 38 116 60
42 -3 42 38 116 60
43 -3 42 38 116 60
44 -3 42 38 116 60
45 -3 42 38 116 60
46 -3 42 38 116 60
47 -3 42 38 116 60
48 -3 42 38 116 60
49 -3 42 38 116 60
50 -3 42 38 116 60
51 -3 42 38 116 60
52 -3 42 38 116 60
53 -3 42 38 116 60
54 -3 42 38 116 60
55 -3 42 42 130 67
56 -3 42 42 130 67
57 -3 42 42 130 67
58 -3 42 42 130 67
59 -3 42 42 130 67
34 -2 42 42 130 67
35 -2 42 42 130 67
36 -2 42 42 130 67
37 -2 42 42 130 67
38 -2 42 42 130 67
39 -2 42 38 116 60
40 -2 42 38 116 60
41 -2 42 38 116 60
42 -2 42 38 116 60
43 -2 42 38 116 60
44 -2 42 38 116 60
45 -2 42 38 116 60
46 -2 42 38 116 60
47 -2 42 38 116 60
48 -2 42 38 116 60
49 -2 42 38 116 60
50 -2 42 38 116 60
51 -2 42 38 116 60
52 -2 42 38 116 60
53 -2 42 38 116 60
54 -2 42 38 116 60
55 -2 42 42 130 67
56 -2 42 42 130 67
57 -2 42 42 130 67
58 -2 42 42 130 67
59 -2 42 42 130 67
34 -1 42 42 130 67
35 -1 42 42 130 67
36 -1 42 42 130 67
37 -1 42 42 130 67
38 -1 42 42 130 67
39 -1 42 38 116 60
40 -1 42 38 116 60
41 -1 42 38 116 60
42 -1 42 38 116 60
43 -1 42 38 116 60
44 -1 42 38 116 60
45 -1 42 38 116 60
46 -1 42 38 116 60
47 -1 42 38 116 60
48 -1 42 38 116 60
49 -1 42 38 116 60
50 -1 42 38 116 60
51 -1 42 38 116 60
52 -1 42 38 116 60
53 -1 42 38 116 60
54 -1 42 38 116 60
55 -1 42 42 130 67
56 -1 42 42 130 67
57 -1 42 42 130 67
58 -1 42 42 130 67
59 -1 42 42 130 67
34 0 42 42 130 67
35 0 42 42 130 67
36 0 42 42 130 67
37 0 42 42 130 67
38 0 42 42 130 67
39 0 42 38 116 60
40 0 42 38 116 60
41 0 42 38 116 60
42 0 42 38 116 60
43 0 42 38 116 60
44 0 42 38 116 60
45 0 42 38 116 60
46 0 42 38 116 60
47 0 42 38 116 60
48 0 42 38 116 60
49 0 42 38 116 60
50 0 42 38 116 60
51 0 42 38 116 60
52 0 42 38 116 60
53 0 42 38 116 60
54 0 42 38 116 60
55 0 42 42 130 67
56 0 42 42 130 67
57 0 42 42 130 67
58 0 42 42 130 67
59 0 42 42 130 67
34 1 42 42 130 67
35 1 42 42 130 67
36 1 42 42 130 67
37 1 42 42 130 67
38 1 42 42 130 67
39 1 42 38 116 60
40 1 42 38 116 60
41 1 42 38 116 60
42 1 42 38 116 60
43 1 42 38 116 60
44 1 42 38 116 60
45 1 42 38 116 60
46 1 42 38 116 60
47 1 42 38 116 60
48 1 42 38 116 60
49 1 42 38 116 60
50 1 42 38 116 60
51 1 42 38 116 60
52 1 42 38 116 60
53 1 42 38 116 60
54 1 42 38 116 60
55 1 42 42 130 67
56 1 42 42 130 67
57 1 42 42 130 67
58 1 42 42 130 67
59 1 42 42 130 67
34 2 42 42 130 67
35 2 42 42 130 67
36 2 42 42 130 67
37 2 42 42 130 67
38 2 42 42 130 67
39 2 42 38 116 60
40 2 42 38 116 60
41 2 42 38 116 60
42 2 42 38 116 60
43 2 42 38 116 60
44 2 42 38 116 60
45 2 42 38 116 60
46 2 42 38 116 60
47 2 42 38 116 60
48 2 42 38 116 60
49 2 42 38 116 60
50 2 42 38 116 60
51 2 42 38 116 60
52 2 42 38 116 60
53 2 42 38 116 60
54 2 42 38 116 60
55 2 42 42 130 67
56 2 42 42 130 67
57 2 42 42 130 67
58 2 42 42 130 67
59 2 42 42 130 67
34 3 42 42 130 67
35 3 42 42 130 67
36 3 42 42 130 67
37 3 42 42 130 67
38 3 42 42 130 67
39 3 42 38 116 60
40 3 42 38 116 60
41 3 42 38 116 60
42 3 42 38 116 60
43 3 42 38 116 60
44 3 42 38 116 60
45 3 42 38 116 60
46 3 42 38 116 60
47 3 42 38 116 60
48 3 42 38 116 60
49 3 42 38 116 60
50 3 42 38 116 60
51 3 42 38 116 60
52 3 42 38 116 60
53 3 42 38 116 60
54 3 42 38 116 60
55 3 42 42 130 67
56 3 42 42 130 67
57 3 42 42 130 67
58 3 42 42 130 67
59 3 42 42 130 67
34 4 42 42 130 67
35 4 42 42 130 67
36 4 42 42 130 67
37 4 42 42 130 67
38 4 42 42 130 67
39 4 42 38 116 60
40 4 42 38 116 60
41 4 42 38 116 60
42 4 42 38 116 60
43 4 42 38 116 60
44 4 42 38 116 60
45 4 42 38 116 60
46 4 42 38 116 60
47 4 42 38 116 60
48 4 42 38 116 60
49 4 42 38 116 60
50 4 42 38 116 60
51 4 42 38 116 60
52 4 42 38 116 60
53 4 42 38 116 60
54 4 42 38 116 60
39 5 42 38 116 60
40 5 42 38 116 60
41 5 42 38 116 60
42 5 42 38 116 60
43 5 42 38 116 60
44 5 42 38 116 60
45 5 42 38 116 60
46 5 42 38 116 60
47 5 42 38 116 60
48 5 42 38 116 60
49 5 42 38 116 60
50 5 42 38 116 60
51 5 42 38 116 60
52 5 42 38 116 60
53 5 42 38 116 60
54 5 42 38 116 60
39 -8 43 42 130 67
40 -8 43 42 130 67
41 -8 43 42 130 67
42 -8 43 42 130 67
43 -8 43 42 130 67
44 -8 43 42 130 67
45 -8 43 42 130 67
46 -8 43 42 130 67
47 -8 43 42 130 67
48 -8 43 42 130 67
49 -8 43 42 130 67
50 -8 43 42 130 67
51 -8 43 42 130 67
52 -8 43 42 130 67
53 -8 43 42 130 67
54 -8 43 42 130 67
39 -7 43 42 130 67
40 -7 43 42 130 67
41 -7 43 42 130 67
42 -7 43 42 130 67
43 -7 43 42 130 67
44 -7 43 42 130 67
45 -7 43 42 130 67
46 -7 43 42 130 67
47 -7 43 42 130 67
48 -7 43 42 130 67
49 -7 43 42 130 67
50 -7 43 42 130 67
51 -7 43 42 130 67
52 -7 43 42 130 67
53 -7 43 42 130 67
54 -7 43 42 130 67
55 -7 43 38 116 60
56 -7 43 38 116 60
57 -7 43 38 116 60
58 -7 43 38 116 60
59 -7 43 38 116 60
39 -6 43 42 130 67
40 -6 43 42 130 67
41 -6 43 42 130 67
42 -6 43 42 130 67
43 -6 43 42 130 67
44 -6 43 42 130 67
45 -6 43 42 130 67
46 -6 43 42 130 67
47 -6 43 42 130 67
48 -6 43 42 130 67
49 -6 43 42 130 67
50 -6 43 42 130 67
51 -6 43 42 130 67
52 -6 43 42 130 67
53 -6 43 42 130 67
54 -6 43 42 130 67
55 -6 43 42 130 67
56 -6 43 42 130 67
57 -6 43 42 130 67
58 -6 43 42 130 67
59 -6 43 38 116 60
39 -5 43 42 130 67
40 -5 43 42 130 67
41 -5 43 42 130 67
42 -5 43 42 130 67
43 -5 43 42 130 67
44 -5 43 42 130 67
45 -5 43 42 130 67
46 -5 43 42 130 67
47 -5 43 42 130 67
48 -5 43 42 130 67
49 -5 43 42 130 67
50 -5 43 42 130 67
51 -5 43 42 130 67
52 -5 43 42 130 67
53 -5 43 42 130 67
54 -5 43 42 130 67
55 -5 43 42 130 67
56 -5 43 42 130 67
57 -5 43 42 130 67
58 -5 43 42 130 67
59 -5 43 38 116 60
39 -4 43 42 130 67
40 -4 43 42 130 67
41 -4 43 42 130 67
42 -4 43 42 130 67
43 -4 43 42 130 67
44 -4 43 42 130 67
45 -4 43 42 130 67
46 -4 43 42 130 67
47 -4 43 42 130 67
48 -4 43 42 130 67
49 -4 43 42 130 67
50 -4 43 42 130 67
51 -4 43 42 130 67
52 -4 43 42 130 67
53 -4 43 42 130 67
54 -4 43 42 130 67
55 -4 43 42 130 67
56 -4 43 42 130 67
57 -4 43 42 130 67
58 -4 43 42 130 67
59 -4 43 38 116 60
39 -3 43 42 130 67
40 -3 43 42 130 67
41 -3 43 42 130 67
42 -3 43 42 130 67
43 -3 43 42 130 67
44 -3 43 42 130 67
45 -3 43 42 130 67
46 -3 43 42 130 67
47 -3 43 42 130 67
48 -3 43 42 130 67
49 -3 43 42 130 67
50 -3 43 42 130 67
51 -3 43 42 130 67
52 -3 43 42 130 67
53 -3 43 42 130 67
54 -3 43 42 130 67
55 -3 43 42 130 67
56 -3 43 42 130 67
57 -3 43 42 130 67
58 -3 43 42 130 67
59 -3 43 38 116 60
39 -2 43 42 130 67
40 -2 43 42 130 67
41 -2 43 42 130 67
42 -2 43 42 130 67
43 -2 43 42 130 67
44 -2 43 42 130 67
45 -2 43 42 130 67
46 -2 43 42 130 67
47 -2 43 42 130 67
48 -2 43 42 130 67
49 -2 43 42 130 67
50 -2 43 42 130 67
51 -2 43 42 130 67
52 -2 43 42 130 67
53 -2 43 42 130 67
54 -2 43 42 130 67
55 -2 43 42 130 67
56 -2 43 42 130 67
57 -2 43 42 130 67
58 -2 43 42 130 67
59 -2 43 38 116 60
39 -1 43 42 130 67
40 -1 43 42 130 67
41 -1 43 42 130 67
42 -1 43 42 130 67
43 -1 43 42 130 67
44 -1 43 42 130 67
45 -1 43 42 130 67
46 -1 43 42 130 67
47 -1 43 42 130 67
48 -1 43 42 130 67
49 -1 43 42 130 67
50 -1 43 42 130 67
51 -1 43 42 130 67
52 -1 43 42 130 67
53 -1 43 42 130 67
54 -1 43 42 130 67
55 -1 43 42 130 67
56 -1 43 42 130 67
57 -1 43 42 130 67
58 -1 43 42 130 67
59 -1 43 38 116 60
39 0 43 42 130 67
40 0 43 42 130 67
41 0 43 42 130 67
42 0 43 42 130 67
43 0 43 42 130 67
44 0 43 42 130 67
45 0 43 42 130 67
46 0 43 42 130 67
47 0 43 42 130 67
48 0 43 42 130 67
49 0 43 42 130 67
50 0 43 42 130 67
51 0 43 42 130 67
52 0 43 42 130 67
53 0 43 42 130 67
54 0 43 42 130 67
55 0 43 42 130 67
56 0 43 42 130 67
57 0 43 42 130 67
58 0 43 42 130 67
59 0 43 38 116 60
39 1 43 42 130 67
40 1 43 42 130 67
41 1 43 42 130 67
42 1 43 42 130 67
43 1 43 42 130 67
44 1 43 42 130 67
45 1 43 42 130 67
46 1 43 42 130 67
47 1 43 42 130 67
48 1 43 42 130 67
49 1 43 42 130 67
50 1 43 42 130 67
51 1 43 42 130 67
52 1 43 42 130 67
53 1 43 42 130 67
54 1 43 42 130 67
55 1 43 42 130 67
56 1 43 42 130 67
57 1 43 42 130 67
58 1 43 42 130 67
59 1 43 38 116 60
39 2 43 42 130 67
40 2 43 42 130 67
41 2 43 42 130 67
42 2 43 42 130 67
43 2 43 42 130 67
44 2 43 42 130 67
45 2 43 42 130 67
46 2 43 42 130 67
47 2 43 42 130 67
48 2 43 42 130 67
49 2 43 42 130 67
50 2 43 42 130 67
51 2 43 42 130 67
52 2 43 42 130 67
53 2 43 42 130 67
54 2 43 42 130 67
55 2 43 42 130 67
56 2 43 42 130 67
57 2 43 42 130 67
58 2 43 42 130 67
59 2 43 38 116 60
39 3 43 42 130 67
40 3 43 42 130 67
41 3 43 42 130 67
42 3 43 42 130 67
43 3 43 42 130 67
44 3 43 42 130 67
45 3 43 42 130 67
46 3 43 42 130 67
47 3 43 42 130 67
48 3 43 42 130 67
49 3 43 42 130 67
50 3 43 42 130 67
51 3 43 42 130 67
52 3 43 42 130 67
53 3 43 42 130 67
54 3 43 42 130 67
55 3 43 38 116 60
56 3 43 38 116 60
57 3 43 38 116 60
58 3 43 38 116 60
59 3 43 38 116 60
39 4 43 42 130 67
40 4 43 42 130 67
41 4 43 42 130 67
42 4 43 42 130 67
43 4 43 42 130 67
44 4 43 42 130 67
45 4 43 42 130 67
46 4 43 42 130 67
47 4 43 42 130 67
48 4 43 42 130 67
49 4 43 42 130 67
50 4 43 42 130 67
51 4 43 42 130 67
52 4 43 42 130 67
53 4 43 42 130 67
54 4 43 42 130 67
39 5 43 42 130 67
40 5 43 42 130 67
41 5 43 42 130 67
42 5 43 42 130 67
43 5 43 42 130 67
44 5 43 42 130 67
45 5 43 42 130 67
46 5 43 42 130 67
47 5 43 42 130 67
48 5 43 42 130 67
49 5 43 42 130 67
50 5 43 42 130 67
51 5 43 42 130 67
52 5 43 42 130 67
53 5 43 42 130 67
54 5 43 42 130 67
39 -8 44 42 130 67
40 -8 44 42 130 67
41 -8 44 42 130 67
42 -8 44 42 130 67
43 -8 44 42 130 67
44 -8 44 42 130 67
45 -8 44 42 130 67
46 -8 44 42 130 67
47 -8 44 42 130 67
48 -8 44 42 130 67
49 -8 44 42 130 67
50 -8 44 42 130 67
51 -8 44 42 130 67
52 -8 44 42 130 67
53 -8 44 42 130 67
54 -8 44 42 130 67
39 -7 44 42 130 67
40 -7 44 42 130 67
41 -7 44 42 130 67
42 -7 44 42 130 67
43 -7 44 42 130 67
44 -7 44 42 130 67
45 -7 44 42 130 67
46 -7 44 42 130 67
47 -7 44 42 130 67
48 -7 44 42 130 67
49 -7 44 42 130 67
50 -7 44 42 130 67
51 -7 44 42 130 67
52 -7 44 42 130 67
53 -7 44 42 130 67
54 -7 44 42 130 67
55 -7 44 38 116 60
56 -7 44 38 116 60
57 -7 44 38 116 60
58 -7 44 38 116 60
59 -7 44 38 116 60
39 -6 44 42 130 67
40 -6 44 42 130 67
41 -6 44 42 130 67
42 -6 44 42 130 67
43 -6 44 42 130 67
44 -6 44 42 130 67
45 -6 44 42 130 67
46 -6 44 42 130 67
47 -6 44 42 130 67
48 -6 44 42 130 67
49 -6 44 42 130 67
50 -6 44 42 130 67
51 -6 44 42 130 67
52 -6 44 42 130 67
53 -6 44 42 130 67
54 -6 44 42 130 67
55 -6 44 42 130 67
56 -6 44 42 130 67
57 -6 44 42 130 67
58 -6 44 42 130 67
59 -6 44 38 116 60
39 -5 44 42 130 67
40 -5 44 42 130 67
41 -5 44 42 130 67
42 -5 44 42 130 67
43 -5 44 42 130 67
44 -5 44 42 130 67
45 -5 44 42 130 67
46 -5 44 42 130 67
47 -5 44 42 130 67
48 -5 44 42 130 67
49 -5 44 42 130 67
50 -5 44 42 130 67
51 -5 44 42 130 67
52 -5 44 42 130 67
53 -5 44 42 130 67
54 -5 44 42 130 67
55 -5 44 42 130 67
56 -5 44 42 130 67
57 -5 44 42 130 67
58 -5 44 42 130 67
59 -5 44 38 116 60
39 -4 44 42 130 67
40 -4 44 42 130 67
41 -4 44 42 130 67
42 -4 44 42 130 67
43 -4 44 42 130 67
44 -4 44 42 130 67
45 -4 44 42 130 67
46 -4 44 42 130 67
47 -4 44 42 130 67
48 -4 44 42 130 67
49 -4 44 42 130 67
50 -4 44 42 130 67
51 -4 44 42 130 67
52 -4 44 42 130 67
53 -4 44 42 130 67
54 -4 44 42 130 67
55 -4 44 42 130 67
56 -4 44 42 130 67
57 -4 44 42 130 67
58 -4 44 42 130 67
59 -4 44 38 116 60
39 -3 44 42 130 67
40 -3 44 42 130 67
41 -3 44 42 130 67
42 -3 44 42 130 67
43 -3 44 42 130 67
44 -3 44 42 130 67
45 -3 44 42 130 67
46 -3 44 42 130 67
47 -3 44 42 130 67
48 -3 44 42 130 67
49 -3 44 42 130 67
50 -3 44 42 130 67
51 -3 44 42 130 67
52 -3 44 42 130 67
53 -3 44 42 130 67
54 -3 44 42 130 67
55 -3 44 42 130 67
56 -3 44 42 130 67
57 -3 44 42 130 67
58 -3 44 42 130 67
59 -3 44 38 116 60
39 -2 44 42 130 67
40 -2 44 42 130 67
41 -2 44 42 130 67
42 -2 44 42 130 67
43 -2 44 42 130 67
44 -2 44 42 130 67
45 -2 44 42 130 67
46 -2 44 42 130 67
47 -2 44 42 130 67
48 -2 44 42 130 67
49 -2 44 42 130 67
50 -2 44 42 130 67
51 -2 44 42 130 67
52 -2 44 42 130 67
53 -2 44 42 130 67
54 -2 44 42 130 67
55 -2 44 42 130 67
56 -2 44 42 130 67
57 -2 44 42 130 67
58 -2 44 42 130 67
59 -2 44 38 116 60
39 -1 44 42 130 67
40 -1 44 42 130 67
41 -1 44 42 130 67
42 -1 44 42 130 67
43 -1 44 42 130 67
44 -1 44 42 130 67
45 -1 44 42 130 67
46 -1 44 42 130 67
47 -1 44 42 130 67
48 -1 44 42 130 67
49 -1 44 42 130 67
50 -1 44 42 130 67
51 -1 44 42 130 67
52 -1 44 42 130 67
53 -1 44 42 130 67
54 -1 44 42 130 67
55 -1 44 42 130 67
56 -1 44 42 130 67
57 -1 44 42 130 67
58 -1 44 42 130 67
59 -1 44 38 116 60
39 0 44 42 130 67
40 0 44 42 130 67
41 0 44 42 130 67
42 0 44 42 130 67
43 0 44 42 130 67
44 0 44 42 130 67
45 0 44 42 130 67
46 0 44 42 130 67
47 0 44 42 130 67
48 0 44 42 130 67
49 0 44 42 130 67
50 0 44 42 130 67
51 0 44 42 130 67
52 0 44 42 130 67
53 0 44 42 130 67
54 0 44 42 130 67
55 0 44 42 130 67
56 0 44 42 130 67
57 0 44 42 130 67
58 0 44 42 130 67
59 0 44 38 116 60
39 1 44 42 130 67
40 1 44 42 130 67
41 1 44 42 130 67
42 1 44 42 130 67
43 1 44 42 130 67
44 1 44 42 130 67
45 1 44 42 130 67
46 1 44 42 130 67
47 1 44 42 130 67
48 1 44 42 130 67
49 1 44 42 130 67
50 1 44 42 130 67
51 1 44 42 130 67
52 1 44 42 130 67
53 1 44 42 130 67
54 1 44 42 130 67
55 1 44 42 130 67
56 1 44 42 130 67
57 1 44 42 130 67
58 1 44 42 130 67
59 1 44 38 116 60
39 2 44 42 130 67
40 2 44 42 130 67
41 2 44 42 130 67
42 2 44 42 130 67
43 2 44 42 130 67
44 2 44 42 130 67
45 2 44 42 130 67
46 2 44 42 130 67
47 2 44 42 130 67
48 2 44 42 130 67
49 2 44 42 130 67
50 2 44 42 130 67
51 2 44 42 130 67
52 2 44 42 130 67
53 2 44 42 130 67
54 2 44 42 130 67
55 2 44 42 130 67
56 2 44 42 130 67
57 2 44 42 130 67
58 2 44 42 130 67
59 2 44 38 116 60
39 3 44 42 130 67
40 3 44 42 130 67
41 3 44 42 130 67
42 3 44 42 130 67
43 3 44 42 130 67
44 3 44 42 130 67
45 3 44 42 130 67
46 3 44 42 130 67
47 3 44 42 130 67
48 3 44 42 130 67
49 3 44 42 130 67
50 3 44 42 130 67
51 3 44 42 130 67
52 3 44 42 130 67
53 3 44 42 130 67
54 3 44 42 130 67
55 3 44 38 116 60
56 3 44 38 116 60
57 3 44 38 116 60
58 3 44 38 116 60
59 3 44 38 116 60
39 4 44 42 130 67
40 4 44 42 130 67
41 4 44 42 130 67
42 4 44 42 130 67
43 4 44 42 130 67
44 4 44 42 130 67
45 4 44 42 130 67
46 4 44 42 130 67
47 4 44 42 130 67
48 4 44 42 130 67
49 4 44 42 130 67
50 4 44 42 130 67
51 4 44 42 130 67
52 4 44 42 130 67
53 4 44 42 130 67
54 4 44 42 130 67
39 5 44 42 130 67
40 5 44 42 130 67
41 5 44 42 130 67
42 5 44 42 130 67
43 5 44 42 130 67
44 5 44 42 130 67
45 5 44 42 130 67
46 5 44 42 130 67
47 5 44 42 130 67
48 5 44 42 130 67
49 5 44 42 130 67
50 5 44 42 130 67
51 5 44 42 130 67
52 5 44 42 130 67
53 5 44 42 130 67
54 5 44 42 130 67
39 -8 45 38 116 60
40 -8 45 38 116 60
41 -8 45 38 116 60
42 -8 45 38 116 60
43 -8 45 38 116 60
44 -8 45 38 116 60
45 -8 45 38 116 60
46 -8 45 38 116 60
47 -8 45 38 116 60
48 -8 45 38 116 60
49 -8 45 38 116 60
50 -8 45 38 116 60
51 -8 45 38 116 60
52 -8 45 38 116 60
53 -8 45 38 116 60
54 -8 45 38 116 60
39 -7 45 38 116 60
40 -7 45 38 116 60
41 -7 45 38 116 60
42 -7 45 38 116 60
43 -7 45 38 116 60
44 -7 45 38 116 60
45 -7 45 38 116 60
46 -7 45 38 116 60
47 -7 45 38 116 60
48 -7 45 38 116 60
49 -7 45 38 116 60
50 -7 45 42 130 67
51 -7 45 42 130 67
52 -7 45 42 130 67
53 -7 45 42 130 67
54 -7 45 42 130 67
55 -7 45 42 130 67
56 -7 45 42 130 67
57 -7 45 42 130 67
58 -7 45 42 130 67
59 -7 45 42 130 67
39 -6 45 38 116 60
40 -6 45 38 116 60
41 -6 45 38 116 60
42 -6 45 38 116 60
43 -6 45 38 116 60
44 -6 45 38 116 60
45 -6 45 38 116 60
46 -6 45 38 116 60
47 -6 45 38 116 60
48 -6 45 38 116 60
49 -6 45 38 116 60
50 -6 45 42 130 67
51 -6 45 42 130 67
52 -6 45 42 130 67
53 -6 45 42 130 67
54 -6 45 42 130 67
55 -6 45 42 130 67
56 -6 45 42 130 67
57 -6 45 42 130 67
58 -6 45 42 130 67
59 -6 45 42 130 67
39 -5 45 38 116 60
40 -5 45 38 116 60
41 -5 45 38 116 60
42 -5 45 38 116 60
43 -5 45 38 116 60
44 -5 45 38 116 60
45 -5 45 38 116 60
46 -5 45 38 116 60
47 -5 45 38 116 60
48 -5 45 38 116 60
49 -5 45 38 116 60
50 -5 45 42 130 67
51 -5 45 42 130 67
52 -5 45 42 130 67
53 -5 45 42 130 67
54 -5 45 42 130 67
55 -5 45 42 130 67
56 -5 45 42 130 67
57 -5 45 42 130 67
58 -5 45 42 130 67
59 -5 45 42 130 67
39 -4 45 38 116 60
40 -4 45 38 116 60
41 -4 45 38 116 60
42 -4 45 38 116 60
43 -4 45 38 116 60
44 -4 45 38 116 60
45 -4 45 38 116 60
46 -4 45 38 116 60
47 -4 45 38 116 60
48 -4 45 38 116 60
49 -4 45 38 116 60
50 -4 45 42 130 67
51 -4 45 42 130 67
52 -4 45 42 130 67
53 -4 45 42 130 67
54 -4 45 42 130 67
55 -4 45 42 130 67
56 -4 45 42 130 67
57 -4 45 42 130 67
58 -4 45 42 130 67
59 -4 45 42 130 67
39 -3 45 38 116 60
40 -3 45 38 116 60
41 -3 45 38 116 60
42 -3 45 38 116 60
43 -3 45 38 116 60
44 -3 45 38 116 60
45 -3 45 38 116 60
46 -3 45 38 116 60
47 -3 45 38 116 60
48 -3 45 38 116 60
49 -3 45 38 116 60
50 -3 45 42 130 67
51 -3 45 42 130 67
52 -3 45 42 130 67
53 -3 45 42 130 67
54 -3 45 42 130 67
55 -3 45 42 130 67
56 -3 45 42 130 67
57 -3 45 42 130 67
58 -3 45 42 130 67
59 -3 45 42 130 67
39 -2 45 38 116 60
40 -2 45 38 116 60
41 -2 45 38 116 60
42 -2 45 38 116 60
43 -2 45 38 116 60
44 -2 45 38 116 60
45 -2 45 38 116 60
46 -2 45 38 116 60
47 -2 45 38 116 60
48 -2 45 38 116 60
49 -2 45 38 116 60
50 -2 45 42 130 67
51 -2 45 42 130 67
52 -2 45 42 130 67
53 -2 45 42 130 67
54 -2 45 42 130 67
55 -2 45 42 130 67
56 -2 45 42 130 67
57 -2 45 42 130 67
58 -2 45 42 130 67
59 -2 45 42 130 67
39 -1 45 38 116 60
40 -1 45 38 116 60
41 -1 45 38 116 60
42 -1 45 38 116 60
43 -1 45 38 116 60
44 -1 45 38 116 60
45 -1 45 38 116 60
46 -1 45 38 116 60
47 -1 45 38 116 60
48 -1 45 38 116 60
49 -1 45 38 116 60
50 -1 45 42 130 67
51 -1 45 42 130 67
52 -1 45 42 130 67
53 -1 45 42 130 67
54 -1 45 42 130 67
55 -1 45 42 130 67
56 -1 45 42 130 67
57 -1 45 42 130 67
58 -1 45 42 130 67
59 -1 45 42 130 67
39 0 45 38 116 60
40 0 45 38 116 60
41 0 45 38 116 60
42 0 45 38 116 60
43 0 45 38 116 60
44 0 45 38 116 60
45 0 45 38 116 60
46 0 45 38 116 60
47 0 45 38 116 60
48 0 45 38 116 60
49 0 45 38 116 60
50 0 45 42 130 67
51 0 45 42 130 67
52 0 45 42 130 67
53 0 45 42 130 67
54 0 45 42 130 67
55 0 45 42 130 67
56 0 45 42 130 67
57 0 45 42 130 67
58 0 45 42 130 67
59 0 45 42 130 67
39 1 45 38 116 60
40 1 45 38 116 60
41 1 45 38 116 60
42 1 45 38 116 60
43 1 45 38 116 60
44 1 45 38 116 60
45 1 45 38 116 60
46 1 45 38 116 60
47 1 45 38 116 60
48 1 45 38 116 60
49 1 45 38 116 60
50 1 45 42 130 67
51 1 45 42 130 67
52 1 45 42 130 67
53 1 45 42 130 67
54 1 45 42 130 67
55 1 45 42 130 67
56 1 45 42 130 67
57 1 45 42 130 67
58 1 45 42 130 67
59 1 45 42 130 67
39 2 45 38 116 60
40 2 45 38 116 60
41 2 45 38 116 60
42 2 45 38 116 60
43 2 45 38 116 60
44 2 45 38 116 60
45 2 45 38 116 60
46 2 45 38 116 60
47 2 45 38 116 60
48 2 45 38 116 60
49 2 45 38 116 60
50 2 45 42 130 67
51 2 45 42 130 67
52 2 45 42 130 67
53 2 45 42 130 67
54 2 45 42 130 67
55 2 45 42 130 67
56 2 45 42 130 67
57 2 45 42 130 67
58 2 45 42 130 67
59 2 45 42 130 67
39 3 45 38 116 60
40 3 45 38 116 60
41 3 45 38 116 60
42 3 45 38 116 60
43 3 45 38 116 60
44 3 45 38 116 60
45 3 45 38 116 60
46 3 45 38 116 60
47 3 45 38 116 60
48 3 45 38 116 60
49 3 45 38 116 60
50 3 45 42 130 67
51 3 45 42 130 67
52 3 45 42 130 67
53 3 45 42 130 67
54 3 45 42 130 67
55 3 45 42 130 67
56 3 45 42 130 67
57 3 45 42 130 67
58 3 45 42 130 67
59 3 45 42 130 67
39 4 45 38 116 60
40 4 45 38 116 60
41 4 45 38 116 60
42 4 45 38 116 60
43 4 45 38 116 60
44 4 45 38 116 60
45 4 45 38 116 60
46 4 45 38 116 60
47 4 45 38 116 60
48 4 45 38 116 60
49 4 45 38 116 60
50 4 45 38 116 60
51 4 45 38 116 60
52 4 45 38 116 60
53 4 45 38 116 60
54 4 45 38 116 60
39 5 45 38 116 60
40 5 45 38 116 60
41 5 45 38 116 60
42 5 45 38 116 60
43 5 45 38 116 60
44 5 45 38 116 60
45 5 45 38 116 60
46 5 45 38 116 60
47 5 45 38 116 60
48 5 45 38 116 60
49 5 45 38 116 60
50 5 45 38 116 60
51 5 45 38 116 60
52 5 45 38 116 60
53 5 45 38 116 60
54 5 45 38 116 60
50 -7 46 42 130 67
51 -7 46 42 130 67
52 -7 46 42 130 67
53 -7 46 42 130 67
54 -7 46 42 130 67
55 -7 46 42 130 67
56 -7 46 42 130 67
57 -7 46 42 130 67
58 -7 46 42 130 67
59 -7 46 42 130 67
50 -6 46 42 130 67
51 -6 46 42 130 67
52 -6 46 42 130 67
53 -6 46 42 130 67
54 -6 46 42 130 67
55 -6 46 42 130 67
56 -6 46 42 130 67
57 -6 46 42 130 67
58 -6 46 42 130 67
59 -6 46 42 130 67
50 -5 46 42 130 67
51 -5 46 42 130 67
52 -5 46 42 130 67
53 -5 46 42 130 67
54 -5 46 42 130 67
55 -5 46 42 130 67
56 -5 46 42 130 67
57 -5 46 42 130 67
58 -5 46 42 130 67
59 -5 46 42 130 67
50 -4 46 42 130 67
51 -4 46 42 130 67
52 -4 46 42 130 67
53 -4 46 42 130 67
54 -4 46 42 130 67
55 -4 46 42 130 67
56 -4 46 42 130 67
57 -4 46 42 130 67
58 -4 46 42 130 67
59 -4 46 42 130 67
50 -3 46 42 130 67
51 -3 46 42 130 67
52 -3 46 42 130 67
53 -3 46 42 130 67
54 -3 46 42 130 67
55 -3 46 42 130 67
56 -3 46 42 130 67
57 -3 46 42 130 67
58 -3 46 42 130 67
59 -3 46 42 130 67
50 -2 46 42 130 67
51 -2 46 42 130 67
52 -2 46 42 130 67
53 -2 46 42 130 67
54 -2 46 42 130 67
55 -2 46 42 130 67
56 -2 46 42 130 67
57 -2 46 42 130 67
58 -2 46 42 130 67
59 -2 46 42 130 67
50 -1 46 42 130 67
51 -1 46 42 130 67
52 -1 46 42 130 67
53 -1 46 42 130 67
54 -1 46 42 130 67
55 -1 46 42 130 67
56 -1 46 42 130 67
57 -1 46 42 130 67
58 -1 46 42 130 67
59 -1 46 42 130 67
50 0 46 42 130 67
51 0 46 42 130 67
52 0 46 42 130 67
53 0 46 42 130 67
54 0 46 42 130 67
55 0 46 42 130 67
56 0 46 42 130 67
57 0 46 42 130 67
58 0 46 42 130 67
59 0 46 42 130 67
50 1 46 42 130 67
51 1 46 42 130 67
52 1 46 42 130 67
53 1 46 42 130 67
54 1 46 42 130 67
55 1 46 42 130 67
56 1 46 42 130 67
57 1 46 42 130 67
58 1 46 42 130 67
59 1 46 42 130 67
50 2 46 42 130 67
51 2 46 42 130 67
52 2 46 42 130 67
53 2 46 42 130 67
54 2 46 42 130 67
55 2 46 42 130 67
56 2 46 42 130 67
57 2 46 42 130 67
58 2 46 42 130 67
59 2 46 42 130 67
50 3 46 42 130 67
51 3 46 42 130 67
52 3 46 42 130 67
53 3 46 42 130 67
54 3 46 42 130 67
55 3 46 42 130 67
56 3 46 42 130 67
57 3 46 42 130 67
58 3 46 42 130 67
59 3 46 42 130 67
